-- --------------------------------------------------------
-- Host:                         127.0.0.1
-- Server version:               10.3.10-MariaDB - mariadb.org binary distribution
-- Server OS:                    Win64
-- HeidiSQL Version:             9.4.0.5125
-- --------------------------------------------------------

/*!40101 SET @OLD_CHARACTER_SET_CLIENT=@@CHARACTER_SET_CLIENT */;
/*!40101 SET NAMES utf8 */;
/*!50503 SET NAMES utf8mb4 */;
/*!40014 SET @OLD_FOREIGN_KEY_CHECKS=@@FOREIGN_KEY_CHECKS, FOREIGN_KEY_CHECKS=0 */;
/*!40101 SET @OLD_SQL_MODE=@@SQL_MODE, SQL_MODE='NO_AUTO_VALUE_ON_ZERO' */;

-- Dumping structure for table soidaoc.account
DROP TABLE IF EXISTS `account`;
CREATE TABLE IF NOT EXISTS `account` (
  `Name` varchar(255) NOT NULL,
  `Password` text NOT NULL,
  `CreationDate` datetime NOT NULL DEFAULT '2000-01-01 00:00:00',
  `LastLogin` datetime DEFAULT NULL,
  `Realm` int(11) DEFAULT NULL,
  `PrivLevel` int(10) unsigned DEFAULT NULL,
  `Status` int(11) DEFAULT NULL,
  `Mail` text DEFAULT NULL,
  `LastLoginIP` varchar(255) DEFAULT NULL,
  `LastClientVersion` text DEFAULT NULL,
  `Language` text DEFAULT NULL,
  `IsMuted` tinyint(1) DEFAULT NULL,
  `LastTimeRowUpdated` datetime NOT NULL DEFAULT '2000-01-01 00:00:00',
  `Account_ID` varchar(255) DEFAULT NULL,
  PRIMARY KEY (`Name`),
  UNIQUE KEY `U_Account_Account_ID` (`Account_ID`),
  KEY `I_Account_LastLoginIP` (`LastLoginIP`)
) ENGINE=InnoDB DEFAULT CHARSET=utf8;

-- Dumping data for table soidaoc.account: ~3 rows (approximately)
DELETE FROM `account`;
/*!40000 ALTER TABLE `account` DISABLE KEYS */;
INSERT INTO `account` (`Name`, `Password`, `CreationDate`, `LastLogin`, `Realm`, `PrivLevel`, `Status`, `Mail`, `LastLoginIP`, `LastClientVersion`, `Language`, `IsMuted`, `LastTimeRowUpdated`, `Account_ID`) VALUES
	('admin', '##88D0F2EE32FC6B42E6CDEAA8871CAC5', '2020-11-24 17:21:02', '2020-11-24 20:16:44', 0, 3, 0, NULL, '127.0.0.1', '1127', 'EN', 0, '2020-11-25 01:16:44', 'admin'),
	('andrewkirk1', '##88D0F2EE32FC6B42E6CDEAA8871CAC5', '2020-11-24 17:25:31', '2020-11-24 19:16:52', 0, 1, 0, NULL, '127.0.0.1', '1127', 'EN', 0, '2020-11-25 00:16:52', 'andrewkirk1'),
	('andrewkirk2', '##88D0F2EE32FC6B42E6CDEAA8871CAC5', '2020-11-24 17:25:52', '2020-11-24 20:25:21', 0, 1, 0, NULL, '127.0.0.1', '1127', 'EN', 0, '2020-11-25 01:25:21', 'andrewkirk2');
/*!40000 ALTER TABLE `account` ENABLE KEYS */;

-- Dumping structure for table soidaoc.characterxdqrewardq
DROP TABLE IF EXISTS `characterxdqrewardq`;
CREATE TABLE IF NOT EXISTS `characterxdqrewardq` (
  `ID` int(11) NOT NULL AUTO_INCREMENT,
  `Character_ID` varchar(100) NOT NULL,
  `DataQuestID` int(11) NOT NULL,
  `Step` smallint(6) NOT NULL,
  `Count` smallint(6) NOT NULL,
  `CustomPropertiesString` text DEFAULT NULL,
  `LastTimeRowUpdated` datetime NOT NULL DEFAULT '2000-01-01 00:00:00',
  PRIMARY KEY (`ID`),
  KEY `I_CharacterXDQRewardQ_Character_ID` (`DataQuestID`,`Character_ID`)
) ENGINE=InnoDB AUTO_INCREMENT=7 DEFAULT CHARSET=utf8;

-- Dumping data for table soidaoc.characterxdqrewardq: ~6 rows (approximately)
DELETE FROM `characterxdqrewardq`;
/*!40000 ALTER TABLE `characterxdqrewardq` DISABLE KEYS */;
INSERT INTO `characterxdqrewardq` (`ID`, `Character_ID`, `DataQuestID`, `Step`, `Count`, `CustomPropertiesString`, `LastTimeRowUpdated`) VALUES
	(1, '4637c4a3-acca-40b1-84c9-22dfaf5f0340', 3, 0, 1, '', '2020-11-24 23:29:32'),
	(2, '642d135a-2b33-4114-8a27-33cea066fdfb', 3, 0, 1, '', '2020-11-24 23:29:57'),
	(3, '642d135a-2b33-4114-8a27-33cea066fdfb', 6, 0, 1, '', '2020-11-24 23:53:54'),
	(4, '4637c4a3-acca-40b1-84c9-22dfaf5f0340', 6, 0, 1, '', '2020-11-24 23:53:34'),
	(5, '1183687b-926b-4462-aef1-1386cb65932a', 1, 1, 0, 'goal1Target=10;goal1Current=0;', '2020-11-25 01:25:28'),
	(6, 'c46ed86b-2a83-4261-bca3-f17ed736b52c', 1, 1, 0, 'goal1Target=10;goal1Current=0;', '2020-11-25 01:30:32');
/*!40000 ALTER TABLE `characterxdqrewardq` ENABLE KEYS */;

-- Dumping structure for table soidaoc.characterxonetimedrop
DROP TABLE IF EXISTS `characterxonetimedrop`;
CREATE TABLE IF NOT EXISTS `characterxonetimedrop` (
  `CharacterID` varchar(100) NOT NULL,
  `ItemTemplateID` varchar(100) NOT NULL,
  `LastTimeRowUpdated` datetime NOT NULL DEFAULT '2000-01-01 00:00:00',
  `CharacterXOneTimeDrop_ID` varchar(255) NOT NULL,
  PRIMARY KEY (`CharacterXOneTimeDrop_ID`),
  KEY `I_CharacterXOneTimeDrop_CharacterID` (`CharacterID`),
  KEY `I_CharacterXOneTimeDrop_ItemTemplateID` (`ItemTemplateID`)
) ENGINE=InnoDB DEFAULT CHARSET=utf8;

-- Dumping data for table soidaoc.characterxonetimedrop: ~0 rows (approximately)
DELETE FROM `characterxonetimedrop`;
/*!40000 ALTER TABLE `characterxonetimedrop` DISABLE KEYS */;
/*!40000 ALTER TABLE `characterxonetimedrop` ENABLE KEYS */;

-- Dumping structure for table soidaoc.classxrealmability
DROP TABLE IF EXISTS `classxrealmability`;
CREATE TABLE IF NOT EXISTS `classxrealmability` (
  `CharClass` int(11) NOT NULL DEFAULT 0,
  `AbilityKey` text NOT NULL,
  `LastTimeRowUpdated` datetime NOT NULL DEFAULT '2000-01-01 00:00:00',
  `ClassXRealmAbility_ID` varchar(255) NOT NULL,
  PRIMARY KEY (`ClassXRealmAbility_ID`)
) ENGINE=InnoDB DEFAULT CHARSET=utf8;

-- Dumping data for table soidaoc.classxrealmability: ~1,265 rows (approximately)
DELETE FROM `classxrealmability`;
/*!40000 ALTER TABLE `classxrealmability` DISABLE KEYS */;
INSERT INTO `classxrealmability` (`CharClass`, `AbilityKey`, `LastTimeRowUpdated`, `ClassXRealmAbility_ID`) VALUES
	(55, 'Fungal Union', '2000-01-01 00:00:00', 'Animist-RR5'),
	(55, 'Augmented Acuity', '2000-01-01 00:00:00', 'Animist1-0-1'),
	(55, 'Augmented Constitution', '2000-01-01 00:00:00', 'Animist1-0-2'),
	(55, 'Augmented Dexterity', '2000-01-01 00:00:00', 'Animist1-0-3'),
	(55, 'Augmented Quickness', '2000-01-01 00:00:00', 'Animist1-0-4'),
	(55, 'Augmented Strength', '2000-01-01 00:00:00', 'Animist1-0-5'),
	(55, 'Ethereal Bond', '2000-01-01 00:00:00', 'Animist1-0-6'),
	(55, 'Lifter', '2000-01-01 00:00:00', 'Animist1-0-7'),
	(55, 'Long Wind', '2000-01-01 00:00:00', 'Animist1-0-8'),
	(55, 'Mastery of Focus', '2000-01-01 00:00:00', 'Animist1-0-9'),
	(55, 'Mastery of Magery', '2000-01-01 00:00:00', 'Animist1-1-1'),
	(55, 'Mastery of Pain', '2000-01-01 00:00:00', 'Animist1-1-2'),
	(55, 'Physical Defense', '2000-01-01 00:00:00', 'Animist1-1-3'),
	(55, 'Serenity', '2000-01-01 00:00:00', 'Animist1-1-4'),
	(55, 'Toughness', '2000-01-01 00:00:00', 'Animist1-1-5'),
	(55, 'Veil Recovery', '2000-01-01 00:00:00', 'Animist1-1-6'),
	(55, 'Wild Power', '2000-01-01 00:00:00', 'Animist1-1-7'),
	(55, 'Adrenaline Rush', '2000-01-01 00:00:00', 'Animist1-1-8'),
	(55, 'Concentration', '2000-01-01 00:00:00', 'Animist1-1-9'),
	(55, 'First Aid', '2000-01-01 00:00:00', 'Animist1-2-1'),
	(55, 'Mastery of Concentration', '2000-01-01 00:00:00', 'Animist1-2-2'),
	(55, 'Mystic Crystal Lore', '2000-01-01 00:00:00', 'Animist1-2-3'),
	(55, 'Negative Maelstrom', '2000-01-01 00:00:00', 'Animist1-2-4'),
	(55, 'Purge', '2000-01-01 00:00:00', 'Animist1-2-5'),
	(55, 'Raging Power', '2000-01-01 00:00:00', 'Animist1-2-6'),
	(55, 'Second Wind', '2000-01-01 00:00:00', 'Animist1-2-7'),
	(55, 'The Empty Mind', '2000-01-01 00:00:00', 'Animist1-2-8'),
	(2, 'Soldier\'s Citadel', '2000-01-01 00:00:00', 'Armsman-RR5'),
	(2, 'Augmented Constitution', '2000-01-01 00:00:00', 'Armsman1-0-1'),
	(2, 'Augmented Dexterity', '2000-01-01 00:00:00', 'Armsman1-0-2'),
	(2, 'Augmented Quickness', '2000-01-01 00:00:00', 'Armsman1-0-3'),
	(2, 'Augmented Strength', '2000-01-01 00:00:00', 'Armsman1-0-4'),
	(2, 'Avoidance of Magic', '2000-01-01 00:00:00', 'Armsman1-0-5'),
	(2, 'Determination', '2000-01-01 00:00:00', 'Armsman1-0-6'),
	(2, 'Lifter', '2000-01-01 00:00:00', 'Armsman1-0-7'),
	(2, 'Long Wind', '2000-01-01 00:00:00', 'Armsman1-0-8'),
	(2, 'Mastery of Blocking', '2000-01-01 00:00:00', 'Armsman1-0-9'),
	(2, 'Mastery of Pain', '2000-01-01 00:00:00', 'Armsman1-1-1'),
	(2, 'Mastery of Parrying', '2000-01-01 00:00:00', 'Armsman1-1-2'),
	(2, 'Toughness', '2000-01-01 00:00:00', 'Armsman1-1-3'),
	(2, 'Veil Recovery', '2000-01-01 00:00:00', 'Armsman1-1-4'),
	(2, 'Dashing Defense', '2000-01-01 00:00:00', 'Armsman1-1-5'),
	(2, 'First Aid', '2000-01-01 00:00:00', 'Armsman1-1-6'),
	(2, 'Ignore Pain', '2000-01-01 00:00:00', 'Armsman1-1-7'),
	(2, 'Purge', '2000-01-01 00:00:00', 'Armsman1-1-8'),
	(2, 'Second Wind', '2000-01-01 00:00:00', 'Armsman1-1-9'),
	(2, 'Soldiers Barricade', '2000-01-01 00:00:00', 'Armsman1-2-1'),
	(2, 'The Empty Mind', '2000-01-01 00:00:00', 'Armsman1-2-2'),
	(39, 'Sonic Barrier', '2000-01-01 00:00:00', 'Bainshee-RR5'),
	(39, 'Augmented Acuity', '2000-01-01 00:00:00', 'Bainshee1-0-1'),
	(39, 'Augmented Constitution', '2000-01-01 00:00:00', 'Bainshee1-0-2'),
	(39, 'Augmented Dexterity', '2000-01-01 00:00:00', 'Bainshee1-0-3'),
	(39, 'Augmented Quickness', '2000-01-01 00:00:00', 'Bainshee1-0-4'),
	(39, 'Augmented Strength', '2000-01-01 00:00:00', 'Bainshee1-0-5'),
	(39, 'Ethereal Bond', '2000-01-01 00:00:00', 'Bainshee1-0-6'),
	(39, 'Lifter', '2000-01-01 00:00:00', 'Bainshee1-0-7'),
	(39, 'Long Wind', '2000-01-01 00:00:00', 'Bainshee1-0-8'),
	(39, 'Mastery of Focus', '2000-01-01 00:00:00', 'Bainshee1-0-9'),
	(39, 'Mastery of Magery', '2000-01-01 00:00:00', 'Bainshee1-1-1'),
	(39, 'Physical Defense', '2000-01-01 00:00:00', 'Bainshee1-1-2'),
	(39, 'Serenity', '2000-01-01 00:00:00', 'Bainshee1-1-3'),
	(39, 'Toughness', '2000-01-01 00:00:00', 'Bainshee1-1-4'),
	(39, 'Veil Recovery', '2000-01-01 00:00:00', 'Bainshee1-1-5'),
	(39, 'Wild Power', '2000-01-01 00:00:00', 'Bainshee1-1-6'),
	(39, 'Adrenaline Rush', '2000-01-01 00:00:00', 'Bainshee1-1-7'),
	(39, 'Bedazzling Aura', '2000-01-01 00:00:00', 'Bainshee1-1-8'),
	(39, 'Concentration', '2000-01-01 00:00:00', 'Bainshee1-1-9'),
	(39, 'First Aid', '2000-01-01 00:00:00', 'Bainshee1-2-1'),
	(39, 'Mastery of Concentration', '2000-01-01 00:00:00', 'Bainshee1-2-2'),
	(39, 'Mystic Crystal Lore', '2000-01-01 00:00:00', 'Bainshee1-2-3'),
	(39, 'Purge', '2000-01-01 00:00:00', 'Bainshee1-2-4'),
	(39, 'Raging Power', '2000-01-01 00:00:00', 'Bainshee1-2-5'),
	(39, 'Second Wind', '2000-01-01 00:00:00', 'Bainshee1-2-6'),
	(39, 'Strike Prediction', '2000-01-01 00:00:00', 'Bainshee1-2-7'),
	(39, 'The Empty Mind', '2000-01-01 00:00:00', 'Bainshee1-2-8'),
	(39, 'Volcanic Pillar', '2000-01-01 00:00:00', 'Bainshee1-2-9'),
	(48, 'Dreamweaver', '2000-01-01 00:00:00', 'Bard-RR5'),
	(48, 'Augmented Acuity', '2000-01-01 00:00:00', 'Bard1-0-1'),
	(48, 'Augmented Constitution', '2000-01-01 00:00:00', 'Bard1-0-2'),
	(48, 'Augmented Dexterity', '2000-01-01 00:00:00', 'Bard1-0-3'),
	(48, 'Augmented Quickness', '2000-01-01 00:00:00', 'Bard1-0-4'),
	(48, 'Augmented Strength', '2000-01-01 00:00:00', 'Bard1-0-5'),
	(48, 'Avoidance of Magic', '2000-01-01 00:00:00', 'Bard1-0-6'),
	(48, 'Ethereal Bond', '2000-01-01 00:00:00', 'Bard1-0-7'),
	(48, 'Lifter', '2000-01-01 00:00:00', 'Bard1-0-8'),
	(48, 'Long Wind', '2000-01-01 00:00:00', 'Bard1-0-9'),
	(48, 'Mastery of Focus', '2000-01-01 00:00:00', 'Bard1-1-1'),
	(48, 'Mastery of Healing', '2000-01-01 00:00:00', 'Bard1-1-2'),
	(48, 'Mastery of Magery', '2000-01-01 00:00:00', 'Bard1-1-3'),
	(48, 'Mastery of Pain', '2000-01-01 00:00:00', 'Bard1-1-4'),
	(48, 'Serenity', '2000-01-01 00:00:00', 'Bard1-1-5'),
	(48, 'Toughness', '2000-01-01 00:00:00', 'Bard1-1-6'),
	(48, 'Veil Recovery', '2000-01-01 00:00:00', 'Bard1-1-7'),
	(48, 'Wild Healing', '2000-01-01 00:00:00', 'Bard1-1-8'),
	(48, 'Wild Power', '2000-01-01 00:00:00', 'Bard1-1-9'),
	(48, 'Ameliorating Melodies', '2000-01-01 00:00:00', 'Bard1-2-1'),
	(48, 'First Aid', '2000-01-01 00:00:00', 'Bard1-2-2'),
	(48, 'Ignore Pain', '2000-01-01 00:00:00', 'Bard1-2-3'),
	(48, 'Mastery of Concentration', '2000-01-01 00:00:00', 'Bard1-2-4'),
	(48, 'Mystic Crystal Lore', '2000-01-01 00:00:00', 'Bard1-2-5'),
	(48, 'Purge', '2000-01-01 00:00:00', 'Bard1-2-6'),
	(48, 'Raging Power', '2000-01-01 00:00:00', 'Bard1-2-7'),
	(48, 'Second Wind', '2000-01-01 00:00:00', 'Bard1-2-8'),
	(48, 'Speed of Sound', '2000-01-01 00:00:00', 'Bard1-2-9'),
	(48, 'The Empty Mind', '2000-01-01 00:00:00', 'Bard1-3-1'),
	(31, 'Ferocious Will', '2000-01-01 00:00:00', 'Berserker-RR5'),
	(31, 'Augmented Constitution', '2000-01-01 00:00:00', 'Berserker1-0-1'),
	(31, 'Augmented Dexterity', '2000-01-01 00:00:00', 'Berserker1-0-2'),
	(31, 'Augmented Quickness', '2000-01-01 00:00:00', 'Berserker1-0-3'),
	(31, 'Augmented Strength', '2000-01-01 00:00:00', 'Berserker1-0-4'),
	(31, 'Avoidance of Magic', '2000-01-01 00:00:00', 'Berserker1-0-5'),
	(31, 'Determination', '2000-01-01 00:00:00', 'Berserker1-0-6'),
	(31, 'Lifter', '2000-01-01 00:00:00', 'Berserker1-0-7'),
	(31, 'Long Wind', '2000-01-01 00:00:00', 'Berserker1-0-8'),
	(31, 'Mastery of Pain', '2000-01-01 00:00:00', 'Berserker1-0-9'),
	(31, 'Toughness', '2000-01-01 00:00:00', 'Berserker1-1-1'),
	(31, 'Veil Recovery', '2000-01-01 00:00:00', 'Berserker1-1-2'),
	(31, 'Charge', '2000-01-01 00:00:00', 'Berserker1-1-3'),
	(31, 'First Aid', '2000-01-01 00:00:00', 'Berserker1-1-4'),
	(31, 'Ignore Pain', '2000-01-01 00:00:00', 'Berserker1-1-5'),
	(31, 'Purge', '2000-01-01 00:00:00', 'Berserker1-1-6'),
	(31, 'Reflex Attack', '2000-01-01 00:00:00', 'Berserker1-1-7'),
	(31, 'Second Wind', '2000-01-01 00:00:00', 'Berserker1-1-8'),
	(31, 'The Empty Mind', '2000-01-01 00:00:00', 'Berserker1-1-9'),
	(31, 'Mastery of Parrying', '2000-01-01 00:00:00', 'Berserker1-2-1'),
	(43, 'Blade Barrier', '2000-01-01 00:00:00', 'Blademaster-RR5'),
	(43, 'Augmented Constitution', '2000-01-01 00:00:00', 'Blademaster1-0-1'),
	(43, 'Augmented Dexterity', '2000-01-01 00:00:00', 'Blademaster1-0-2'),
	(43, 'Augmented Quickness', '2000-01-01 00:00:00', 'Blademaster1-0-3'),
	(43, 'Augmented Strength', '2000-01-01 00:00:00', 'Blademaster1-0-4'),
	(43, 'Avoidance of Magic', '2000-01-01 00:00:00', 'Blademaster1-0-5'),
	(43, 'Determination', '2000-01-01 00:00:00', 'Blademaster1-0-6'),
	(43, 'Lifter', '2000-01-01 00:00:00', 'Blademaster1-0-7'),
	(43, 'Long Wind', '2000-01-01 00:00:00', 'Blademaster1-0-8'),
	(43, 'Mastery of Blocking', '2000-01-01 00:00:00', 'Blademaster1-0-9'),
	(43, 'Mastery of Pain', '2000-01-01 00:00:00', 'Blademaster1-1-1'),
	(43, 'Mastery of Parrying', '2000-01-01 00:00:00', 'Blademaster1-1-2'),
	(43, 'Toughness', '2000-01-01 00:00:00', 'Blademaster1-1-3'),
	(43, 'Veil Recovery', '2000-01-01 00:00:00', 'Blademaster1-1-4'),
	(43, 'Wild Power', '2000-01-01 00:00:00', 'Blademaster1-1-5'),
	(43, 'Charge', '2000-01-01 00:00:00', 'Blademaster1-1-6'),
	(43, 'First Aid', '2000-01-01 00:00:00', 'Blademaster1-1-7'),
	(43, 'Ignore Pain', '2000-01-01 00:00:00', 'Blademaster1-1-8'),
	(43, 'Second Wind', '2000-01-01 00:00:00', 'Blademaster1-1-9'),
	(43, 'The Empty Mind', '2000-01-01 00:00:00', 'Blademaster1-2-1'),
	(43, 'Purge', '2000-01-01 00:00:00', 'Blademaster1-2-2'),
	(30, 'Allure of Death', '2000-01-01 00:00:00', 'Bonedancer-RR5'),
	(30, 'Augmented Acuity', '2000-01-01 00:00:00', 'Bonedancer1-0-1'),
	(30, 'Augmented Constitution', '2000-01-01 00:00:00', 'Bonedancer1-0-2'),
	(30, 'Augmented Dexterity', '2000-01-01 00:00:00', 'Bonedancer1-0-3'),
	(30, 'Augmented Quickness', '2000-01-01 00:00:00', 'Bonedancer1-0-4'),
	(30, 'Augmented Strength', '2000-01-01 00:00:00', 'Bonedancer1-0-5'),
	(30, 'Ethereal Bond', '2000-01-01 00:00:00', 'Bonedancer1-0-6'),
	(30, 'Lifter', '2000-01-01 00:00:00', 'Bonedancer1-0-7'),
	(30, 'Long Wind', '2000-01-01 00:00:00', 'Bonedancer1-0-8'),
	(30, 'Mastery of Focus', '2000-01-01 00:00:00', 'Bonedancer1-0-9'),
	(30, 'Mastery of Magery', '2000-01-01 00:00:00', 'Bonedancer1-1-1'),
	(30, 'Mastery of Pain', '2000-01-01 00:00:00', 'Bonedancer1-1-2'),
	(30, 'Physical Defense', '2000-01-01 00:00:00', 'Bonedancer1-1-3'),
	(30, 'Serenity', '2000-01-01 00:00:00', 'Bonedancer1-1-4'),
	(30, 'Toughness', '2000-01-01 00:00:00', 'Bonedancer1-1-5'),
	(30, 'Veil Recovery', '2000-01-01 00:00:00', 'Bonedancer1-1-6'),
	(30, 'Wild Minion', '2000-01-01 00:00:00', 'Bonedancer1-1-7'),
	(30, 'Wild Power', '2000-01-01 00:00:00', 'Bonedancer1-1-8'),
	(30, 'Adrenaline Rush', '2000-01-01 00:00:00', 'Bonedancer1-1-9'),
	(30, 'Bedazzling Aura', '2000-01-01 00:00:00', 'Bonedancer1-2-1'),
	(30, 'Concentration', '2000-01-01 00:00:00', 'Bonedancer1-2-2'),
	(30, 'First Aid', '2000-01-01 00:00:00', 'Bonedancer1-2-3'),
	(30, 'Juggernaut', '2000-01-01 00:00:00', 'Bonedancer1-2-4'),
	(30, 'Mastery of Concentration', '2000-01-01 00:00:00', 'Bonedancer1-2-5'),
	(30, 'Mystic Crystal Lore', '2000-01-01 00:00:00', 'Bonedancer1-2-6'),
	(30, 'Negative Maelstrom', '2000-01-01 00:00:00', 'Bonedancer1-2-7'),
	(30, 'Purge', '2000-01-01 00:00:00', 'Bonedancer1-2-8'),
	(30, 'Raging Power', '2000-01-01 00:00:00', 'Bonedancer1-2-9'),
	(30, 'Second Wind', '2000-01-01 00:00:00', 'Bonedancer1-3-1'),
	(30, 'The Empty Mind', '2000-01-01 00:00:00', 'Bonedancer1-3-2'),
	(30, 'Thornweed Field', '2000-01-01 00:00:00', 'Bonedancer1-3-3'),
	(13, 'Resolute Minion', '2000-01-01 00:00:00', 'Cabalist-RR5'),
	(13, 'Augmented Acuity', '2000-01-01 00:00:00', 'Cabalist1-0-1'),
	(13, 'Augmented Constitution', '2000-01-01 00:00:00', 'Cabalist1-0-2'),
	(13, 'Augmented Dexterity', '2000-01-01 00:00:00', 'Cabalist1-0-3'),
	(13, 'Augmented Quickness', '2000-01-01 00:00:00', 'Cabalist1-0-4'),
	(13, 'Augmented Strength', '2000-01-01 00:00:00', 'Cabalist1-0-5'),
	(13, 'Ethereal Bond', '2000-01-01 00:00:00', 'Cabalist1-0-6'),
	(13, 'Lifter', '2000-01-01 00:00:00', 'Cabalist1-0-7'),
	(13, 'Long Wind', '2000-01-01 00:00:00', 'Cabalist1-0-8'),
	(13, 'Mastery of Focus', '2000-01-01 00:00:00', 'Cabalist1-0-9'),
	(13, 'Mastery of Magery', '2000-01-01 00:00:00', 'Cabalist1-1-1'),
	(13, 'Mastery of Pain', '2000-01-01 00:00:00', 'Cabalist1-1-2'),
	(13, 'Physical Defense', '2000-01-01 00:00:00', 'Cabalist1-1-3'),
	(13, 'Serenity', '2000-01-01 00:00:00', 'Cabalist1-1-4'),
	(13, 'Toughness', '2000-01-01 00:00:00', 'Cabalist1-1-5'),
	(13, 'Veil Recovery', '2000-01-01 00:00:00', 'Cabalist1-1-6'),
	(13, 'Wild Minion', '2000-01-01 00:00:00', 'Cabalist1-1-7'),
	(13, 'Wild Power', '2000-01-01 00:00:00', 'Cabalist1-1-8'),
	(13, 'Adrenaline Rush', '2000-01-01 00:00:00', 'Cabalist1-1-9'),
	(13, 'Bedazzling Aura', '2000-01-01 00:00:00', 'Cabalist1-2-1'),
	(13, 'Concentration', '2000-01-01 00:00:00', 'Cabalist1-2-2'),
	(13, 'First Aid', '2000-01-01 00:00:00', 'Cabalist1-2-3'),
	(13, 'Juggernaut', '2000-01-01 00:00:00', 'Cabalist1-2-4'),
	(13, 'Mastery of Concentration', '2000-01-01 00:00:00', 'Cabalist1-2-5'),
	(13, 'Mystic Crystal Lore', '2000-01-01 00:00:00', 'Cabalist1-2-6'),
	(13, 'Negative Maelstrom', '2000-01-01 00:00:00', 'Cabalist1-2-7'),
	(13, 'Purge', '2000-01-01 00:00:00', 'Cabalist1-2-8'),
	(13, 'Raging Power', '2000-01-01 00:00:00', 'Cabalist1-2-9'),
	(13, 'Second Wind', '2000-01-01 00:00:00', 'Cabalist1-3-1'),
	(13, 'The Empty Mind', '2000-01-01 00:00:00', 'Cabalist1-3-2'),
	(45, 'Badge of Valor', '2000-01-01 00:00:00', 'Champion-RR5'),
	(45, 'Augmented Acuity', '2000-01-01 00:00:00', 'Champion1-0-1'),
	(45, 'Augmented Constitution', '2000-01-01 00:00:00', 'Champion1-0-2'),
	(45, 'Augmented Dexterity', '2000-01-01 00:00:00', 'Champion1-0-3'),
	(45, 'Augmented Quickness', '2000-01-01 00:00:00', 'Champion1-0-4'),
	(45, 'Augmented Strength', '2000-01-01 00:00:00', 'Champion1-0-5'),
	(45, 'Avoidance of Magic', '2000-01-01 00:00:00', 'Champion1-0-6'),
	(45, 'Determination', '2000-01-01 00:00:00', 'Champion1-0-7'),
	(45, 'Ethereal Bond', '2000-01-01 00:00:00', 'Champion1-0-8'),
	(45, 'Lifter', '2000-01-01 00:00:00', 'Champion1-0-9'),
	(45, 'Long Wind', '2000-01-01 00:00:00', 'Champion1-1-1'),
	(45, 'Mastery of Blocking', '2000-01-01 00:00:00', 'Champion1-1-2'),
	(45, 'Mastery of Focus', '2000-01-01 00:00:00', 'Champion1-1-3'),
	(45, 'Mastery of Magery', '2000-01-01 00:00:00', 'Champion1-1-4'),
	(45, 'Mastery of Pain', '2000-01-01 00:00:00', 'Champion1-1-5'),
	(45, 'Mastery of Parrying', '2000-01-01 00:00:00', 'Champion1-1-6'),
	(45, 'Serenity', '2000-01-01 00:00:00', 'Champion1-1-7'),
	(45, 'Toughness', '2000-01-01 00:00:00', 'Champion1-1-8'),
	(45, 'Veil Recovery', '2000-01-01 00:00:00', 'Champion1-1-9'),
	(45, 'Wild Power', '2000-01-01 00:00:00', 'Champion1-2-1'),
	(45, 'Dual Threat', '2000-01-01 00:00:00', 'Champion1-2-2'),
	(45, 'First Aid', '2000-01-01 00:00:00', 'Champion1-2-3'),
	(45, 'Ignore Pain', '2000-01-01 00:00:00', 'Champion1-2-4'),
	(45, 'Mystic Crystal Lore', '2000-01-01 00:00:00', 'Champion1-2-5'),
	(45, 'Purge', '2000-01-01 00:00:00', 'Champion1-2-6'),
	(45, 'Raging Power', '2000-01-01 00:00:00', 'Champion1-2-7'),
	(45, 'Second Wind', '2000-01-01 00:00:00', 'Champion1-2-8'),
	(45, 'Static Tempest', '2000-01-01 00:00:00', 'Champion1-2-9'),
	(45, 'The Empty Mind', '2000-01-01 00:00:00', 'Champion1-3-1'),
	(45, 'Wrath of Champions', '2000-01-01 00:00:00', 'Champion1-3-2'),
	(6, 'Retribution of the Faithful', '2000-01-01 00:00:00', 'Cleric-RR5'),
	(6, 'Augmented Acuity', '2000-01-01 00:00:00', 'Cleric1-0-1'),
	(6, 'Augmented Constitution', '2000-01-01 00:00:00', 'Cleric1-0-2'),
	(6, 'Augmented Dexterity', '2000-01-01 00:00:00', 'Cleric1-0-3'),
	(6, 'Augmented Quickness', '2000-01-01 00:00:00', 'Cleric1-0-4'),
	(6, 'Augmented Strength', '2000-01-01 00:00:00', 'Cleric1-0-5'),
	(6, 'Avoidance of Magic', '2000-01-01 00:00:00', 'Cleric1-0-6'),
	(6, 'Ethereal Bond', '2000-01-01 00:00:00', 'Cleric1-0-7'),
	(6, 'Lifter', '2000-01-01 00:00:00', 'Cleric1-0-8'),
	(6, 'Long Wind', '2000-01-01 00:00:00', 'Cleric1-0-9'),
	(6, 'Mastery of Focus', '2000-01-01 00:00:00', 'Cleric1-1-1'),
	(6, 'Mastery of Healing', '2000-01-01 00:00:00', 'Cleric1-1-2'),
	(6, 'Mastery of Magery', '2000-01-01 00:00:00', 'Cleric1-1-3'),
	(6, 'Mastery of Pain', '2000-01-01 00:00:00', 'Cleric1-1-4'),
	(6, 'Serenity', '2000-01-01 00:00:00', 'Cleric1-1-5'),
	(6, 'Toughness', '2000-01-01 00:00:00', 'Cleric1-1-6'),
	(6, 'Veil Recovery', '2000-01-01 00:00:00', 'Cleric1-1-7'),
	(6, 'Wild Healing', '2000-01-01 00:00:00', 'Cleric1-1-8'),
	(6, 'Wild Power', '2000-01-01 00:00:00', 'Cleric1-1-9'),
	(6, 'Adrenaline Rush', '2000-01-01 00:00:00', 'Cleric1-2-1'),
	(6, 'Barrier of Fortitude', '2000-01-01 00:00:00', 'Cleric1-2-2'),
	(6, 'Divine Intervention', '2000-01-01 00:00:00', 'Cleric1-2-3'),
	(6, 'First Aid', '2000-01-01 00:00:00', 'Cleric1-2-4'),
	(6, 'Mastery of Concentration', '2000-01-01 00:00:00', 'Cleric1-2-5'),
	(6, 'Mystic Crystal Lore', '2000-01-01 00:00:00', 'Cleric1-2-6'),
	(6, 'Perfect Recovery', '2000-01-01 00:00:00', 'Cleric1-2-7'),
	(6, 'Purge', '2000-01-01 00:00:00', 'Cleric1-2-8'),
	(6, 'Raging Power', '2000-01-01 00:00:00', 'Cleric1-2-9'),
	(6, 'Second Wind', '2000-01-01 00:00:00', 'Cleric1-3-1'),
	(6, 'The Empty Mind', '2000-01-01 00:00:00', 'Cleric1-3-2'),
	(47, 'Nature\'s Womb', '2000-01-01 00:00:00', 'Druid-RR5'),
	(47, 'Augmented Acuity', '2000-01-01 00:00:00', 'Druid1-0-1'),
	(47, 'Augmented Constitution', '2000-01-01 00:00:00', 'Druid1-0-2'),
	(47, 'Augmented Dexterity', '2000-01-01 00:00:00', 'Druid1-0-3'),
	(47, 'Augmented Quickness', '2000-01-01 00:00:00', 'Druid1-0-4'),
	(47, 'Augmented Strength', '2000-01-01 00:00:00', 'Druid1-0-5'),
	(47, 'Avoidance of Magic', '2000-01-01 00:00:00', 'Druid1-0-6'),
	(47, 'Ethereal Bond', '2000-01-01 00:00:00', 'Druid1-0-7'),
	(47, 'Lifter', '2000-01-01 00:00:00', 'Druid1-0-8'),
	(47, 'Long Wind', '2000-01-01 00:00:00', 'Druid1-0-9'),
	(47, 'Mastery of Focus', '2000-01-01 00:00:00', 'Druid1-1-1'),
	(47, 'Mastery of Healing', '2000-01-01 00:00:00', 'Druid1-1-2'),
	(47, 'Mastery of Magery', '2000-01-01 00:00:00', 'Druid1-1-3'),
	(47, 'Mastery of Pain', '2000-01-01 00:00:00', 'Druid1-1-4'),
	(47, 'Serenity', '2000-01-01 00:00:00', 'Druid1-1-5'),
	(47, 'Toughness', '2000-01-01 00:00:00', 'Druid1-1-6'),
	(47, 'Veil Recovery', '2000-01-01 00:00:00', 'Druid1-1-7'),
	(47, 'Wild Healing', '2000-01-01 00:00:00', 'Druid1-1-8'),
	(47, 'Wild Minion', '2000-01-01 00:00:00', 'Druid1-1-9'),
	(47, 'Wild Power', '2000-01-01 00:00:00', 'Druid1-2-1'),
	(47, 'Adrenaline Rush', '2000-01-01 00:00:00', 'Druid1-2-2'),
	(47, 'Barrier of Fortitude', '2000-01-01 00:00:00', 'Druid1-2-3'),
	(47, 'Divine Intervention', '2000-01-01 00:00:00', 'Druid1-2-4'),
	(47, 'First Aid', '2000-01-01 00:00:00', 'Druid1-2-5'),
	(47, 'Mastery of Concentration', '2000-01-01 00:00:00', 'Druid1-2-6'),
	(47, 'Mystic Crystal Lore', '2000-01-01 00:00:00', 'Druid1-2-7'),
	(47, 'Perfect Recovery', '2000-01-01 00:00:00', 'Druid1-2-8'),
	(47, 'Purge', '2000-01-01 00:00:00', 'Druid1-2-9'),
	(47, 'Raging Power', '2000-01-01 00:00:00', 'Druid1-3-1'),
	(47, 'Second Wind', '2000-01-01 00:00:00', 'Druid1-3-2'),
	(47, 'The Empty Mind', '2000-01-01 00:00:00', 'Druid1-3-3'),
	(40, 'Arms Length', '2000-01-01 00:00:00', 'Eldritch-RR5'),
	(40, 'Augmented Acuity', '2000-01-01 00:00:00', 'Eldritch1-0-1'),
	(40, 'Augmented Constitution', '2000-01-01 00:00:00', 'Eldritch1-0-2'),
	(40, 'Augmented Dexterity', '2000-01-01 00:00:00', 'Eldritch1-0-3'),
	(40, 'Augmented Quickness', '2000-01-01 00:00:00', 'Eldritch1-0-4'),
	(40, 'Augmented Strength', '2000-01-01 00:00:00', 'Eldritch1-0-5'),
	(40, 'Ethereal Bond', '2000-01-01 00:00:00', 'Eldritch1-0-6'),
	(40, 'Lifter', '2000-01-01 00:00:00', 'Eldritch1-0-7'),
	(40, 'Long Wind', '2000-01-01 00:00:00', 'Eldritch1-0-8'),
	(40, 'Mastery of Focus', '2000-01-01 00:00:00', 'Eldritch1-0-9'),
	(40, 'Mastery of Magery', '2000-01-01 00:00:00', 'Eldritch1-1-1'),
	(40, 'Mastery of Pain', '2000-01-01 00:00:00', 'Eldritch1-1-2'),
	(40, 'Physical Defense', '2000-01-01 00:00:00', 'Eldritch1-1-3'),
	(40, 'Serenity', '2000-01-01 00:00:00', 'Eldritch1-1-4'),
	(40, 'Toughness', '2000-01-01 00:00:00', 'Eldritch1-1-5'),
	(40, 'Veil Recovery', '2000-01-01 00:00:00', 'Eldritch1-1-6'),
	(40, 'Wild Power', '2000-01-01 00:00:00', 'Eldritch1-1-7'),
	(40, 'Adrenaline Rush', '2000-01-01 00:00:00', 'Eldritch1-1-8'),
	(40, 'Concentration', '2000-01-01 00:00:00', 'Eldritch1-1-9'),
	(40, 'Decimation Trap', '2000-01-01 00:00:00', 'Eldritch1-2-1'),
	(40, 'First Aid', '2000-01-01 00:00:00', 'Eldritch1-2-2'),
	(40, 'Mastery of Concentration', '2000-01-01 00:00:00', 'Eldritch1-2-3'),
	(40, 'Mystic Crystal Lore', '2000-01-01 00:00:00', 'Eldritch1-2-4'),
	(40, 'Purge', '2000-01-01 00:00:00', 'Eldritch1-2-5'),
	(40, 'Raging Power', '2000-01-01 00:00:00', 'Eldritch1-2-6'),
	(40, 'Second Wind', '2000-01-01 00:00:00', 'Eldritch1-2-7'),
	(40, 'The Empty Mind', '2000-01-01 00:00:00', 'Eldritch1-2-8'),
	(40, 'Volcanic Pillar', '2000-01-01 00:00:00', 'Eldritch1-2-9'),
	(41, 'Searing Pet', '2000-01-01 00:00:00', 'Enchanter-RR5'),
	(41, 'Augmented Acuity', '2000-01-01 00:00:00', 'Enchanter1-0-1'),
	(41, 'Augmented Constitution', '2000-01-01 00:00:00', 'Enchanter1-0-2'),
	(41, 'Augmented Dexterity', '2000-01-01 00:00:00', 'Enchanter1-0-3'),
	(41, 'Augmented Quickness', '2000-01-01 00:00:00', 'Enchanter1-0-4'),
	(41, 'Augmented Strength', '2000-01-01 00:00:00', 'Enchanter1-0-5'),
	(41, 'Ethereal Bond', '2000-01-01 00:00:00', 'Enchanter1-0-6'),
	(41, 'Lifter', '2000-01-01 00:00:00', 'Enchanter1-0-7'),
	(41, 'Long Wind', '2000-01-01 00:00:00', 'Enchanter1-0-8'),
	(41, 'Mastery of Focus', '2000-01-01 00:00:00', 'Enchanter1-0-9'),
	(41, 'Mastery of Magery', '2000-01-01 00:00:00', 'Enchanter1-1-1'),
	(41, 'Mastery of Pain', '2000-01-01 00:00:00', 'Enchanter1-1-2'),
	(41, 'Physical Defense', '2000-01-01 00:00:00', 'Enchanter1-1-3'),
	(41, 'Serenity', '2000-01-01 00:00:00', 'Enchanter1-1-4'),
	(41, 'Toughness', '2000-01-01 00:00:00', 'Enchanter1-1-5'),
	(41, 'Veil Recovery', '2000-01-01 00:00:00', 'Enchanter1-1-6'),
	(41, 'Wild Minion', '2000-01-01 00:00:00', 'Enchanter1-1-7'),
	(41, 'Wild Power', '2000-01-01 00:00:00', 'Enchanter1-1-8'),
	(41, 'Adrenaline Rush', '2000-01-01 00:00:00', 'Enchanter1-1-9'),
	(41, 'Bedazzling Aura', '2000-01-01 00:00:00', 'Enchanter1-2-1'),
	(41, 'Concentration', '2000-01-01 00:00:00', 'Enchanter1-2-2'),
	(41, 'First Aid', '2000-01-01 00:00:00', 'Enchanter1-2-3'),
	(41, 'Juggernaut', '2000-01-01 00:00:00', 'Enchanter1-2-4'),
	(41, 'Mastery of Concentration', '2000-01-01 00:00:00', 'Enchanter1-2-5'),
	(41, 'Mystic Crystal Lore', '2000-01-01 00:00:00', 'Enchanter1-2-6'),
	(41, 'Negative Maelstrom', '2000-01-01 00:00:00', 'Enchanter1-2-7'),
	(41, 'Purge', '2000-01-01 00:00:00', 'Enchanter1-2-8'),
	(41, 'Raging Power', '2000-01-01 00:00:00', 'Enchanter1-2-9'),
	(41, 'Second Wind', '2000-01-01 00:00:00', 'Enchanter1-3-1'),
	(41, 'The Empty Mind', '2000-01-01 00:00:00', 'Enchanter1-3-2'),
	(10, 'Whirling Staff', '2000-01-01 00:00:00', 'Friar-RR5'),
	(10, 'Augmented Acuity', '2000-01-01 00:00:00', 'Friar1-0-1'),
	(10, 'Augmented Constitution', '2000-01-01 00:00:00', 'Friar1-0-2'),
	(10, 'Augmented Dexterity', '2000-01-01 00:00:00', 'Friar1-0-3'),
	(10, 'Augmented Quickness', '2000-01-01 00:00:00', 'Friar1-0-4'),
	(10, 'Augmented Strength', '2000-01-01 00:00:00', 'Friar1-0-5'),
	(10, 'Avoidance of Magic', '2000-01-01 00:00:00', 'Friar1-0-6'),
	(10, 'Determination', '2000-01-01 00:00:00', 'Friar1-0-7'),
	(10, 'Ethereal Bond', '2000-01-01 00:00:00', 'Friar1-0-8'),
	(10, 'Lifter', '2000-01-01 00:00:00', 'Friar1-0-9'),
	(10, 'Long Wind', '2000-01-01 00:00:00', 'Friar1-1-1'),
	(10, 'Mastery of Healing', '2000-01-01 00:00:00', 'Friar1-1-2'),
	(10, 'Mastery of Pain', '2000-01-01 00:00:00', 'Friar1-1-3'),
	(10, 'Mastery of Parrying', '2000-01-01 00:00:00', 'Friar1-1-4'),
	(10, 'Serenity', '2000-01-01 00:00:00', 'Friar1-1-5'),
	(10, 'Toughness', '2000-01-01 00:00:00', 'Friar1-1-6'),
	(10, 'Veil Recovery', '2000-01-01 00:00:00', 'Friar1-1-7'),
	(10, 'Wild Healing', '2000-01-01 00:00:00', 'Friar1-1-8'),
	(10, 'First Aid', '2000-01-01 00:00:00', 'Friar1-1-9'),
	(10, 'Ignore Pain', '2000-01-01 00:00:00', 'Friar1-2-1'),
	(10, 'Mastery of Concentration', '2000-01-01 00:00:00', 'Friar1-2-2'),
	(10, 'Mystic Crystal Lore', '2000-01-01 00:00:00', 'Friar1-2-3'),
	(10, 'Purge', '2000-01-01 00:00:00', 'Friar1-2-4'),
	(10, 'Raging Power', '2000-01-01 00:00:00', 'Friar1-2-5'),
	(10, 'Reflex Attack', '2000-01-01 00:00:00', 'Friar1-2-6'),
	(10, 'Second Wind', '2000-01-01 00:00:00', 'Friar1-2-7'),
	(10, 'Static Tempest', '2000-01-01 00:00:00', 'Friar1-2-8'),
	(10, 'The Empty Mind', '2000-01-01 00:00:00', 'Friar1-2-9'),
	(10, 'Vehement Renewal', '2000-01-01 00:00:00', 'Friar1-3-1'),
	(26, 'Sputins Legacy', '2000-01-01 00:00:00', 'Healer-RR5'),
	(26, 'Augmented Acuity', '2000-01-01 00:00:00', 'Healer1-0-1'),
	(26, 'Augmented Constitution', '2000-01-01 00:00:00', 'Healer1-0-2'),
	(26, 'Augmented Dexterity', '2000-01-01 00:00:00', 'Healer1-0-3'),
	(26, 'Augmented Quickness', '2000-01-01 00:00:00', 'Healer1-0-4'),
	(26, 'Augmented Strength', '2000-01-01 00:00:00', 'Healer1-0-5'),
	(26, 'Avoidance of Magic', '2000-01-01 00:00:00', 'Healer1-0-6'),
	(26, 'Ethereal Bond', '2000-01-01 00:00:00', 'Healer1-0-7'),
	(26, 'Lifter', '2000-01-01 00:00:00', 'Healer1-0-8'),
	(26, 'Long Wind', '2000-01-01 00:00:00', 'Healer1-0-9'),
	(26, 'Mastery of Focus', '2000-01-01 00:00:00', 'Healer1-1-1'),
	(26, 'Mastery of Healing', '2000-01-01 00:00:00', 'Healer1-1-2'),
	(26, 'Mastery of Magery', '2000-01-01 00:00:00', 'Healer1-1-3'),
	(26, 'Mastery of Pain', '2000-01-01 00:00:00', 'Healer1-1-4'),
	(26, 'Serenity', '2000-01-01 00:00:00', 'Healer1-1-5'),
	(26, 'Toughness', '2000-01-01 00:00:00', 'Healer1-1-6'),
	(26, 'Veil Recovery', '2000-01-01 00:00:00', 'Healer1-1-7'),
	(26, 'Wild Healing', '2000-01-01 00:00:00', 'Healer1-1-8'),
	(26, 'Wild Power', '2000-01-01 00:00:00', 'Healer1-1-9'),
	(26, 'Adrenaline Rush', '2000-01-01 00:00:00', 'Healer1-2-1'),
	(26, 'Barrier of Fortitude', '2000-01-01 00:00:00', 'Healer1-2-2'),
	(26, 'Divine Intervention', '2000-01-01 00:00:00', 'Healer1-2-3'),
	(26, 'First Aid', '2000-01-01 00:00:00', 'Healer1-2-4'),
	(26, 'Mastery of Concentration', '2000-01-01 00:00:00', 'Healer1-2-5'),
	(26, 'Mystic Crystal Lore', '2000-01-01 00:00:00', 'Healer1-2-6'),
	(26, 'Perfect Recovery', '2000-01-01 00:00:00', 'Healer1-2-7'),
	(26, 'Purge', '2000-01-01 00:00:00', 'Healer1-2-8'),
	(26, 'Raging Power', '2000-01-01 00:00:00', 'Healer1-2-9'),
	(26, 'Second Wind', '2000-01-01 00:00:00', 'Healer1-3-1'),
	(26, 'The Empty Mind', '2000-01-01 00:00:00', 'Healer1-3-2'),
	(33, 'Fanaticism', '2000-01-01 00:00:00', 'Heretic-RR5'),
	(33, 'Augmented Acuity', '2000-01-01 00:00:00', 'Heretic1-0-1'),
	(33, 'Augmented Constitution', '2000-01-01 00:00:00', 'Heretic1-0-2'),
	(33, 'Augmented Dexterity', '2000-01-01 00:00:00', 'Heretic1-0-3'),
	(33, 'Augmented Quickness', '2000-01-01 00:00:00', 'Heretic1-0-4'),
	(33, 'Augmented Strength', '2000-01-01 00:00:00', 'Heretic1-0-5'),
	(33, 'Avoidance of Magic', '2000-01-01 00:00:00', 'Heretic1-0-6'),
	(33, 'Ethereal Bond', '2000-01-01 00:00:00', 'Heretic1-0-7'),
	(33, 'Lifter', '2000-01-01 00:00:00', 'Heretic1-0-8'),
	(33, 'Long Wind', '2000-01-01 00:00:00', 'Heretic1-0-9'),
	(33, 'Mastery of Blocking', '2000-01-01 00:00:00', 'Heretic1-1-1'),
	(33, 'Mastery of Focus', '2000-01-01 00:00:00', 'Heretic1-1-2'),
	(33, 'Mastery of Healing', '2000-01-01 00:00:00', 'Heretic1-1-3'),
	(33, 'Mastery of Magery', '2000-01-01 00:00:00', 'Heretic1-1-4'),
	(33, 'Mastery of Pain', '2000-01-01 00:00:00', 'Heretic1-1-5'),
	(33, 'Physical Defense', '2000-01-01 00:00:00', 'Heretic1-1-6'),
	(33, 'Serenity', '2000-01-01 00:00:00', 'Heretic1-1-7'),
	(33, 'Toughness', '2000-01-01 00:00:00', 'Heretic1-1-8'),
	(33, 'Veil Recovery', '2000-01-01 00:00:00', 'Heretic1-1-9'),
	(33, 'Wild Healing', '2000-01-01 00:00:00', 'Heretic1-2-1'),
	(33, 'Wild Power', '2000-01-01 00:00:00', 'Heretic1-2-2'),
	(33, 'Bedazzling Aura', '2000-01-01 00:00:00', 'Heretic1-2-3'),
	(33, 'Divine Intervention', '2000-01-01 00:00:00', 'Heretic1-2-4'),
	(33, 'First Aid', '2000-01-01 00:00:00', 'Heretic1-2-5'),
	(33, 'Mastery of Concentration', '2000-01-01 00:00:00', 'Heretic1-2-6'),
	(33, 'Mystic Crystal Lore', '2000-01-01 00:00:00', 'Heretic1-2-7'),
	(33, 'Perfect Recovery', '2000-01-01 00:00:00', 'Heretic1-2-8'),
	(33, 'Purge', '2000-01-01 00:00:00', 'Heretic1-2-9'),
	(33, 'Raging Power', '2000-01-01 00:00:00', 'Heretic1-3-1'),
	(33, 'Second Wind', '2000-01-01 00:00:00', 'Heretic1-3-2'),
	(33, 'The Empty Mind', '2000-01-01 00:00:00', 'Heretic1-3-3'),
	(44, 'Combat Awareness', '2000-01-01 00:00:00', 'Hero-RR5'),
	(44, 'Augmented Constitution', '2000-01-01 00:00:00', 'Hero1-0-1'),
	(44, 'Augmented Dexterity', '2000-01-01 00:00:00', 'Hero1-0-2'),
	(44, 'Augmented Quickness', '2000-01-01 00:00:00', 'Hero1-0-3'),
	(44, 'Augmented Strength', '2000-01-01 00:00:00', 'Hero1-0-4'),
	(44, 'Avoidance of Magic', '2000-01-01 00:00:00', 'Hero1-0-5'),
	(44, 'Determination', '2000-01-01 00:00:00', 'Hero1-0-6'),
	(44, 'Lifter', '2000-01-01 00:00:00', 'Hero1-0-7'),
	(44, 'Long Wind', '2000-01-01 00:00:00', 'Hero1-0-8'),
	(44, 'Mastery of Blocking', '2000-01-01 00:00:00', 'Hero1-0-9'),
	(44, 'Mastery of Pain', '2000-01-01 00:00:00', 'Hero1-1-1'),
	(44, 'Mastery of Parrying', '2000-01-01 00:00:00', 'Hero1-1-2'),
	(44, 'Toughness', '2000-01-01 00:00:00', 'Hero1-1-3'),
	(44, 'Veil Recovery', '2000-01-01 00:00:00', 'Hero1-1-4'),
	(44, 'Dashing Defense', '2000-01-01 00:00:00', 'Hero1-1-5'),
	(44, 'First Aid', '2000-01-01 00:00:00', 'Hero1-1-6'),
	(44, 'Ignore Pain', '2000-01-01 00:00:00', 'Hero1-1-7'),
	(44, 'Purge', '2000-01-01 00:00:00', 'Hero1-1-8'),
	(44, 'Second Wind', '2000-01-01 00:00:00', 'Hero1-1-9'),
	(44, 'Soldiers Barricade', '2000-01-01 00:00:00', 'Hero1-2-1'),
	(44, 'The Empty Mind', '2000-01-01 00:00:00', 'Hero1-2-2'),
	(25, 'Entwining Snakes', '2000-01-01 00:00:00', 'Hunter-RR5'),
	(25, 'Augmented Constitution', '2000-01-01 00:00:00', 'Hunter1-0-1'),
	(25, 'Augmented Dexterity', '2000-01-01 00:00:00', 'Hunter1-0-2'),
	(25, 'Augmented Quickness', '2000-01-01 00:00:00', 'Hunter1-0-3'),
	(25, 'Augmented Strength', '2000-01-01 00:00:00', 'Hunter1-0-4'),
	(25, 'Avoidance of Magic', '2000-01-01 00:00:00', 'Hunter1-0-5'),
	(25, 'Determination', '2000-01-01 00:00:00', 'Hunter1-0-6'),
	(25, 'Ethereal Bond', '2000-01-01 00:00:00', 'Hunter1-0-7'),
	(25, 'Falcons Eye', '2000-01-01 00:00:00', 'Hunter1-0-8'),
	(25, 'Lifter', '2000-01-01 00:00:00', 'Hunter1-0-9'),
	(25, 'Long Wind', '2000-01-01 00:00:00', 'Hunter1-1-1'),
	(25, 'Mastery of Focus', '2000-01-01 00:00:00', 'Hunter1-1-2'),
	(25, 'Mastery of Magery', '2000-01-01 00:00:00', 'Hunter1-1-3'),
	(25, 'Mastery of Pain', '2000-01-01 00:00:00', 'Hunter1-1-4'),
	(25, 'Mastery of Stealth', '2000-01-01 00:00:00', 'Hunter1-1-5'),
	(25, 'Serenity', '2000-01-01 00:00:00', 'Hunter1-1-7'),
	(25, 'Toughness', '2000-01-01 00:00:00', 'Hunter1-1-8'),
	(25, 'Veil Recovery', '2000-01-01 00:00:00', 'Hunter1-1-9'),
	(25, 'Wild Minion', '2000-01-01 00:00:00', 'Hunter1-2-1'),
	(25, 'Wild Power', '2000-01-01 00:00:00', 'Hunter1-2-2'),
	(25, 'Arrow Summoning', '2000-01-01 00:00:00', 'Hunter1-2-3'),
	(25, 'First Aid', '2000-01-01 00:00:00', 'Hunter1-2-4'),
	(25, 'Ignore Pain', '2000-01-01 00:00:00', 'Hunter1-2-5'),
	(25, 'Mastery of Concentration', '2000-01-01 00:00:00', 'Hunter1-2-6'),
	(25, 'Mystic Crystal Lore', '2000-01-01 00:00:00', 'Hunter1-2-7'),
	(25, 'Purge', '2000-01-01 00:00:00', 'Hunter1-2-8'),
	(25, 'Raging Power', '2000-01-01 00:00:00', 'Hunter1-2-9'),
	(25, 'Second Wind', '2000-01-01 00:00:00', 'Hunter1-3-1'),
	(25, 'The Empty Mind', '2000-01-01 00:00:00', 'Hunter1-3-2'),
	(25, 'Trueshot', '2000-01-01 00:00:00', 'Hunter1-3-3'),
	(9, 'Remedy', '2000-01-01 00:00:00', 'Infiltrator-RR5'),
	(9, 'Augmented Constitution', '2000-01-01 00:00:00', 'Infiltrator1-0-1'),
	(9, 'Augmented Dexterity', '2000-01-01 00:00:00', 'Infiltrator1-0-2'),
	(9, 'Augmented Quickness', '2000-01-01 00:00:00', 'Infiltrator1-0-3'),
	(9, 'Augmented Strength', '2000-01-01 00:00:00', 'Infiltrator1-0-4'),
	(9, 'Avoidance of Magic', '2000-01-01 00:00:00', 'Infiltrator1-0-5'),
	(9, 'Lifter', '2000-01-01 00:00:00', 'Infiltrator1-0-6'),
	(9, 'Long Wind', '2000-01-01 00:00:00', 'Infiltrator1-0-7'),
	(9, 'Mastery of Pain', '2000-01-01 00:00:00', 'Infiltrator1-0-8'),
	(9, 'Mastery of Stealth', '2000-01-01 00:00:00', 'Infiltrator1-1-1'),
	(9, 'Toughness', '2000-01-01 00:00:00', 'Infiltrator1-1-2'),
	(9, 'Veil Recovery', '2000-01-01 00:00:00', 'Infiltrator1-1-3'),
	(9, 'First Aid', '2000-01-01 00:00:00', 'Infiltrator1-1-4'),
	(9, 'Purge', '2000-01-01 00:00:00', 'Infiltrator1-1-5'),
	(9, 'Second Wind', '2000-01-01 00:00:00', 'Infiltrator1-1-6'),
	(9, 'The Empty Mind', '2000-01-01 00:00:00', 'Infiltrator1-1-7'),
	(9, 'Vanish', '2000-01-01 00:00:00', 'Infiltrator1-1-8'),
	(9, 'Viper', '2000-01-01 00:00:00', 'Infiltrator1-1-9'),
	(60, 'Gift of Perizor', '2000-01-01 00:00:00', 'Mauler60-RR5'),
	(60, 'Augmented Acuity', '2000-01-01 00:00:00', 'Mauler601-0-1'),
	(60, 'Augmented Constitution', '2000-01-01 00:00:00', 'Mauler601-0-2'),
	(60, 'Augmented Dexterity', '2000-01-01 00:00:00', 'Mauler601-0-3'),
	(60, 'Augmented Quickness', '2000-01-01 00:00:00', 'Mauler601-0-4'),
	(60, 'Augmented Strength', '2000-01-01 00:00:00', 'Mauler601-0-5'),
	(60, 'Avoidance of Magic', '2000-01-01 00:00:00', 'Mauler601-0-6'),
	(60, 'Determination', '2000-01-01 00:00:00', 'Mauler601-0-7'),
	(60, 'Ethereal Bond', '2000-01-01 00:00:00', 'Mauler601-0-8'),
	(60, 'Lifter', '2000-01-01 00:00:00', 'Mauler601-0-9'),
	(60, 'Long Wind', '2000-01-01 00:00:00', 'Mauler601-1-1'),
	(60, 'Mastery of Focus', '2000-01-01 00:00:00', 'Mauler601-1-3'),
	(60, 'Mastery of Magery', '2000-01-01 00:00:00', 'Mauler601-1-4'),
	(60, 'Mastery of Pain', '2000-01-01 00:00:00', 'Mauler601-1-5'),
	(60, 'Serenity', '2000-01-01 00:00:00', 'Mauler601-1-7'),
	(60, 'Toughness', '2000-01-01 00:00:00', 'Mauler601-1-8'),
	(60, 'Veil Recovery', '2000-01-01 00:00:00', 'Mauler601-1-9'),
	(60, 'Wild Power', '2000-01-01 00:00:00', 'Mauler601-2-1'),
	(60, 'Dual Threat', '2000-01-01 00:00:00', 'Mauler601-2-2'),
	(60, 'First Aid', '2000-01-01 00:00:00', 'Mauler601-2-3'),
	(60, 'Ignore Pain', '2000-01-01 00:00:00', 'Mauler601-2-4'),
	(60, 'Reflex Attack', '2000-01-01 00:00:00', 'Mauler601-2-5'),
	(60, 'The Empty Mind', '2000-01-01 00:00:00', 'Mauler601-2-6'),
	(60, 'Purge', '2000-01-01 00:00:00', 'Mauler601-2-7'),
	(60, 'Thornweed Field', '2000-01-01 00:00:00', 'Mauler601-2-8'),
	(60, 'Second Wind', '2000-01-01 00:00:00', 'Mauler601-2-9'),
	(61, 'Gift of Perizor', '2000-01-01 00:00:00', 'Mauler61-RR5'),
	(61, 'Augmented Acuity', '2000-01-01 00:00:00', 'Mauler611-0-1'),
	(61, 'Augmented Constitution', '2000-01-01 00:00:00', 'Mauler611-0-2'),
	(61, 'Augmented Dexterity', '2000-01-01 00:00:00', 'Mauler611-0-3'),
	(61, 'Augmented Quickness', '2000-01-01 00:00:00', 'Mauler611-0-4'),
	(61, 'Augmented Strength', '2000-01-01 00:00:00', 'Mauler611-0-5'),
	(61, 'Avoidance of Magic', '2000-01-01 00:00:00', 'Mauler611-0-6'),
	(61, 'Determination', '2000-01-01 00:00:00', 'Mauler611-0-7'),
	(61, 'Ethereal Bond', '2000-01-01 00:00:00', 'Mauler611-0-8'),
	(61, 'Lifter', '2000-01-01 00:00:00', 'Mauler611-0-9'),
	(61, 'Long Wind', '2000-01-01 00:00:00', 'Mauler611-1-1'),
	(61, 'Mastery of Focus', '2000-01-01 00:00:00', 'Mauler611-1-3'),
	(61, 'Mastery of Magery', '2000-01-01 00:00:00', 'Mauler611-1-4'),
	(61, 'Mastery of Pain', '2000-01-01 00:00:00', 'Mauler611-1-5'),
	(61, 'Serenity', '2000-01-01 00:00:00', 'Mauler611-1-7'),
	(61, 'Toughness', '2000-01-01 00:00:00', 'Mauler611-1-8'),
	(61, 'Veil Recovery', '2000-01-01 00:00:00', 'Mauler611-1-9'),
	(61, 'Wild Power', '2000-01-01 00:00:00', 'Mauler611-2-1'),
	(61, 'Dual Threat', '2000-01-01 00:00:00', 'Mauler611-2-2'),
	(61, 'First Aid', '2000-01-01 00:00:00', 'Mauler611-2-3'),
	(61, 'Ignore Pain', '2000-01-01 00:00:00', 'Mauler611-2-4'),
	(61, 'Reflex Attack', '2000-01-01 00:00:00', 'Mauler611-2-5'),
	(61, 'The Empty Mind', '2000-01-01 00:00:00', 'Mauler611-2-6'),
	(61, 'Purge', '2000-01-01 00:00:00', 'Mauler611-2-7'),
	(61, 'Thornweed Field', '2000-01-01 00:00:00', 'Mauler611-2-8'),
	(61, 'Second Wind', '2000-01-01 00:00:00', 'Mauler611-2-9'),
	(62, 'Gift of Perizor', '2000-01-01 00:00:00', 'Mauler62-RR5'),
	(62, 'Augmented Acuity', '2000-01-01 00:00:00', 'Mauler621-0-1'),
	(62, 'Augmented Constitution', '2000-01-01 00:00:00', 'Mauler621-0-2'),
	(62, 'Augmented Dexterity', '2000-01-01 00:00:00', 'Mauler621-0-3'),
	(62, 'Augmented Quickness', '2000-01-01 00:00:00', 'Mauler621-0-4'),
	(62, 'Augmented Strength', '2000-01-01 00:00:00', 'Mauler621-0-5'),
	(62, 'Avoidance of Magic', '2000-01-01 00:00:00', 'Mauler621-0-6'),
	(62, 'Determination', '2000-01-01 00:00:00', 'Mauler621-0-7'),
	(62, 'Ethereal Bond', '2000-01-01 00:00:00', 'Mauler621-0-8'),
	(62, 'Lifter', '2000-01-01 00:00:00', 'Mauler621-0-9'),
	(62, 'Long Wind', '2000-01-01 00:00:00', 'Mauler621-1-1'),
	(62, 'Mastery of Focus', '2000-01-01 00:00:00', 'Mauler621-1-3'),
	(62, 'Mastery of Magery', '2000-01-01 00:00:00', 'Mauler621-1-4'),
	(62, 'Mastery of Pain', '2000-01-01 00:00:00', 'Mauler621-1-5'),
	(62, 'Serenity', '2000-01-01 00:00:00', 'Mauler621-1-7'),
	(62, 'Toughness', '2000-01-01 00:00:00', 'Mauler621-1-8'),
	(62, 'Veil Recovery', '2000-01-01 00:00:00', 'Mauler621-1-9'),
	(62, 'Wild Power', '2000-01-01 00:00:00', 'Mauler621-2-1'),
	(62, 'Dual Threat', '2000-01-01 00:00:00', 'Mauler621-2-2'),
	(62, 'First Aid', '2000-01-01 00:00:00', 'Mauler621-2-3'),
	(62, 'Ignore Pain', '2000-01-01 00:00:00', 'Mauler621-2-4'),
	(62, 'Reflex Attack', '2000-01-01 00:00:00', 'Mauler621-2-5'),
	(62, 'The Empty Mind', '2000-01-01 00:00:00', 'Mauler621-2-6'),
	(62, 'Purge', '2000-01-01 00:00:00', 'Mauler621-2-7'),
	(62, 'Thornweed Field', '2000-01-01 00:00:00', 'Mauler621-2-8'),
	(62, 'Second Wind', '2000-01-01 00:00:00', 'Mauler621-2-9'),
	(42, 'Selective Blindness', '2000-01-01 00:00:00', 'Mentalist-RR5'),
	(42, 'Augmented Acuity', '2000-01-01 00:00:00', 'Mentalist1-0-1'),
	(42, 'Augmented Constitution', '2000-01-01 00:00:00', 'Mentalist1-0-2'),
	(42, 'Augmented Dexterity', '2000-01-01 00:00:00', 'Mentalist1-0-3'),
	(42, 'Augmented Quickness', '2000-01-01 00:00:00', 'Mentalist1-0-4'),
	(42, 'Augmented Strength', '2000-01-01 00:00:00', 'Mentalist1-0-5'),
	(42, 'Ethereal Bond', '2000-01-01 00:00:00', 'Mentalist1-0-6'),
	(42, 'Lifter', '2000-01-01 00:00:00', 'Mentalist1-0-7'),
	(42, 'Long Wind', '2000-01-01 00:00:00', 'Mentalist1-0-8'),
	(42, 'Mastery of Focus', '2000-01-01 00:00:00', 'Mentalist1-0-9'),
	(42, 'Mastery of Healing', '2000-01-01 00:00:00', 'Mentalist1-1-1'),
	(42, 'Mastery of Magery', '2000-01-01 00:00:00', 'Mentalist1-1-2'),
	(42, 'Mastery of Pain', '2000-01-01 00:00:00', 'Mentalist1-1-3'),
	(42, 'Physical Defense', '2000-01-01 00:00:00', 'Mentalist1-1-4'),
	(42, 'Serenity', '2000-01-01 00:00:00', 'Mentalist1-1-5'),
	(42, 'Toughness', '2000-01-01 00:00:00', 'Mentalist1-1-6'),
	(42, 'Veil Recovery', '2000-01-01 00:00:00', 'Mentalist1-1-7'),
	(42, 'Wild Healing', '2000-01-01 00:00:00', 'Mentalist1-1-8'),
	(42, 'Wild Minion', '2000-01-01 00:00:00', 'Mentalist1-1-9'),
	(42, 'Wild Power', '2000-01-01 00:00:00', 'Mentalist1-2-1'),
	(42, 'Adrenaline Rush', '2000-01-01 00:00:00', 'Mentalist1-2-2'),
	(42, 'Concentration', '2000-01-01 00:00:00', 'Mentalist1-2-3'),
	(42, 'First Aid', '2000-01-01 00:00:00', 'Mentalist1-2-4'),
	(42, 'Mastery of Concentration', '2000-01-01 00:00:00', 'Mentalist1-2-5'),
	(42, 'Mystic Crystal Lore', '2000-01-01 00:00:00', 'Mentalist1-2-6'),
	(42, 'Negative Maelstrom', '2000-01-01 00:00:00', 'Mentalist1-2-7'),
	(42, 'Purge', '2000-01-01 00:00:00', 'Mentalist1-2-8'),
	(42, 'Raging Power', '2000-01-01 00:00:00', 'Mentalist1-2-9'),
	(42, 'Second Wind', '2000-01-01 00:00:00', 'Mentalist1-3-1'),
	(42, 'Static Tempest', '2000-01-01 00:00:00', 'Mentalist1-3-2'),
	(42, 'Strike Prediction', '2000-01-01 00:00:00', 'Mentalist1-3-3'),
	(42, 'The Empty Mind', '2000-01-01 00:00:00', 'Mentalist1-3-4'),
	(11, 'Blinding Dust', '2000-01-01 00:00:00', 'Mercenary-RR5'),
	(11, 'Augmented Constitution', '2000-01-01 00:00:00', 'Mercenary1-0-1'),
	(11, 'Augmented Dexterity', '2000-01-01 00:00:00', 'Mercenary1-0-2'),
	(11, 'Augmented Quickness', '2000-01-01 00:00:00', 'Mercenary1-0-3'),
	(11, 'Augmented Strength', '2000-01-01 00:00:00', 'Mercenary1-0-4'),
	(11, 'Avoidance of Magic', '2000-01-01 00:00:00', 'Mercenary1-0-5'),
	(11, 'Determination', '2000-01-01 00:00:00', 'Mercenary1-0-6'),
	(11, 'Long Wind', '2000-01-01 00:00:00', 'Mercenary1-0-7'),
	(11, 'Lifter', '2000-01-01 00:00:00', 'Mercenary1-0-8'),
	(11, 'Mastery of Blocking', '2000-01-01 00:00:00', 'Mercenary1-0-9'),
	(11, 'Mastery of Pain', '2000-01-01 00:00:00', 'Mercenary1-1-1'),
	(11, 'Mastery of Parrying', '2000-01-01 00:00:00', 'Mercenary1-1-2'),
	(11, 'Toughness', '2000-01-01 00:00:00', 'Mercenary1-1-3'),
	(11, 'Veil Recovery', '2000-01-01 00:00:00', 'Mercenary1-1-4'),
	(11, 'Charge', '2000-01-01 00:00:00', 'Mercenary1-1-5'),
	(11, 'First Aid', '2000-01-01 00:00:00', 'Mercenary1-1-6'),
	(11, 'Ignore Pain', '2000-01-01 00:00:00', 'Mercenary1-1-7'),
	(11, 'Purge', '2000-01-01 00:00:00', 'Mercenary1-1-8'),
	(11, 'Reflex Attack', '2000-01-01 00:00:00', 'Mercenary1-1-9'),
	(11, 'Second Wind', '2000-01-01 00:00:00', 'Mercenary1-2-1'),
	(11, 'The Empty Mind', '2000-01-01 00:00:00', 'Mercenary1-2-2'),
	(4, 'Calming Notes', '2000-01-01 00:00:00', 'Minstrel-RR5'),
	(4, 'Augmented Acuity', '2000-01-01 00:00:00', 'Minstrel1-0-1'),
	(4, 'Augmented Constitution', '2000-01-01 00:00:00', 'Minstrel1-0-2'),
	(4, 'Augmented Dexterity', '2000-01-01 00:00:00', 'Minstrel1-0-3'),
	(4, 'Augmented Quickness', '2000-01-01 00:00:00', 'Minstrel1-0-4'),
	(4, 'Augmented Strength', '2000-01-01 00:00:00', 'Minstrel1-0-5'),
	(4, 'Avoidance of Magic', '2000-01-01 00:00:00', 'Minstrel1-0-6'),
	(4, 'Ethereal Bond', '2000-01-01 00:00:00', 'Minstrel1-0-7'),
	(4, 'Lifter', '2000-01-01 00:00:00', 'Minstrel1-0-8'),
	(4, 'Long Wind', '2000-01-01 00:00:00', 'Minstrel1-0-9'),
	(4, 'Mastery of Focus', '2000-01-01 00:00:00', 'Minstrel1-1-1'),
	(4, 'Mastery of Magery', '2000-01-01 00:00:00', 'Minstrel1-1-2'),
	(4, 'Mastery of Pain', '2000-01-01 00:00:00', 'Minstrel1-1-3'),
	(4, 'Serenity', '2000-01-01 00:00:00', 'Minstrel1-1-4'),
	(4, 'Toughness', '2000-01-01 00:00:00', 'Minstrel1-1-5'),
	(4, 'Veil Recovery', '2000-01-01 00:00:00', 'Minstrel1-1-6'),
	(4, 'Wild Minion', '2000-01-01 00:00:00', 'Minstrel1-1-7'),
	(4, 'Wild Power', '2000-01-01 00:00:00', 'Minstrel1-1-8'),
	(4, 'Ameliorating Melodies', '2000-01-01 00:00:00', 'Minstrel1-1-9'),
	(4, 'First Aid', '2000-01-01 00:00:00', 'Minstrel1-2-1'),
	(4, 'Ignore Pain', '2000-01-01 00:00:00', 'Minstrel1-2-2'),
	(4, 'Mastery of Concentration', '2000-01-01 00:00:00', 'Minstrel1-2-3'),
	(4, 'Mystic Crystal Lore', '2000-01-01 00:00:00', 'Minstrel1-2-4'),
	(4, 'Second Wind', '2000-01-01 00:00:00', 'Minstrel1-2-5'),
	(4, 'Speed of Sound', '2000-01-01 00:00:00', 'Minstrel1-2-6'),
	(4, 'The Empty Mind', '2000-01-01 00:00:00', 'Minstrel1-2-7'),
	(4, 'Purge', '2000-01-01 00:00:00', 'Minstrel1-2-8'),
	(12, 'Call of Darkness', '2000-01-01 00:00:00', 'Necromancer-RR5'),
	(12, 'Augmented Acuity', '2000-01-01 00:00:00', 'Necromancer1-0-1'),
	(12, 'Augmented Dexterity', '2000-01-01 00:00:00', 'Necromancer1-0-2'),
	(12, 'Augmented Strength', '2000-01-01 00:00:00', 'Necromancer1-0-3'),
	(12, 'Ethereal Bond', '2000-01-01 00:00:00', 'Necromancer1-0-4'),
	(12, 'Lifter', '2000-01-01 00:00:00', 'Necromancer1-0-5'),
	(12, 'Long Wind', '2000-01-01 00:00:00', 'Necromancer1-0-6'),
	(12, 'Mastery of Focus', '2000-01-01 00:00:00', 'Necromancer1-0-7'),
	(12, 'Mastery of Magery', '2000-01-01 00:00:00', 'Necromancer1-0-8'),
	(12, 'Mastery of Pain', '2000-01-01 00:00:00', 'Necromancer1-0-9'),
	(12, 'Serenity', '2000-01-01 00:00:00', 'Necromancer1-1-1'),
	(12, 'Toughness', '2000-01-01 00:00:00', 'Necromancer1-1-2'),
	(12, 'Veil Recovery', '2000-01-01 00:00:00', 'Necromancer1-1-3'),
	(12, 'Wild Power', '2000-01-01 00:00:00', 'Necromancer1-1-4'),
	(12, 'Concentration', '2000-01-01 00:00:00', 'Necromancer1-1-5'),
	(12, 'First Aid', '2000-01-01 00:00:00', 'Necromancer1-1-6'),
	(12, 'Ichor of the Deep', '2000-01-01 00:00:00', 'Necromancer1-1-7'),
	(12, 'Mastery of Concentration', '2000-01-01 00:00:00', 'Necromancer1-1-8'),
	(12, 'Mystic Crystal Lore', '2000-01-01 00:00:00', 'Necromancer1-1-9'),
	(12, 'Negative Maelstrom', '2000-01-01 00:00:00', 'Necromancer1-2-1'),
	(12, 'Raging Power', '2000-01-01 00:00:00', 'Necromancer1-2-2'),
	(12, 'Second Wind', '2000-01-01 00:00:00', 'Necromancer1-2-3'),
	(12, 'The Empty Mind', '2000-01-01 00:00:00', 'Necromancer1-2-4'),
	(49, 'Remedy', '2000-01-01 00:00:00', 'Nightshade-RR5'),
	(49, 'Augmented Constitution', '2000-01-01 00:00:00', 'Nightshade1-0-1'),
	(49, 'Augmented Dexterity', '2000-01-01 00:00:00', 'Nightshade1-0-2'),
	(49, 'Augmented Quickness', '2000-01-01 00:00:00', 'Nightshade1-0-3'),
	(49, 'Augmented Strength', '2000-01-01 00:00:00', 'Nightshade1-0-4'),
	(49, 'Avoidance of Magic', '2000-01-01 00:00:00', 'Nightshade1-0-5'),
	(49, 'Ethereal Bond', '2000-01-01 00:00:00', 'Nightshade1-0-6'),
	(49, 'Lifter', '2000-01-01 00:00:00', 'Nightshade1-0-7'),
	(49, 'Long Wind', '2000-01-01 00:00:00', 'Nightshade1-0-8'),
	(49, 'Wild Power', '2000-01-01 00:00:00', 'Nightshade1-0-9'),
	(49, 'Mastery of Magery', '2000-01-01 00:00:00', 'Nightshade1-1-1'),
	(49, 'Mastery of Pain', '2000-01-01 00:00:00', 'Nightshade1-1-2'),
	(49, 'Mastery of Stealth', '2000-01-01 00:00:00', 'Nightshade1-1-4'),
	(49, 'Serenity', '2000-01-01 00:00:00', 'Nightshade1-1-5'),
	(49, 'Veil Recovery', '2000-01-01 00:00:00', 'Nightshade1-1-6'),
	(49, 'First Aid', '2000-01-01 00:00:00', 'Nightshade1-1-7'),
	(49, 'Mastery of Concentration', '2000-01-01 00:00:00', 'Nightshade1-1-8'),
	(49, 'Mystic Crystal Lore', '2000-01-01 00:00:00', 'Nightshade1-1-9'),
	(49, 'Purge', '2000-01-01 00:00:00', 'Nightshade1-2-1'),
	(49, 'Raging Power', '2000-01-01 00:00:00', 'Nightshade1-2-2'),
	(49, 'Second Wind', '2000-01-01 00:00:00', 'Nightshade1-2-3'),
	(49, 'The Empty Mind', '2000-01-01 00:00:00', 'Nightshade1-2-4'),
	(49, 'Vanish', '2000-01-01 00:00:00', 'Nightshade1-2-5'),
	(49, 'Viper', '2000-01-01 00:00:00', 'Nightshade1-2-6'),
	(49, 'Toughness', '2000-01-01 00:00:00', 'Nightshade1-2-7'),
	(49, 'Mastery of Focus', '2000-01-01 00:00:00', 'Nightshade1-2-8'),
	(1, 'Selfless Devotion', '2000-01-01 00:00:00', 'Paladin-RR5'),
	(1, 'Augmented Acuity', '2000-01-01 00:00:00', 'Paladin1-0-1'),
	(1, 'Augmented Constitution', '2000-01-01 00:00:00', 'Paladin1-0-2'),
	(1, 'Augmented Dexterity', '2000-01-01 00:00:00', 'Paladin1-0-3'),
	(1, 'Augmented Quickness', '2000-01-01 00:00:00', 'Paladin1-0-4'),
	(1, 'Augmented Strength', '2000-01-01 00:00:00', 'Paladin1-0-5'),
	(1, 'Avoidance of Magic', '2000-01-01 00:00:00', 'Paladin1-0-6'),
	(1, 'Determination', '2000-01-01 00:00:00', 'Paladin1-0-7'),
	(1, 'Ethereal Bond', '2000-01-01 00:00:00', 'Paladin1-0-8'),
	(1, 'Lifter', '2000-01-01 00:00:00', 'Paladin1-0-9'),
	(1, 'Long Wind', '2000-01-01 00:00:00', 'Paladin1-1-1'),
	(1, 'Mastery of Blocking', '2000-01-01 00:00:00', 'Paladin1-1-2'),
	(1, 'Mastery of Magery', '2000-01-01 00:00:00', 'Paladin1-1-3'),
	(1, 'Mastery of Pain', '2000-01-01 00:00:00', 'Paladin1-1-4'),
	(1, 'Mastery of Parrying', '2000-01-01 00:00:00', 'Paladin1-1-5'),
	(1, 'Serenity', '2000-01-01 00:00:00', 'Paladin1-1-6'),
	(1, 'Toughness', '2000-01-01 00:00:00', 'Paladin1-1-7'),
	(1, 'Veil Recovery', '2000-01-01 00:00:00', 'Paladin1-1-8'),
	(1, 'Wild Power', '2000-01-01 00:00:00', 'Paladin1-1-9'),
	(1, 'Anger of the Gods', '2000-01-01 00:00:00', 'Paladin1-2-1'),
	(1, 'First Aid', '2000-01-01 00:00:00', 'Paladin1-2-2'),
	(1, 'Ignore Pain', '2000-01-01 00:00:00', 'Paladin1-2-3'),
	(1, 'Mystic Crystal Lore', '2000-01-01 00:00:00', 'Paladin1-2-4'),
	(1, 'Purge', '2000-01-01 00:00:00', 'Paladin1-2-5'),
	(1, 'Raging Power', '2000-01-01 00:00:00', 'Paladin1-2-6'),
	(1, 'Second Wind', '2000-01-01 00:00:00', 'Paladin1-2-7'),
	(1, 'The Empty Mind', '2000-01-01 00:00:00', 'Paladin1-2-8'),
	(1, 'Vehement Renewal', '2000-01-01 00:00:00', 'Paladin1-2-9'),
	(1, 'Wrath of Champions', '2000-01-01 00:00:00', 'Paladin1-3-1'),
	(50, 'Desperate Bowman', '2000-01-01 00:00:00', 'Ranger-RR5'),
	(50, 'Augmented Constitution', '2000-01-01 00:00:00', 'Ranger1-0-1'),
	(50, 'Augmented Dexterity', '2000-01-01 00:00:00', 'Ranger1-0-2'),
	(50, 'Augmented Quickness', '2000-01-01 00:00:00', 'Ranger1-0-3'),
	(50, 'Augmented Strength', '2000-01-01 00:00:00', 'Ranger1-0-4'),
	(50, 'Avoidance of Magic', '2000-01-01 00:00:00', 'Ranger1-0-5'),
	(50, 'Determination', '2000-01-01 00:00:00', 'Ranger1-0-6'),
	(50, 'Ethereal Bond', '2000-01-01 00:00:00', 'Ranger1-0-7'),
	(50, 'Falcons Eye', '2000-01-01 00:00:00', 'Ranger1-0-8'),
	(50, 'Lifter', '2000-01-01 00:00:00', 'Ranger1-0-9'),
	(50, 'Long Wind', '2000-01-01 00:00:00', 'Ranger1-1-1'),
	(50, 'Mastery of Pain', '2000-01-01 00:00:00', 'Ranger1-1-2'),
	(50, 'Mastery of Stealth', '2000-01-01 00:00:00', 'Ranger1-1-3'),
	(50, 'Serenity', '2000-01-01 00:00:00', 'Ranger1-1-5'),
	(50, 'Toughness', '2000-01-01 00:00:00', 'Ranger1-1-7'),
	(50, 'Veil Recovery', '2000-01-01 00:00:00', 'Ranger1-1-8'),
	(50, 'Arrow Summoning', '2000-01-01 00:00:00', 'Ranger1-1-9'),
	(50, 'First Aid', '2000-01-01 00:00:00', 'Ranger1-2-1'),
	(50, 'Ignore Pain', '2000-01-01 00:00:00', 'Ranger1-2-2'),
	(50, 'Mastery of Concentration', '2000-01-01 00:00:00', 'Ranger1-2-3'),
	(50, 'Mystic Crystal Lore', '2000-01-01 00:00:00', 'Ranger1-2-4'),
	(50, 'Purge', '2000-01-01 00:00:00', 'Ranger1-2-5'),
	(50, 'Raging Power', '2000-01-01 00:00:00', 'Ranger1-2-6'),
	(50, 'Second Wind', '2000-01-01 00:00:00', 'Ranger1-2-7'),
	(50, 'The Empty Mind', '2000-01-01 00:00:00', 'Ranger1-2-8'),
	(50, 'Trueshot', '2000-01-01 00:00:00', 'Ranger1-2-9'),
	(19, 'Soul Quench', '2000-01-01 00:00:00', 'Reaver-RR5'),
	(19, 'Augmented Acuity', '2000-01-01 00:00:00', 'Reaver1-0-1'),
	(19, 'Augmented Constitution', '2000-01-01 00:00:00', 'Reaver1-0-2'),
	(19, 'Augmented Dexterity', '2000-01-01 00:00:00', 'Reaver1-0-3'),
	(19, 'Augmented Quickness', '2000-01-01 00:00:00', 'Reaver1-0-4'),
	(19, 'Augmented Strength', '2000-01-01 00:00:00', 'Reaver1-0-5'),
	(19, 'Avoidance of Magic', '2000-01-01 00:00:00', 'Reaver1-0-6'),
	(19, 'Determination', '2000-01-01 00:00:00', 'Reaver1-0-7'),
	(19, 'Ethereal Bond', '2000-01-01 00:00:00', 'Reaver1-0-8'),
	(19, 'Lifter', '2000-01-01 00:00:00', 'Reaver1-0-9'),
	(19, 'Long Wind', '2000-01-01 00:00:00', 'Reaver1-1-1'),
	(19, 'Mastery of Blocking', '2000-01-01 00:00:00', 'Reaver1-1-2'),
	(19, 'Mastery of Focus', '2000-01-01 00:00:00', 'Reaver1-1-3'),
	(19, 'Mastery of Magery', '2000-01-01 00:00:00', 'Reaver1-1-4'),
	(19, 'Mastery of Pain', '2000-01-01 00:00:00', 'Reaver1-1-5'),
	(19, 'Mastery of Parrying', '2000-01-01 00:00:00', 'Reaver1-1-6'),
	(19, 'Serenity', '2000-01-01 00:00:00', 'Reaver1-1-7'),
	(19, 'Toughness', '2000-01-01 00:00:00', 'Reaver1-1-8'),
	(19, 'Veil Recovery', '2000-01-01 00:00:00', 'Reaver1-1-9'),
	(19, 'Wild Power', '2000-01-01 00:00:00', 'Reaver1-2-1'),
	(19, 'Dual Threat', '2000-01-01 00:00:00', 'Reaver1-2-2'),
	(19, 'First Aid', '2000-01-01 00:00:00', 'Reaver1-2-3'),
	(19, 'Ignore Pain', '2000-01-01 00:00:00', 'Reaver1-2-4'),
	(19, 'Mystic Crystal Lore', '2000-01-01 00:00:00', 'Reaver1-2-5'),
	(19, 'Purge', '2000-01-01 00:00:00', 'Reaver1-2-6'),
	(19, 'Raging Power', '2000-01-01 00:00:00', 'Reaver1-2-7'),
	(19, 'Second Wind', '2000-01-01 00:00:00', 'Reaver1-2-8'),
	(19, 'Strike Prediction', '2000-01-01 00:00:00', 'Reaver1-2-9'),
	(19, 'The Empty Mind', '2000-01-01 00:00:00', 'Reaver1-3-1'),
	(19, 'Thornweed Field', '2000-01-01 00:00:00', 'Reaver1-3-2'),
	(29, 'Rune of Utter Agility', '2000-01-01 00:00:00', 'Runemaster-RR5'),
	(29, 'Augmented Acuity', '2000-01-01 00:00:00', 'Runemaster1-0-1'),
	(29, 'Augmented Constitution', '2000-01-01 00:00:00', 'Runemaster1-0-2'),
	(29, 'Augmented Dexterity', '2000-01-01 00:00:00', 'Runemaster1-0-3'),
	(29, 'Augmented Quickness', '2000-01-01 00:00:00', 'Runemaster1-0-4'),
	(29, 'Augmented Strength', '2000-01-01 00:00:00', 'Runemaster1-0-5'),
	(29, 'Ethereal Bond', '2000-01-01 00:00:00', 'Runemaster1-0-6'),
	(29, 'Lifter', '2000-01-01 00:00:00', 'Runemaster1-0-7'),
	(29, 'Long Wind', '2000-01-01 00:00:00', 'Runemaster1-0-8'),
	(29, 'Mastery of Focus', '2000-01-01 00:00:00', 'Runemaster1-0-9'),
	(29, 'Mastery of Magery', '2000-01-01 00:00:00', 'Runemaster1-1-1'),
	(29, 'Mastery of Pain', '2000-01-01 00:00:00', 'Runemaster1-1-2'),
	(29, 'Physical Defense', '2000-01-01 00:00:00', 'Runemaster1-1-3'),
	(29, 'Serenity', '2000-01-01 00:00:00', 'Runemaster1-1-4'),
	(29, 'Toughness', '2000-01-01 00:00:00', 'Runemaster1-1-5'),
	(29, 'Veil Recovery', '2000-01-01 00:00:00', 'Runemaster1-1-6'),
	(29, 'Wild Power', '2000-01-01 00:00:00', 'Runemaster1-1-7'),
	(29, 'Adrenaline Rush', '2000-01-01 00:00:00', 'Runemaster1-1-8'),
	(29, 'Concentration', '2000-01-01 00:00:00', 'Runemaster1-1-9'),
	(29, 'Decimation Trap', '2000-01-01 00:00:00', 'Runemaster1-2-1'),
	(29, 'First Aid', '2000-01-01 00:00:00', 'Runemaster1-2-2'),
	(29, 'Mastery of Concentration', '2000-01-01 00:00:00', 'Runemaster1-2-3'),
	(29, 'Mystic Crystal Lore', '2000-01-01 00:00:00', 'Runemaster1-2-4'),
	(29, 'Purge', '2000-01-01 00:00:00', 'Runemaster1-2-5'),
	(29, 'Raging Power', '2000-01-01 00:00:00', 'Runemaster1-2-6'),
	(29, 'Second Wind', '2000-01-01 00:00:00', 'Runemaster1-2-7'),
	(29, 'The Empty Mind', '2000-01-01 00:00:00', 'Runemaster1-2-8'),
	(29, 'Volcanic Pillar', '2000-01-01 00:00:00', 'Runemaster1-2-9'),
	(32, 'Augmented Constitution', '2000-01-01 00:00:00', 'Savage-1-0-1'),
	(32, 'Augmented Dexterity', '2000-01-01 00:00:00', 'Savage-1-0-2'),
	(32, 'Augmented Quickness', '2000-01-01 00:00:00', 'Savage-1-0-3'),
	(32, 'Augmented Strength', '2000-01-01 00:00:00', 'Savage-1-0-4'),
	(32, 'Avoidance of Magic', '2000-01-01 00:00:00', 'Savage-1-0-5'),
	(32, 'Determination', '2000-01-01 00:00:00', 'Savage-1-0-6'),
	(32, 'Ethereal Bond', '2000-01-01 00:00:00', 'Savage-1-0-7'),
	(32, 'Lifter', '2000-01-01 00:00:00', 'Savage-1-0-8'),
	(32, 'Long Wind', '2000-01-01 00:00:00', 'Savage-1-0-9'),
	(32, 'Mastery of Focus', '2000-01-01 00:00:00', 'Savage-1-1-1'),
	(32, 'Mastery of Pain', '2000-01-01 00:00:00', 'Savage-1-1-2'),
	(32, 'Mastery of Parrying', '2000-01-01 00:00:00', 'Savage-1-1-3'),
	(32, 'Serenity', '2000-01-01 00:00:00', 'Savage-1-1-4'),
	(32, 'Toughness', '2000-01-01 00:00:00', 'Savage-1-1-5'),
	(32, 'Veil Recovery', '2000-01-01 00:00:00', 'Savage-1-1-6'),
	(32, 'Wild Power', '2000-01-01 00:00:00', 'Savage-1-1-7'),
	(32, 'First Aid', '2000-01-01 00:00:00', 'Savage-1-1-8'),
	(32, 'Ignore Pain', '2000-01-01 00:00:00', 'Savage-1-1-9'),
	(32, 'Purge', '2000-01-01 00:00:00', 'Savage-1-2-1'),
	(32, 'Second Wind', '2000-01-01 00:00:00', 'Savage-1-2-2'),
	(32, 'Strike Prediction', '2000-01-01 00:00:00', 'Savage-1-2-3'),
	(32, 'The Empty Mind', '2000-01-01 00:00:00', 'Savage-1-2-4'),
	(32, 'Blissful Ignorance', '2000-01-01 00:00:00', 'Savage-1-2-5'),
	(32, 'Charge', '2000-01-01 00:00:00', 'Savage-1-2-6'),
	(32, 'Charge', '2000-01-01 00:00:00', 'Savage1-107'),
	(3, 'Mastery of Concentration', '2000-01-01 00:00:00', 'Scout-MoC'),
	(3, 'Shield Trip', '2000-01-01 00:00:00', 'Scout-RR5'),
	(3, 'Augmented Constitution', '2000-01-01 00:00:00', 'Scout1-0-1'),
	(3, 'Augmented Dexterity', '2000-01-01 00:00:00', 'Scout1-0-2'),
	(3, 'Augmented Quickness', '2000-01-01 00:00:00', 'Scout1-0-3'),
	(3, 'Augmented Strength', '2000-01-01 00:00:00', 'Scout1-0-4'),
	(3, 'Avoidance of Magic', '2000-01-01 00:00:00', 'Scout1-0-5'),
	(3, 'Determination', '2000-01-01 00:00:00', 'Scout1-0-6'),
	(3, 'Falcons Eye', '2000-01-01 00:00:00', 'Scout1-0-7'),
	(3, 'Lifter', '2000-01-01 00:00:00', 'Scout1-0-8'),
	(3, 'Long Wind', '2000-01-01 00:00:00', 'Scout1-0-9'),
	(3, 'Mastery of Blocking', '2000-01-01 00:00:00', 'Scout1-1-1'),
	(3, 'Mastery of Pain', '2000-01-01 00:00:00', 'Scout1-1-2'),
	(3, 'Mastery of Stealth', '2000-01-01 00:00:00', 'Scout1-1-3'),
	(3, 'Toughness', '2000-01-01 00:00:00', 'Scout1-1-5'),
	(3, 'Veil Recovery', '2000-01-01 00:00:00', 'Scout1-1-6'),
	(3, 'Arrow Summoning', '2000-01-01 00:00:00', 'Scout1-1-7'),
	(3, 'First Aid', '2000-01-01 00:00:00', 'Scout1-1-8'),
	(3, 'Ignore Pain', '2000-01-01 00:00:00', 'Scout1-1-9'),
	(3, 'Mastery of Concentration', '2000-01-01 00:00:00', 'Scout1-2-1'),
	(3, 'Purge', '2000-01-01 00:00:00', 'Scout1-2-2'),
	(3, 'Second Wind', '2000-01-01 00:00:00', 'Scout1-2-3'),
	(3, 'The Empty Mind', '2000-01-01 00:00:00', 'Scout1-2-4'),
	(3, 'Trueshot', '2000-01-01 00:00:00', 'Scout1-2-5'),
	(23, 'Remedy', '2000-01-01 00:00:00', 'Shadowblade-RR5'),
	(23, 'Augmented Constitution', '2000-01-01 00:00:00', 'Shadowblade1-0-1'),
	(23, 'Augmented Dexterity', '2000-01-01 00:00:00', 'Shadowblade1-0-2'),
	(23, 'Augmented Quickness', '2000-01-01 00:00:00', 'Shadowblade1-0-3'),
	(23, 'Augmented Strength', '2000-01-01 00:00:00', 'Shadowblade1-0-4'),
	(23, 'Avoidance of Magic', '2000-01-01 00:00:00', 'Shadowblade1-0-5'),
	(23, 'Lifter', '2000-01-01 00:00:00', 'Shadowblade1-0-6'),
	(23, 'Long Wind', '2000-01-01 00:00:00', 'Shadowblade1-0-7'),
	(23, 'Mastery of Pain', '2000-01-01 00:00:00', 'Shadowblade1-0-8'),
	(23, 'Mastery of Stealth', '2000-01-01 00:00:00', 'Shadowblade1-1-1'),
	(23, 'Toughness', '2000-01-01 00:00:00', 'Shadowblade1-1-2'),
	(23, 'Veil Recovery', '2000-01-01 00:00:00', 'Shadowblade1-1-3'),
	(23, 'First Aid', '2000-01-01 00:00:00', 'Shadowblade1-1-4'),
	(23, 'Purge', '2000-01-01 00:00:00', 'Shadowblade1-1-5'),
	(23, 'Second Wind', '2000-01-01 00:00:00', 'Shadowblade1-1-6'),
	(23, 'The Empty Mind', '2000-01-01 00:00:00', 'Shadowblade1-1-7'),
	(23, 'Vanish', '2000-01-01 00:00:00', 'Shadowblade1-1-8'),
	(23, 'Viper', '2000-01-01 00:00:00', 'Shadowblade1-1-9'),
	(28, 'Restorative Mend', '2000-01-01 00:00:00', 'Shaman-RR5'),
	(28, 'Augmented Acuity', '2000-01-01 00:00:00', 'Shaman1-0-1'),
	(28, 'Augmented Constitution', '2000-01-01 00:00:00', 'Shaman1-0-2'),
	(28, 'Augmented Dexterity', '2000-01-01 00:00:00', 'Shaman1-0-3'),
	(28, 'Augmented Quickness', '2000-01-01 00:00:00', 'Shaman1-0-4'),
	(28, 'Augmented Strength', '2000-01-01 00:00:00', 'Shaman1-0-5'),
	(28, 'Avoidance of Magic', '2000-01-01 00:00:00', 'Shaman1-0-6'),
	(28, 'Ethereal Bond', '2000-01-01 00:00:00', 'Shaman1-0-7'),
	(28, 'Lifter', '2000-01-01 00:00:00', 'Shaman1-0-8'),
	(28, 'Long Wind', '2000-01-01 00:00:00', 'Shaman1-0-9'),
	(28, 'Mastery of Focus', '2000-01-01 00:00:00', 'Shaman1-1-1'),
	(28, 'Mastery of Healing', '2000-01-01 00:00:00', 'Shaman1-1-2'),
	(28, 'Mastery of Magery', '2000-01-01 00:00:00', 'Shaman1-1-3'),
	(28, 'Mastery of Pain', '2000-01-01 00:00:00', 'Shaman1-1-4'),
	(28, 'Serenity', '2000-01-01 00:00:00', 'Shaman1-1-5'),
	(28, 'Toughness', '2000-01-01 00:00:00', 'Shaman1-1-6'),
	(28, 'Veil Recovery', '2000-01-01 00:00:00', 'Shaman1-1-7'),
	(28, 'Wild Healing', '2000-01-01 00:00:00', 'Shaman1-1-8'),
	(28, 'Wild Power', '2000-01-01 00:00:00', 'Shaman1-1-9'),
	(28, 'Adrenaline Rush', '2000-01-01 00:00:00', 'Shaman1-2-1'),
	(28, 'First Aid', '2000-01-01 00:00:00', 'Shaman1-2-2'),
	(28, 'Ichor of the Deep', '2000-01-01 00:00:00', 'Shaman1-2-3'),
	(28, 'Mastery of Concentration', '2000-01-01 00:00:00', 'Shaman1-2-4'),
	(28, 'Mystic Crystal Lore', '2000-01-01 00:00:00', 'Shaman1-2-5'),
	(28, 'Purge', '2000-01-01 00:00:00', 'Shaman1-2-6'),
	(28, 'Raging Power', '2000-01-01 00:00:00', 'Shaman1-2-7'),
	(28, 'Second Wind', '2000-01-01 00:00:00', 'Shaman1-2-8'),
	(28, 'The Empty Mind', '2000-01-01 00:00:00', 'Shaman1-2-9'),
	(28, 'Vehement Renewal', '2000-01-01 00:00:00', 'Shaman1-3-1'),
	(24, 'Epiphany', '2000-01-01 00:00:00', 'Skald-RR5'),
	(24, 'Augmented Acuity', '2000-01-01 00:00:00', 'Skald1-0-1'),
	(24, 'Augmented Constitution', '2000-01-01 00:00:00', 'Skald1-0-2'),
	(24, 'Augmented Dexterity', '2000-01-01 00:00:00', 'Skald1-0-3'),
	(24, 'Augmented Quickness', '2000-01-01 00:00:00', 'Skald1-0-4'),
	(24, 'Augmented Strength', '2000-01-01 00:00:00', 'Skald1-0-5'),
	(24, 'Avoidance of Magic', '2000-01-01 00:00:00', 'Skald1-0-6'),
	(24, 'Ethereal Bond', '2000-01-01 00:00:00', 'Skald1-0-7'),
	(24, 'Lifter', '2000-01-01 00:00:00', 'Skald1-0-8'),
	(24, 'Long Wind', '2000-01-01 00:00:00', 'Skald1-0-9'),
	(24, 'Mastery of Focus', '2000-01-01 00:00:00', 'Skald1-1-1'),
	(24, 'Mastery of Magery', '2000-01-01 00:00:00', 'Skald1-1-2'),
	(24, 'Mastery of Pain', '2000-01-01 00:00:00', 'Skald1-1-3'),
	(24, 'Mastery of Parrying', '2000-01-01 00:00:00', 'Skald1-1-4'),
	(24, 'Serenity', '2000-01-01 00:00:00', 'Skald1-1-5'),
	(24, 'Toughness', '2000-01-01 00:00:00', 'Skald1-1-6'),
	(24, 'Veil Recovery', '2000-01-01 00:00:00', 'Skald1-1-7'),
	(24, 'Wild Power', '2000-01-01 00:00:00', 'Skald1-1-8'),
	(24, 'Ameliorating Melodies', '2000-01-01 00:00:00', 'Skald1-1-9'),
	(24, 'Anger of the Gods', '2000-01-01 00:00:00', 'Skald1-2-1'),
	(24, 'First Aid', '2000-01-01 00:00:00', 'Skald1-2-2'),
	(24, 'Ignore Pain', '2000-01-01 00:00:00', 'Skald1-2-3'),
	(24, 'Mastery of Concentration', '2000-01-01 00:00:00', 'Skald1-2-4'),
	(24, 'Mystic Crystal Lore', '2000-01-01 00:00:00', 'Skald1-2-5'),
	(24, 'Purge', '2000-01-01 00:00:00', 'Skald1-2-6'),
	(24, 'Raging Power', '2000-01-01 00:00:00', 'Skald1-2-7'),
	(24, 'Second Wind', '2000-01-01 00:00:00', 'Skald1-2-8'),
	(24, 'Speed of Sound', '2000-01-01 00:00:00', 'Skald1-2-9'),
	(24, 'The Empty Mind', '2000-01-01 00:00:00', 'Skald1-3-1'),
	(8, 'Shield of Immunity', '2000-01-01 00:00:00', 'Sorcerer-RR5'),
	(8, 'Augmented Acuity', '2000-01-01 00:00:00', 'Sorcerer1-0-1'),
	(8, 'Augmented Constitution', '2000-01-01 00:00:00', 'Sorcerer1-0-2'),
	(8, 'Augmented Dexterity', '2000-01-01 00:00:00', 'Sorcerer1-0-3'),
	(8, 'Augmented Quickness', '2000-01-01 00:00:00', 'Sorcerer1-0-4'),
	(8, 'Augmented Strength', '2000-01-01 00:00:00', 'Sorcerer1-0-5'),
	(8, 'Ethereal Bond', '2000-01-01 00:00:00', 'Sorcerer1-0-6'),
	(8, 'Lifter', '2000-01-01 00:00:00', 'Sorcerer1-0-7'),
	(8, 'Long Wind', '2000-01-01 00:00:00', 'Sorcerer1-0-8'),
	(8, 'Mastery of Focus', '2000-01-01 00:00:00', 'Sorcerer1-0-9'),
	(8, 'Mastery of Magery', '2000-01-01 00:00:00', 'Sorcerer1-1-1'),
	(8, 'Mastery of Pain', '2000-01-01 00:00:00', 'Sorcerer1-1-2'),
	(8, 'Physical Defense', '2000-01-01 00:00:00', 'Sorcerer1-1-3'),
	(8, 'Serenity', '2000-01-01 00:00:00', 'Sorcerer1-1-4'),
	(8, 'Toughness', '2000-01-01 00:00:00', 'Sorcerer1-1-5'),
	(8, 'Veil Recovery', '2000-01-01 00:00:00', 'Sorcerer1-1-6'),
	(8, 'Wild Minion', '2000-01-01 00:00:00', 'Sorcerer1-1-7'),
	(8, 'Wild Power', '2000-01-01 00:00:00', 'Sorcerer1-1-8'),
	(8, 'Adrenaline Rush', '2000-01-01 00:00:00', 'Sorcerer1-1-9'),
	(8, 'Concentration', '2000-01-01 00:00:00', 'Sorcerer1-2-1'),
	(8, 'First Aid', '2000-01-01 00:00:00', 'Sorcerer1-2-2'),
	(8, 'Ichor of the Deep', '2000-01-01 00:00:00', 'Sorcerer1-2-3'),
	(8, 'Mastery of Concentration', '2000-01-01 00:00:00', 'Sorcerer1-2-4'),
	(8, 'Mystic Crystal Lore', '2000-01-01 00:00:00', 'Sorcerer1-2-5'),
	(8, 'Negative Maelstrom', '2000-01-01 00:00:00', 'Sorcerer1-2-6'),
	(8, 'Purge', '2000-01-01 00:00:00', 'Sorcerer1-2-7'),
	(8, 'Raging Power', '2000-01-01 00:00:00', 'Sorcerer1-2-8'),
	(8, 'Second Wind', '2000-01-01 00:00:00', 'Sorcerer1-2-9'),
	(8, 'The Empty Mind', '2000-01-01 00:00:00', 'Sorcerer1-3-1'),
	(27, 'Spirit Martyr', '2000-01-01 00:00:00', 'Spiritmaster-RR5'),
	(27, 'Augmented Acuity', '2000-01-01 00:00:00', 'Spiritmaster1-0-1'),
	(27, 'Augmented Constitution', '2000-01-01 00:00:00', 'Spiritmaster1-0-2'),
	(27, 'Augmented Dexterity', '2000-01-01 00:00:00', 'Spiritmaster1-0-3'),
	(27, 'Augmented Quickness', '2000-01-01 00:00:00', 'Spiritmaster1-0-4'),
	(27, 'Augmented Strength', '2000-01-01 00:00:00', 'Spiritmaster1-0-5'),
	(27, 'Ethereal Bond', '2000-01-01 00:00:00', 'Spiritmaster1-0-6'),
	(27, 'Lifter', '2000-01-01 00:00:00', 'Spiritmaster1-0-7'),
	(27, 'Long Wind', '2000-01-01 00:00:00', 'Spiritmaster1-0-8'),
	(27, 'Mastery of Focus', '2000-01-01 00:00:00', 'Spiritmaster1-0-9'),
	(27, 'Mastery of Magery', '2000-01-01 00:00:00', 'Spiritmaster1-1-1'),
	(27, 'Mastery of Pain', '2000-01-01 00:00:00', 'Spiritmaster1-1-2'),
	(27, 'Physical Defense', '2000-01-01 00:00:00', 'Spiritmaster1-1-3'),
	(27, 'Serenity', '2000-01-01 00:00:00', 'Spiritmaster1-1-4'),
	(27, 'Toughness', '2000-01-01 00:00:00', 'Spiritmaster1-1-5'),
	(27, 'Veil Recovery', '2000-01-01 00:00:00', 'Spiritmaster1-1-6'),
	(27, 'Wild Minion', '2000-01-01 00:00:00', 'Spiritmaster1-1-7'),
	(27, 'Wild Power', '2000-01-01 00:00:00', 'Spiritmaster1-1-8'),
	(27, 'Adrenaline Rush', '2000-01-01 00:00:00', 'Spiritmaster1-1-9'),
	(27, 'Bedazzling Aura', '2000-01-01 00:00:00', 'Spiritmaster1-2-1'),
	(27, 'Concentration', '2000-01-01 00:00:00', 'Spiritmaster1-2-2'),
	(27, 'First Aid', '2000-01-01 00:00:00', 'Spiritmaster1-2-3'),
	(27, 'Juggernaut', '2000-01-01 00:00:00', 'Spiritmaster1-2-4'),
	(27, 'Mastery of Concentration', '2000-01-01 00:00:00', 'Spiritmaster1-2-5'),
	(27, 'Mystic Crystal Lore', '2000-01-01 00:00:00', 'Spiritmaster1-2-6'),
	(27, 'Negative Maelstrom', '2000-01-01 00:00:00', 'Spiritmaster1-2-7'),
	(27, 'Purge', '2000-01-01 00:00:00', 'Spiritmaster1-2-8'),
	(27, 'Raging Power', '2000-01-01 00:00:00', 'Spiritmaster1-2-9'),
	(27, 'Second Wind', '2000-01-01 00:00:00', 'Spiritmaster1-3-1'),
	(27, 'The Empty Mind', '2000-01-01 00:00:00', 'Spiritmaster1-3-2'),
	(21, 'Chain Lightning', '2000-01-01 00:00:00', 'Thane-RR5'),
	(21, 'Augmented Acuity', '2000-01-01 00:00:00', 'Thane1-0-1'),
	(21, 'Augmented Constitution', '2000-01-01 00:00:00', 'Thane1-0-2'),
	(21, 'Augmented Dexterity', '2000-01-01 00:00:00', 'Thane1-0-3'),
	(21, 'Augmented Quickness', '2000-01-01 00:00:00', 'Thane1-0-4'),
	(21, 'Augmented Strength', '2000-01-01 00:00:00', 'Thane1-0-5'),
	(21, 'Avoidance of Magic', '2000-01-01 00:00:00', 'Thane1-0-6'),
	(21, 'Determination', '2000-01-01 00:00:00', 'Thane1-0-7'),
	(21, 'Ethereal Bond', '2000-01-01 00:00:00', 'Thane1-0-8'),
	(21, 'Lifter', '2000-01-01 00:00:00', 'Thane1-0-9'),
	(21, 'Long Wind', '2000-01-01 00:00:00', 'Thane1-1-1'),
	(21, 'Mastery of Blocking', '2000-01-01 00:00:00', 'Thane1-1-2'),
	(21, 'Mastery of Focus', '2000-01-01 00:00:00', 'Thane1-1-3'),
	(21, 'Mastery of Magery', '2000-01-01 00:00:00', 'Thane1-1-4'),
	(21, 'Mastery of Pain', '2000-01-01 00:00:00', 'Thane1-1-5'),
	(21, 'Mastery of Parrying', '2000-01-01 00:00:00', 'Thane1-1-6'),
	(21, 'Serenity', '2000-01-01 00:00:00', 'Thane1-1-7'),
	(21, 'Toughness', '2000-01-01 00:00:00', 'Thane1-1-8'),
	(21, 'Veil Recovery', '2000-01-01 00:00:00', 'Thane1-1-9'),
	(21, 'Wild Power', '2000-01-01 00:00:00', 'Thane1-2-1'),
	(21, 'Dual Threat', '2000-01-01 00:00:00', 'Thane1-2-2'),
	(21, 'First Aid', '2000-01-01 00:00:00', 'Thane1-2-3'),
	(21, 'Ignore Pain', '2000-01-01 00:00:00', 'Thane1-2-4'),
	(21, 'Mastery of Concentration', '2000-01-01 00:00:00', 'Thane1-2-5'),
	(21, 'Mystic Crystal Lore', '2000-01-01 00:00:00', 'Thane1-2-6'),
	(21, 'Purge', '2000-01-01 00:00:00', 'Thane1-2-7'),
	(21, 'Raging Power', '2000-01-01 00:00:00', 'Thane1-2-8'),
	(21, 'Second Wind', '2000-01-01 00:00:00', 'Thane1-2-9'),
	(21, 'Static Tempest', '2000-01-01 00:00:00', 'Thane1-3-1'),
	(21, 'The Empty Mind', '2000-01-01 00:00:00', 'Thane1-3-2'),
	(21, 'Wrath of Champions', '2000-01-01 00:00:00', 'Thane1-3-3'),
	(5, 'Minion Rescue', '2000-01-01 00:00:00', 'Theurgist-RR5'),
	(5, 'Augmented Acuity', '2000-01-01 00:00:00', 'Theurgist1-0-1'),
	(5, 'Augmented Constitution', '2000-01-01 00:00:00', 'Theurgist1-0-2'),
	(5, 'Augmented Dexterity', '2000-01-01 00:00:00', 'Theurgist1-0-3'),
	(5, 'Augmented Quickness', '2000-01-01 00:00:00', 'Theurgist1-0-4'),
	(5, 'Augmented Strength', '2000-01-01 00:00:00', 'Theurgist1-0-5'),
	(5, 'Ethereal Bond', '2000-01-01 00:00:00', 'Theurgist1-0-6'),
	(5, 'Lifter', '2000-01-01 00:00:00', 'Theurgist1-0-7'),
	(5, 'Long Wind', '2000-01-01 00:00:00', 'Theurgist1-0-8'),
	(5, 'Mastery of Focus', '2000-01-01 00:00:00', 'Theurgist1-0-9'),
	(5, 'Mastery of Magery', '2000-01-01 00:00:00', 'Theurgist1-1-1'),
	(5, 'Mastery of Pain', '2000-01-01 00:00:00', 'Theurgist1-1-2'),
	(5, 'Physical Defense', '2000-01-01 00:00:00', 'Theurgist1-1-3'),
	(5, 'Serenity', '2000-01-01 00:00:00', 'Theurgist1-1-4'),
	(5, 'Toughness', '2000-01-01 00:00:00', 'Theurgist1-1-5'),
	(5, 'Veil Recovery', '2000-01-01 00:00:00', 'Theurgist1-1-6'),
	(5, 'Wild Power', '2000-01-01 00:00:00', 'Theurgist1-1-7'),
	(5, 'Adrenaline Rush', '2000-01-01 00:00:00', 'Theurgist1-1-8'),
	(5, 'Bedazzling Aura', '2000-01-01 00:00:00', 'Theurgist1-1-9'),
	(5, 'Concentration', '2000-01-01 00:00:00', 'Theurgist1-2-1'),
	(5, 'First Aid', '2000-01-01 00:00:00', 'Theurgist1-2-2'),
	(5, 'Mastery of Concentration', '2000-01-01 00:00:00', 'Theurgist1-2-3'),
	(5, 'Mystic Crystal Lore', '2000-01-01 00:00:00', 'Theurgist1-2-4'),
	(5, 'Negative Maelstrom', '2000-01-01 00:00:00', 'Theurgist1-2-5'),
	(5, 'Purge', '2000-01-01 00:00:00', 'Theurgist1-2-6'),
	(5, 'Raging Power', '2000-01-01 00:00:00', 'Theurgist1-2-7'),
	(5, 'Second Wind', '2000-01-01 00:00:00', 'Theurgist1-2-8'),
	(5, 'The Empty Mind', '2000-01-01 00:00:00', 'Theurgist1-2-9'),
	(56, 'Vale Defense', '2000-01-01 00:00:00', 'Valewalker-RR5'),
	(56, 'Augmented Acuity', '2000-01-01 00:00:00', 'Valewalker1-0-1'),
	(56, 'Augmented Constitution', '2000-01-01 00:00:00', 'Valewalker1-0-2'),
	(56, 'Augmented Dexterity', '2000-01-01 00:00:00', 'Valewalker1-0-3'),
	(56, 'Augmented Quickness', '2000-01-01 00:00:00', 'Valewalker1-0-4'),
	(56, 'Augmented Strength', '2000-01-01 00:00:00', 'Valewalker1-0-5'),
	(56, 'Avoidance of Magic', '2000-01-01 00:00:00', 'Valewalker1-0-6'),
	(56, 'Determination', '2000-01-01 00:00:00', 'Valewalker1-0-7'),
	(56, 'Ethereal Bond', '2000-01-01 00:00:00', 'Valewalker1-0-8'),
	(56, 'Lifter', '2000-01-01 00:00:00', 'Valewalker1-0-9'),
	(56, 'Long Wind', '2000-01-01 00:00:00', 'Valewalker1-1-1'),
	(56, 'Mastery of Focus', '2000-01-01 00:00:00', 'Valewalker1-1-2'),
	(56, 'Mastery of Magery', '2000-01-01 00:00:00', 'Valewalker1-1-3'),
	(56, 'Mastery of Pain', '2000-01-01 00:00:00', 'Valewalker1-1-4'),
	(56, 'Mastery of Parrying', '2000-01-01 00:00:00', 'Valewalker1-1-5'),
	(56, 'Serenity', '2000-01-01 00:00:00', 'Valewalker1-1-6'),
	(56, 'Toughness', '2000-01-01 00:00:00', 'Valewalker1-1-7'),
	(56, 'Veil Recovery', '2000-01-01 00:00:00', 'Valewalker1-1-8'),
	(56, 'Wild Power', '2000-01-01 00:00:00', 'Valewalker1-1-9'),
	(56, 'Bedazzling Aura', '2000-01-01 00:00:00', 'Valewalker1-2-1'),
	(56, 'First Aid', '2000-01-01 00:00:00', 'Valewalker1-2-2'),
	(56, 'Ichor of the Deep', '2000-01-01 00:00:00', 'Valewalker1-2-3'),
	(56, 'Ignore Pain', '2000-01-01 00:00:00', 'Valewalker1-2-4'),
	(56, 'Mastery of Concentration', '2000-01-01 00:00:00', 'Valewalker1-2-5'),
	(56, 'Mystic Crystal Lore', '2000-01-01 00:00:00', 'Valewalker1-2-6'),
	(56, 'Purge', '2000-01-01 00:00:00', 'Valewalker1-2-7'),
	(56, 'Second Wind', '2000-01-01 00:00:00', 'Valewalker1-2-8'),
	(56, 'The Empty Mind', '2000-01-01 00:00:00', 'Valewalker1-2-9'),
	(34, 'Valhalla\'s Blessing', '2000-01-01 00:00:00', 'Valkyrie-RR5'),
	(34, 'Augmented Acuity', '2000-01-01 00:00:00', 'Valkyrie1-0-1'),
	(34, 'Augmented Constitution', '2000-01-01 00:00:00', 'Valkyrie1-0-2'),
	(34, 'Augmented Dexterity', '2000-01-01 00:00:00', 'Valkyrie1-0-3'),
	(34, 'Augmented Quickness', '2000-01-01 00:00:00', 'Valkyrie1-0-4'),
	(34, 'Augmented Strength', '2000-01-01 00:00:00', 'Valkyrie1-0-5'),
	(34, 'Avoidance of Magic', '2000-01-01 00:00:00', 'Valkyrie1-0-6'),
	(34, 'Determination', '2000-01-01 00:00:00', 'Valkyrie1-0-7'),
	(34, 'Ethereal Bond', '2000-01-01 00:00:00', 'Valkyrie1-0-8'),
	(34, 'Lifter', '2000-01-01 00:00:00', 'Valkyrie1-0-9'),
	(34, 'Long Wind', '2000-01-01 00:00:00', 'Valkyrie1-1-1'),
	(34, 'Mastery of Blocking', '2000-01-01 00:00:00', 'Valkyrie1-1-2'),
	(34, 'Mastery of Focus', '2000-01-01 00:00:00', 'Valkyrie1-1-3'),
	(34, 'Mastery of Healing', '2000-01-01 00:00:00', 'Valkyrie1-1-4'),
	(34, 'Mastery of Magery', '2000-01-01 00:00:00', 'Valkyrie1-1-5'),
	(34, 'Mastery of Pain', '2000-01-01 00:00:00', 'Valkyrie1-1-6'),
	(34, 'Mastery of Parrying', '2000-01-01 00:00:00', 'Valkyrie1-1-7'),
	(34, 'Serenity', '2000-01-01 00:00:00', 'Valkyrie1-1-8'),
	(34, 'Toughness', '2000-01-01 00:00:00', 'Valkyrie1-1-9'),
	(34, 'Veil Recovery', '2000-01-01 00:00:00', 'Valkyrie1-2-1'),
	(34, 'Wild Healing', '2000-01-01 00:00:00', 'Valkyrie1-2-2'),
	(34, 'Wild Power', '2000-01-01 00:00:00', 'Valkyrie1-2-3'),
	(34, 'Charge', '2000-01-01 00:00:00', 'Valkyrie1-2-4'),
	(34, 'Dual Threat', '2000-01-01 00:00:00', 'Valkyrie1-2-5'),
	(34, 'First Aid', '2000-01-01 00:00:00', 'Valkyrie1-2-6'),
	(34, 'Ichor of the Deep', '2000-01-01 00:00:00', 'Valkyrie1-2-7'),
	(34, 'Ignore Pain', '2000-01-01 00:00:00', 'Valkyrie1-2-8'),
	(34, 'Mastery of Concentration', '2000-01-01 00:00:00', 'Valkyrie1-2-9'),
	(34, 'Mystic Crystal Lore', '2000-01-01 00:00:00', 'Valkyrie1-3-1'),
	(34, 'Purge', '2000-01-01 00:00:00', 'Valkyrie1-3-2'),
	(34, 'Raging Power', '2000-01-01 00:00:00', 'Valkyrie1-3-3'),
	(34, 'Second Wind', '2000-01-01 00:00:00', 'Valkyrie1-3-4'),
	(34, 'The Empty Mind', '2000-01-01 00:00:00', 'Valkyrie1-3-5'),
	(58, 'Mark of Prey', '2000-01-01 00:00:00', 'Vampiir-RR5'),
	(58, 'Augmented Constitution', '2000-01-01 00:00:00', 'Vampiir1-0-1'),
	(58, 'Augmented Dexterity', '2000-01-01 00:00:00', 'Vampiir1-0-2'),
	(58, 'Augmented Quickness', '2000-01-01 00:00:00', 'Vampiir1-0-3'),
	(58, 'Augmented Strength', '2000-01-01 00:00:00', 'Vampiir1-0-4'),
	(58, 'Avoidance of Magic', '2000-01-01 00:00:00', 'Vampiir1-0-5'),
	(58, 'Lifter', '2000-01-01 00:00:00', 'Vampiir1-0-6'),
	(58, 'Long Wind', '2000-01-01 00:00:00', 'Vampiir1-0-7'),
	(58, 'Mastery of Pain', '2000-01-01 00:00:00', 'Vampiir1-0-8'),
	(58, 'Toughness', '2000-01-01 00:00:00', 'Vampiir1-0-9'),
	(58, 'Veil Recovery', '2000-01-01 00:00:00', 'Vampiir1-1-1'),
	(58, 'Charge', '2000-01-01 00:00:00', 'Vampiir1-1-2'),
	(58, 'First Aid', '2000-01-01 00:00:00', 'Vampiir1-1-3'),
	(58, 'Ignore Pain', '2000-01-01 00:00:00', 'Vampiir1-1-4'),
	(58, 'Purge', '2000-01-01 00:00:00', 'Vampiir1-1-5'),
	(58, 'Second Wind', '2000-01-01 00:00:00', 'Vampiir1-1-6'),
	(58, 'Strike Prediction', '2000-01-01 00:00:00', 'Vampiir1-1-7'),
	(58, 'The Empty Mind', '2000-01-01 00:00:00', 'Vampiir1-1-8'),
	(58, 'Wrath of Champions', '2000-01-01 00:00:00', 'Vampiir1-1-9'),
	(58, 'Reflex Attack', '2000-01-01 00:00:00', 'Vampiir1-2-1'),
	(46, 'Fury of Nature', '2000-01-01 00:00:00', 'Warden-RR5'),
	(46, 'Augmented Acuity', '2000-01-01 00:00:00', 'Warden1-0-1'),
	(46, 'Augmented Constitution', '2000-01-01 00:00:00', 'Warden1-0-2'),
	(46, 'Augmented Dexterity', '2000-01-01 00:00:00', 'Warden1-0-3'),
	(46, 'Augmented Quickness', '2000-01-01 00:00:00', 'Warden1-0-4'),
	(46, 'Augmented Strength', '2000-01-01 00:00:00', 'Warden1-0-5'),
	(46, 'Avoidance of Magic', '2000-01-01 00:00:00', 'Warden1-0-6'),
	(46, 'Determination', '2000-01-01 00:00:00', 'Warden1-0-7'),
	(46, 'Ethereal Bond', '2000-01-01 00:00:00', 'Warden1-0-8'),
	(46, 'Lifter', '2000-01-01 00:00:00', 'Warden1-0-9'),
	(46, 'Long Wind', '2000-01-01 00:00:00', 'Warden1-1-1'),
	(46, 'Mastery of Blocking', '2000-01-01 00:00:00', 'Warden1-1-2'),
	(46, 'Mastery of Healing', '2000-01-01 00:00:00', 'Warden1-1-3'),
	(46, 'Mastery of Magery', '2000-01-01 00:00:00', 'Warden1-1-4'),
	(46, 'Mastery of Pain', '2000-01-01 00:00:00', 'Warden1-1-5'),
	(46, 'Mastery of Parrying', '2000-01-01 00:00:00', 'Warden1-1-6'),
	(46, 'Serenity', '2000-01-01 00:00:00', 'Warden1-1-7'),
	(46, 'Toughness', '2000-01-01 00:00:00', 'Warden1-1-8'),
	(46, 'Veil Recovery', '2000-01-01 00:00:00', 'Warden1-1-9'),
	(46, 'Wild Healing', '2000-01-01 00:00:00', 'Warden1-2-1'),
	(46, 'Wild Power', '2000-01-01 00:00:00', 'Warden1-2-2'),
	(46, 'Anger of the Gods', '2000-01-01 00:00:00', 'Warden1-2-3'),
	(46, 'First Aid', '2000-01-01 00:00:00', 'Warden1-2-4'),
	(46, 'Ignore Pain', '2000-01-01 00:00:00', 'Warden1-2-5'),
	(46, 'Mastery of Concentration', '2000-01-01 00:00:00', 'Warden1-2-6'),
	(46, 'Mystic Crystal Lore', '2000-01-01 00:00:00', 'Warden1-2-7'),
	(46, 'Purge', '2000-01-01 00:00:00', 'Warden1-2-8'),
	(46, 'Raging Power', '2000-01-01 00:00:00', 'Warden1-2-9'),
	(46, 'Second Wind', '2000-01-01 00:00:00', 'Warden1-3-1'),
	(46, 'The Empty Mind', '2000-01-01 00:00:00', 'Warden1-3-2'),
	(46, 'Thornweed Field', '2000-01-01 00:00:00', 'Warden1-3-3'),
	(46, 'Vehement Renewal', '2000-01-01 00:00:00', 'Warden1-3-4'),
	(59, 'Boiling Cauldron', '2000-01-01 00:00:00', 'Warlock-RR5'),
	(59, 'Augmented Acuity', '2000-01-01 00:00:00', 'Warlock1-0-1'),
	(59, 'Augmented Constitution', '2000-01-01 00:00:00', 'Warlock1-0-2'),
	(59, 'Augmented Dexterity', '2000-01-01 00:00:00', 'Warlock1-0-3'),
	(59, 'Augmented Quickness', '2000-01-01 00:00:00', 'Warlock1-0-4'),
	(59, 'Augmented Strength', '2000-01-01 00:00:00', 'Warlock1-0-5'),
	(59, 'Ethereal Bond', '2000-01-01 00:00:00', 'Warlock1-0-6'),
	(59, 'Lifter', '2000-01-01 00:00:00', 'Warlock1-0-7'),
	(59, 'Long Wind', '2000-01-01 00:00:00', 'Warlock1-0-8'),
	(59, 'Mastery of Focus', '2000-01-01 00:00:00', 'Warlock1-0-9'),
	(59, 'Mastery of Magery', '2000-01-01 00:00:00', 'Warlock1-1-1'),
	(59, 'Physical Defense', '2000-01-01 00:00:00', 'Warlock1-1-2'),
	(59, 'Serenity', '2000-01-01 00:00:00', 'Warlock1-1-3'),
	(59, 'Toughness', '2000-01-01 00:00:00', 'Warlock1-1-4'),
	(59, 'Veil Recovery', '2000-01-01 00:00:00', 'Warlock1-1-5'),
	(59, 'Wild Power', '2000-01-01 00:00:00', 'Warlock1-1-6'),
	(59, 'Adrenaline Rush', '2000-01-01 00:00:00', 'Warlock1-1-7'),
	(59, 'Bedazzling Aura', '2000-01-01 00:00:00', 'Warlock1-1-8'),
	(59, 'Decimation Trap', '2000-01-01 00:00:00', 'Warlock1-1-9'),
	(59, 'First Aid', '2000-01-01 00:00:00', 'Warlock1-2-1'),
	(59, 'Mystic Crystal Lore', '2000-01-01 00:00:00', 'Warlock1-2-2'),
	(59, 'Purge', '2000-01-01 00:00:00', 'Warlock1-2-3'),
	(59, 'Raging Power', '2000-01-01 00:00:00', 'Warlock1-2-4'),
	(59, 'Second Wind', '2000-01-01 00:00:00', 'Warlock1-2-5'),
	(59, 'The Empty Mind', '2000-01-01 00:00:00', 'Warlock1-2-6'),
	(59, 'Volcanic Pillar', '2000-01-01 00:00:00', 'Warlock1-2-7'),
	(22, 'Testudo', '2000-01-01 00:00:00', 'Warrior-RR5'),
	(22, 'Augmented Constitution', '2000-01-01 00:00:00', 'Warrior1-0-1'),
	(22, 'Augmented Dexterity', '2000-01-01 00:00:00', 'Warrior1-0-2'),
	(22, 'Augmented Quickness', '2000-01-01 00:00:00', 'Warrior1-0-3'),
	(22, 'Augmented Strength', '2000-01-01 00:00:00', 'Warrior1-0-4'),
	(22, 'Avoidance of Magic', '2000-01-01 00:00:00', 'Warrior1-0-5'),
	(22, 'Determination', '2000-01-01 00:00:00', 'Warrior1-0-6'),
	(22, 'Lifter', '2000-01-01 00:00:00', 'Warrior1-0-7'),
	(22, 'Long Wind', '2000-01-01 00:00:00', 'Warrior1-0-8'),
	(22, 'Mastery of Blocking', '2000-01-01 00:00:00', 'Warrior1-0-9'),
	(22, 'Mastery of Pain', '2000-01-01 00:00:00', 'Warrior1-1-1'),
	(22, 'Mastery of Parrying', '2000-01-01 00:00:00', 'Warrior1-1-2'),
	(22, 'Toughness', '2000-01-01 00:00:00', 'Warrior1-1-3'),
	(22, 'Veil Recovery', '2000-01-01 00:00:00', 'Warrior1-1-4'),
	(22, 'Dashing Defense', '2000-01-01 00:00:00', 'Warrior1-1-5'),
	(22, 'First Aid', '2000-01-01 00:00:00', 'Warrior1-1-6'),
	(22, 'Ignore Pain', '2000-01-01 00:00:00', 'Warrior1-1-7'),
	(22, 'Purge', '2000-01-01 00:00:00', 'Warrior1-1-8'),
	(22, 'Soldiers Barricade', '2000-01-01 00:00:00', 'Warrior1-1-9'),
	(22, 'The Empty Mind', '2000-01-01 00:00:00', 'Warrior1-2-1'),
	(7, 'Wall of Flame', '2000-01-01 00:00:00', 'Wizard-RR5'),
	(7, 'Augmented Acuity', '2000-01-01 00:00:00', 'Wizard1-0-1'),
	(7, 'Augmented Constitution', '2000-01-01 00:00:00', 'Wizard1-0-2'),
	(7, 'Augmented Dexterity', '2000-01-01 00:00:00', 'Wizard1-0-3'),
	(7, 'Augmented Quickness', '2000-01-01 00:00:00', 'Wizard1-0-4'),
	(7, 'Augmented Strength', '2000-01-01 00:00:00', 'Wizard1-0-5'),
	(7, 'Ethereal Bond', '2000-01-01 00:00:00', 'Wizard1-0-6'),
	(7, 'Lifter', '2000-01-01 00:00:00', 'Wizard1-0-7'),
	(7, 'Long Wind', '2000-01-01 00:00:00', 'Wizard1-0-8'),
	(7, 'Mastery of Focus', '2000-01-01 00:00:00', 'Wizard1-0-9'),
	(7, 'Mastery of Magery', '2000-01-01 00:00:00', 'Wizard1-1-1'),
	(7, 'Mastery of Pain', '2000-01-01 00:00:00', 'Wizard1-1-2'),
	(7, 'Physical Defense', '2000-01-01 00:00:00', 'Wizard1-1-3'),
	(7, 'Serenity', '2000-01-01 00:00:00', 'Wizard1-1-4'),
	(7, 'Toughness', '2000-01-01 00:00:00', 'Wizard1-1-5'),
	(7, 'Veil Recovery', '2000-01-01 00:00:00', 'Wizard1-1-6'),
	(7, 'Wild Power', '2000-01-01 00:00:00', 'Wizard1-1-7'),
	(7, 'Adrenaline Rush', '2000-01-01 00:00:00', 'Wizard1-1-8'),
	(7, 'Concentration', '2000-01-01 00:00:00', 'Wizard1-1-9'),
	(7, 'Decimation Trap', '2000-01-01 00:00:00', 'Wizard1-2-1'),
	(7, 'First Aid', '2000-01-01 00:00:00', 'Wizard1-2-2'),
	(7, 'Mastery of Concentration', '2000-01-01 00:00:00', 'Wizard1-2-3'),
	(7, 'Mystic Crystal Lore', '2000-01-01 00:00:00', 'Wizard1-2-4'),
	(7, 'Purge', '2000-01-01 00:00:00', 'Wizard1-2-5'),
	(7, 'Raging Power', '2000-01-01 00:00:00', 'Wizard1-2-6'),
	(7, 'Second Wind', '2000-01-01 00:00:00', 'Wizard1-2-7'),
	(7, 'The Empty Mind', '2000-01-01 00:00:00', 'Wizard1-2-8'),
	(7, 'Volcanic Pillar', '2000-01-01 00:00:00', 'Wizard1-2-9');
/*!40000 ALTER TABLE `classxrealmability` ENABLE KEYS */;

-- Dumping structure for table soidaoc.classxspecialization
DROP TABLE IF EXISTS `classxspecialization`;
CREATE TABLE IF NOT EXISTS `classxspecialization` (
  `ClassXSpecializationID` int(11) NOT NULL AUTO_INCREMENT,
  `ClassID` int(11) DEFAULT NULL,
  `SpecKeyName` varchar(100) NOT NULL,
  `LevelAcquired` int(11) DEFAULT NULL,
  `LastTimeRowUpdated` datetime NOT NULL DEFAULT '2000-01-01 00:00:00',
  PRIMARY KEY (`ClassXSpecializationID`),
  KEY `I_ClassXSpecialization_ClassID` (`ClassID`),
  KEY `I_ClassXSpecialization_SpecKeyName` (`SpecKeyName`),
  KEY `I_ClassXSpecialization_LevelAcquired` (`LevelAcquired`)
) ENGINE=InnoDB AUTO_INCREMENT=538 DEFAULT CHARSET=utf8;

-- Dumping data for table soidaoc.classxspecialization: ~536 rows (approximately)
DELETE FROM `classxspecialization`;
/*!40000 ALTER TABLE `classxspecialization` DISABLE KEYS */;
INSERT INTO `classxspecialization` (`ClassXSpecializationID`, `ClassID`, `SpecKeyName`, `LevelAcquired`, `LastTimeRowUpdated`) VALUES
	(1, 0, 'CharacterCareer', -65535, '2014-09-21 15:34:42'),
	(2, 60, 'MaulerCareer', -100, '2000-01-01 00:00:00'),
	(3, 61, 'MaulerCareer', -100, '2000-01-01 00:00:00'),
	(4, 62, 'MaulerCareer', -100, '2000-01-01 00:00:00'),
	(5, 35, 'Axe', -10, '2000-01-01 00:00:00'),
	(6, 35, 'Hammer', -9, '2000-01-01 00:00:00'),
	(7, 35, 'Sword', -8, '2000-01-01 00:00:00'),
	(8, 35, 'Parry', -7, '2000-01-01 00:00:00'),
	(9, 35, 'VikingCareer', -1000, '2000-01-01 00:00:00'),
	(10, 61, 'Aura Manipulation', -8, '2000-01-01 00:00:00'),
	(11, 61, 'Magnetism', -7, '2000-01-01 00:00:00'),
	(12, 61, 'Power Strikes', -6, '2000-01-01 00:00:00'),
	(13, 61, 'Mauler Staff', -9, '2000-01-01 00:00:00'),
	(14, 61, 'Fist Wraps', -10, '2000-01-01 00:00:00'),
	(15, 60, 'Aura Manipulation', -8, '2000-01-01 00:00:00'),
	(16, 60, 'Magnetism', -7, '2000-01-01 00:00:00'),
	(17, 60, 'Power Strikes', -6, '2000-01-01 00:00:00'),
	(18, 60, 'Mauler Staff', -9, '2000-01-01 00:00:00'),
	(19, 60, 'Fist Wraps', -10, '2000-01-01 00:00:00'),
	(20, 62, 'Aura Manipulation', -7, '2000-01-01 00:00:00'),
	(21, 62, 'Magnetism', -7, '2000-01-01 00:00:00'),
	(22, 62, 'Power Strikes', -6, '2000-01-01 00:00:00'),
	(23, 62, 'Mauler Staff', -9, '2000-01-01 00:00:00'),
	(24, 62, 'Fist Wraps', -10, '2000-01-01 00:00:00'),
	(25, 60, 'MaulerAlbCareer', -100, '2000-01-01 00:00:00'),
	(26, 61, 'MaulerMidCareer', -100, '2000-01-01 00:00:00'),
	(27, 62, 'MaulerHibCareer', -100, '2000-01-01 00:00:00'),
	(28, 31, 'BerserkerCareer', -100, '2000-01-01 00:00:00'),
	(29, 31, 'Left Axe', -7, '2000-01-01 00:00:00'),
	(30, 31, 'CharacterStyleUserCareer', -100, '2000-01-01 00:00:00'),
	(31, 61, 'CharacterStyleUserCareer', -100, '2000-01-01 00:00:00'),
	(32, 60, 'CharacterStyleUserCareer', -100, '2000-01-01 00:00:00'),
	(33, 62, 'CharacterStyleUserCareer', -100, '2000-01-01 00:00:00'),
	(34, 31, 'VikingCareer', -1000, '2000-01-01 00:00:00'),
	(35, 31, 'Parry', -6, '2000-01-01 00:00:00'),
	(36, 31, 'Sword', -8, '2000-01-01 00:00:00'),
	(37, 31, 'Hammer', -9, '2000-01-01 00:00:00'),
	(38, 31, 'Axe', -10, '2000-01-01 00:00:00'),
	(39, 32, 'SavageCareer', -100, '2000-01-01 00:00:00'),
	(40, 32, 'VikingCareer', -1000, '2000-01-01 00:00:00'),
	(41, 32, 'Hand to Hand', -7, '2000-01-01 00:00:00'),
	(42, 32, 'Savagery', -5, '2000-01-01 00:00:00'),
	(43, 32, 'CharacterStyleUserCareer', -100, '2000-01-01 00:00:00'),
	(44, 24, 'SkaldCareer', -100, '2000-01-01 00:00:00'),
	(45, 24, 'CharacterStyleUserCareer', -100, '2000-01-01 00:00:00'),
	(46, 24, 'VikingCareer', -1000, '2000-01-01 00:00:00'),
	(47, 24, 'Battlesongs', -6, '2000-01-01 00:00:00'),
	(48, 21, 'ThaneCareer', -100, '2000-01-01 00:00:00'),
	(49, 21, 'CharacterStyleUserCareer', -100, '2000-01-01 00:00:00'),
	(50, 21, 'VikingCareer', -1000, '2000-01-01 00:00:00'),
	(51, 21, 'Shields', -7, '2000-01-01 00:00:00'),
	(52, 21, 'Stormcalling', -5, '2000-01-01 00:00:00'),
	(53, 34, 'ValkyrieCareer', -100, '2000-01-01 00:00:00'),
	(54, 34, 'CharacterStyleUserCareer', -100, '2000-01-01 00:00:00'),
	(55, 34, 'Shields', -8, '2000-01-01 00:00:00'),
	(56, 34, 'Spear', -9, '2000-01-01 00:00:00'),
	(57, 34, 'Mending', -6, '2000-01-01 00:00:00'),
	(58, 34, 'Odin\'s Will', -5, '2000-01-01 00:00:00'),
	(59, 34, 'Sword', -10, '2000-01-01 00:00:00'),
	(60, 34, 'Parry', -7, '2000-01-01 00:00:00'),
	(61, 32, 'Parry', -6, '2000-01-01 00:00:00'),
	(62, 32, 'Axe', -10, '2000-01-01 00:00:00'),
	(63, 32, 'Sword', -8, '2000-01-01 00:00:00'),
	(64, 32, 'Hammer', -9, '2000-01-01 00:00:00'),
	(65, 21, 'Sword', -8, '2000-01-01 00:00:00'),
	(66, 21, 'Hammer', -9, '2000-01-01 00:00:00'),
	(67, 21, 'Axe', -10, '2000-01-01 00:00:00'),
	(68, 21, 'Parry', -6, '2000-01-01 00:00:00'),
	(69, 24, 'Axe', -10, '2000-01-01 00:00:00'),
	(70, 24, 'Sword', -8, '2000-01-01 00:00:00'),
	(71, 24, 'Parry', -7, '2000-01-01 00:00:00'),
	(72, 24, 'Hammer', -9, '2000-01-01 00:00:00'),
	(73, 22, 'Axe', -10, '2000-01-01 00:00:00'),
	(74, 22, 'Hammer', -9, '2000-01-01 00:00:00'),
	(75, 22, 'Sword', -8, '2000-01-01 00:00:00'),
	(76, 22, 'Parry', -6, '2000-01-01 00:00:00'),
	(77, 22, 'VikingCareer', -1000, '2000-01-01 00:00:00'),
	(78, 22, 'WarriorCareer', -100, '2000-01-01 00:00:00'),
	(79, 22, 'CharacterStyleUserCareer', -100, '2000-01-01 00:00:00'),
	(80, 22, 'Thrown Weapons', -5, '2000-01-01 00:00:00'),
	(81, 22, 'Shields', -7, '2000-01-01 00:00:00'),
	(82, 22, 'PureTankCareer', -100, '2000-01-01 00:00:00'),
	(83, 16, 'AcolyteCareer', -1000, '2000-01-01 00:00:00'),
	(84, 16, 'Rejuvenation', -3, '2000-01-01 00:00:00'),
	(85, 16, 'Enhancement', -2, '2000-01-01 00:00:00'),
	(86, 6, 'ClericCareer', -100, '2000-01-01 00:00:00'),
	(87, 6, 'AcolyteCareer', -1000, '2000-01-01 00:00:00'),
	(88, 6, 'Smite', -1, '2000-01-01 00:00:00'),
	(89, 6, 'Rejuvenation', -3, '2000-01-01 00:00:00'),
	(90, 6, 'Enhancement', -2, '2000-01-01 00:00:00'),
	(91, 10, 'FriarCareer', -100, '2000-01-01 00:00:00'),
	(92, 10, 'AcolyteCareer', -1000, '2000-01-01 00:00:00'),
	(93, 10, 'Enhancement', -3, '2000-01-01 00:00:00'),
	(94, 10, 'Rejuvenation', -4, '2000-01-01 00:00:00'),
	(95, 10, 'Parry', -1, '2000-01-01 00:00:00'),
	(96, 10, 'Staff', -2, '2000-01-01 00:00:00'),
	(97, 10, 'CharacterStyleUserCareer', -100, '2000-01-01 00:00:00'),
	(98, 33, 'HereticCareer', -100, '2000-01-01 00:00:00'),
	(99, 33, 'CharacterStyleUserCareer', -100, '2000-01-01 00:00:00'),
	(100, 33, 'Rejuvenation', -5, '2000-01-01 00:00:00'),
	(101, 33, 'Enhancement', -4, '2000-01-01 00:00:00'),
	(102, 33, 'Crush', -3, '2000-01-01 00:00:00'),
	(103, 33, 'Flexible', -2, '2000-01-01 00:00:00'),
	(104, 33, 'Shields', -1, '2000-01-01 00:00:00'),
	(105, 17, 'RogueCareer', -1000, '2000-01-01 00:00:00'),
	(106, 17, 'Stealth', -10, '2000-01-01 00:00:00'),
	(107, 17, 'Slash', -9, '2000-01-01 00:00:00'),
	(108, 17, 'Thrust', -8, '2000-01-01 00:00:00'),
	(109, 9, 'RogueCareer', -100, '2000-01-01 00:00:00'),
	(110, 9, 'InfiltratorCareer', -1000, '2000-01-01 00:00:00'),
	(111, 9, 'CharacterStyleUserCareer', -100, '2000-01-01 00:00:00'),
	(112, 9, 'Critical Strike', -7, '2000-01-01 00:00:00'),
	(113, 9, 'Dual Wield', -6, '2000-01-01 00:00:00'),
	(114, 9, 'Envenom', -5, '2000-01-01 00:00:00'),
	(115, 9, 'Stealth', -10, '2000-01-01 00:00:00'),
	(116, 9, 'Slash', -9, '2000-01-01 00:00:00'),
	(117, 9, 'Thrust', -8, '2000-01-01 00:00:00'),
	(118, 4, 'MinstrelCareer', -100, '2000-01-01 00:00:00'),
	(119, 4, 'RogueCareer', -1000, '2000-01-01 00:00:00'),
	(120, 4, 'Stealth', -10, '2000-01-01 00:00:00'),
	(121, 4, 'Slash', -9, '2000-01-01 00:00:00'),
	(122, 4, 'Thrust', -8, '2000-01-01 00:00:00'),
	(123, 4, 'Instruments', -7, '2000-01-01 00:00:00'),
	(124, 4, 'CharacterStyleUserCareer', -100, '2000-01-01 00:00:00'),
	(125, 3, 'RogueCareer', -1000, '2000-01-01 00:00:00'),
	(126, 3, 'ScoutCareer', -100, '2000-01-01 00:00:00'),
	(127, 3, 'Stealth', -10, '2000-01-01 00:00:00'),
	(128, 3, 'Slash', -9, '2000-01-01 00:00:00'),
	(129, 3, 'Thrust', -8, '2000-01-01 00:00:00'),
	(130, 3, 'Archery', -6, '2000-01-01 00:00:00'),
	(131, 3, 'Shields', -7, '2000-01-01 00:00:00'),
	(132, 9, 'AssassinCareer', -100, '2000-01-01 00:00:00'),
	(133, 15, 'AlbClothCasterCareer', -100, '2000-01-01 00:00:00'),
	(134, 15, 'Earth Magic', -3, '2000-01-01 00:00:00'),
	(135, 15, 'Cold Magic', -2, '2000-01-01 00:00:00'),
	(136, 5, 'AlbClothCasterCareer', -100, '2000-01-01 00:00:00'),
	(137, 5, 'CharacterQuickcastUserCareer', -100, '2000-01-01 00:00:00'),
	(138, 5, 'Earth Magic', -3, '2000-01-01 00:00:00'),
	(139, 5, 'Cold Magic', -2, '2000-01-01 00:00:00'),
	(140, 5, 'Wind Magic', -1, '2000-01-01 00:00:00'),
	(141, 7, 'AlbClothCasterCareer', -100, '2000-01-01 00:00:00'),
	(142, 7, 'CharacterQuickcastUserCareer', -100, '2000-01-01 00:00:00'),
	(143, 7, 'Earth Magic', -3, '2000-01-01 00:00:00'),
	(144, 7, 'Cold Magic', -2, '2000-01-01 00:00:00'),
	(145, 7, 'Fire Magic', -1, '2000-01-01 00:00:00'),
	(146, 18, 'AlbClothCasterCareer', -100, '2000-01-01 00:00:00'),
	(147, 18, 'Matter Magic', -3, '2000-01-01 00:00:00'),
	(148, 18, 'Body Magic', -2, '2000-01-01 00:00:00'),
	(149, 13, 'AlbClothCasterCareer', -100, '2000-01-01 00:00:00'),
	(150, 13, 'CharacterQuickcastUserCareer', -100, '2000-01-01 00:00:00'),
	(151, 13, 'Matter Magic', -3, '2000-01-01 00:00:00'),
	(152, 13, 'Body Magic', -2, '2000-01-01 00:00:00'),
	(153, 13, 'Spirit Magic', -1, '2000-01-01 00:00:00'),
	(154, 8, 'AlbClothCasterCareer', -100, '2000-01-01 00:00:00'),
	(155, 8, 'CharacterQuickcastUserCareer', -100, '2000-01-01 00:00:00'),
	(156, 8, 'Matter Magic', -3, '2000-01-01 00:00:00'),
	(157, 8, 'Body Magic', -2, '2000-01-01 00:00:00'),
	(158, 8, 'Mind Magic', -1, '2000-01-01 00:00:00'),
	(159, 20, 'AlbClothCasterCareer', -100, '2000-01-01 00:00:00'),
	(160, 20, 'Deathsight', -3, '2000-01-01 00:00:00'),
	(161, 20, 'Painworking', -2, '2000-01-01 00:00:00'),
	(162, 12, 'AlbClothCasterCareer', -100, '2000-01-01 00:00:00'),
	(163, 12, 'Deathsight', -3, '2000-01-01 00:00:00'),
	(164, 12, 'Painworking', -2, '2000-01-01 00:00:00'),
	(165, 12, 'Death Servant', -1, '2000-01-01 00:00:00'),
	(166, 36, 'MidClothCasterCareer', -100, '2000-01-01 00:00:00'),
	(167, 36, 'Darkness', -3, '2000-01-01 00:00:00'),
	(168, 36, 'Suppression', -2, '2000-01-01 00:00:00'),
	(169, 29, 'MidClothCasterCareer', -100, '2000-01-01 00:00:00'),
	(170, 29, 'CharacterQuickcastUserCareer', -100, '2000-01-01 00:00:00'),
	(171, 29, 'Darkness', -3, '2000-01-01 00:00:00'),
	(172, 29, 'Suppression', -2, '2000-01-01 00:00:00'),
	(173, 29, 'Runecarving', -1, '2000-01-01 00:00:00'),
	(174, 27, 'MidClothCasterCareer', -100, '2000-01-01 00:00:00'),
	(175, 27, 'CharacterQuickcastUserCareer', -100, '2000-01-01 00:00:00'),
	(176, 27, 'Darkness', -3, '2000-01-01 00:00:00'),
	(177, 27, 'Suppression', -2, '2000-01-01 00:00:00'),
	(178, 27, 'Summoning', -1, '2000-01-01 00:00:00'),
	(179, 59, 'MidClothCasterCareer', -100, '2000-01-01 00:00:00'),
	(180, 59, 'Cursing', -3, '2000-01-01 00:00:00'),
	(181, 59, 'Hexing', -2, '2000-01-01 00:00:00'),
	(182, 59, 'Witchcraft', -1, '2000-01-01 00:00:00'),
	(183, 30, 'MidClothCasterCareer', -100, '2000-01-01 00:00:00'),
	(184, 30, 'CharacterQuickcastUserCareer', -100, '2000-01-01 00:00:00'),
	(185, 30, 'Darkness', -3, '2000-01-01 00:00:00'),
	(186, 30, 'Suppression', -2, '2000-01-01 00:00:00'),
	(187, 30, 'Bone Army', -1, '2000-01-01 00:00:00'),
	(188, 57, 'HibClothCasterCareer', -100, '2000-01-01 00:00:00'),
	(189, 57, 'Arboreal Path', -3, '2000-01-01 00:00:00'),
	(190, 56, 'HibClothCasterCareer', -100, '2000-01-01 00:00:00'),
	(191, 56, 'ValewalkerCareer', -100, '2000-01-01 00:00:00'),
	(192, 56, 'CharacterStyleUserCareer', -100, '2000-01-01 00:00:00'),
	(193, 56, 'Scythe', -2, '2000-01-01 00:00:00'),
	(194, 56, 'Parry', -1, '2000-01-01 00:00:00'),
	(195, 55, 'HibClothCasterCareer', -100, '2000-01-01 00:00:00'),
	(196, 55, 'CharacterQuickcastUserCareer', -100, '2000-01-01 00:00:00'),
	(197, 55, 'Arboreal Path', -3, '2000-01-01 00:00:00'),
	(198, 55, 'Creeping Path', -2, '2000-01-01 00:00:00'),
	(199, 55, 'Verdant Path', -1, '2000-01-01 00:00:00'),
	(200, 51, 'HibClothCasterCareer', -100, '2000-01-01 00:00:00'),
	(201, 51, 'Light', -3, '2000-01-01 00:00:00'),
	(202, 51, 'Mana', -2, '2000-01-01 00:00:00'),
	(203, 39, 'HibClothCasterCareer', -100, '2000-01-01 00:00:00'),
	(204, 39, 'CharacterQuickcastUserCareer', -100, '2000-01-01 00:00:00'),
	(205, 39, 'Ethereal Shriek', -1, '2000-01-01 00:00:00'),
	(206, 39, 'Phantasmal Wail', -2, '2000-01-01 00:00:00'),
	(207, 39, 'Spectral Guard', -3, '2000-01-01 00:00:00'),
	(208, 40, 'HibClothCasterCareer', -100, '2000-01-01 00:00:00'),
	(209, 40, 'CharacterQuickcastUserCareer', -100, '2000-01-01 00:00:00'),
	(210, 40, 'Light', -3, '2000-01-01 00:00:00'),
	(211, 40, 'Mana', -2, '2000-01-01 00:00:00'),
	(212, 40, 'Void', -1, '2000-01-01 00:00:00'),
	(213, 42, 'HibClothCasterCareer', -100, '2000-01-01 00:00:00'),
	(214, 42, 'CharacterQuickcastUserCareer', -100, '2000-01-01 00:00:00'),
	(215, 42, 'Light', -3, '2000-01-01 00:00:00'),
	(216, 42, 'Mana', -2, '2000-01-01 00:00:00'),
	(217, 42, 'Mentalism', -1, '2000-01-01 00:00:00'),
	(218, 41, 'HibClothCasterCareer', -100, '2000-01-01 00:00:00'),
	(219, 41, 'CharacterQuickcastUserCareer', -100, '2000-01-01 00:00:00'),
	(220, 41, 'Light', -3, '2000-01-01 00:00:00'),
	(221, 41, 'Mana', -2, '2000-01-01 00:00:00'),
	(222, 41, 'Enchantments', -1, '2000-01-01 00:00:00'),
	(223, 38, 'MidgardRogueCareer', -1000, '2000-01-01 00:00:00'),
	(224, 38, 'Stealth', -10, '2000-01-01 00:00:00'),
	(225, 38, 'Sword', -9, '2000-01-01 00:00:00'),
	(226, 23, 'MidgardRogueCareer', -1000, '2000-01-01 00:00:00'),
	(227, 23, 'AssassinCareer', -100, '2000-01-01 00:00:00'),
	(228, 23, 'ShadowbladeCareer', -100, '2000-01-01 00:00:00'),
	(229, 23, 'CharacterStyleUserCareer', -100, '2000-01-01 00:00:00'),
	(230, 23, 'Stealth', -10, '2000-01-01 00:00:00'),
	(231, 23, 'Sword', -9, '2000-01-01 00:00:00'),
	(232, 23, 'Axe', -8, '2000-01-01 00:00:00'),
	(233, 23, 'Critical Strike', -7, '2000-01-01 00:00:00'),
	(234, 23, 'Left Axe', -6, '2000-01-01 00:00:00'),
	(235, 23, 'Envenom', -5, '2000-01-01 00:00:00'),
	(236, 54, 'StalkerCareer', -1000, '2000-01-01 00:00:00'),
	(237, 54, 'Stealth', -10, '2000-01-01 00:00:00'),
	(238, 54, 'Piercing', -8, '2000-01-01 00:00:00'),
	(239, 54, 'Blades', -9, '2000-01-01 00:00:00'),
	(240, 49, 'StalkerCareer', -1000, '2000-01-01 00:00:00'),
	(241, 49, 'NightshadeCareer', -100, '2000-01-01 00:00:00'),
	(242, 49, 'AssassinCareer', -100, '2000-01-01 00:00:00'),
	(243, 49, 'CharacterStyleUserCareer', -100, '2000-01-01 00:00:00'),
	(244, 49, 'Stealth', -10, '2000-01-01 00:00:00'),
	(245, 49, 'Piercing', -8, '2000-01-01 00:00:00'),
	(246, 49, 'Blades', -9, '2000-01-01 00:00:00'),
	(247, 49, 'Celtic Dual', -7, '2000-01-01 00:00:00'),
	(248, 49, 'Critical Strike', -6, '2000-01-01 00:00:00'),
	(249, 49, 'Envenom', -5, '2000-01-01 00:00:00'),
	(250, 49, 'Nightshade Magic', -4, '2000-01-01 00:00:00'),
	(251, 50, 'StalkerCareer', -1000, '2000-01-01 00:00:00'),
	(252, 50, 'CharacterStyleUserCareer', -100, '2000-01-01 00:00:00'),
	(253, 50, 'RangerCareer', -100, '2000-01-01 00:00:00'),
	(254, 50, 'Stealth', -10, '2000-01-01 00:00:00'),
	(255, 50, 'Blades', -9, '2000-01-01 00:00:00'),
	(256, 50, 'Piercing', -8, '2000-01-01 00:00:00'),
	(257, 50, 'Archery', -6, '2000-01-01 00:00:00'),
	(258, 50, 'Celtic Dual', -7, '2000-01-01 00:00:00'),
	(259, 58, 'CharacterStyleUserCareer', -100, '2000-01-01 00:00:00'),
	(260, 58, 'VampiirCareer', -100, '2000-01-01 00:00:00'),
	(261, 58, 'Piercing', -10, '2000-01-01 00:00:00'),
	(262, 58, 'Dementia', -7, '2000-01-01 00:00:00'),
	(263, 58, 'Shadow Mastery', -9, '2000-01-01 00:00:00'),
	(264, 58, 'Vampiiric Embrace', -8, '2000-01-01 00:00:00'),
	(265, 25, 'MidgardRogueCareer', -1000, '2000-01-01 00:00:00'),
	(266, 25, 'CharacterStyleUserCareer', -100, '2000-01-01 00:00:00'),
	(267, 25, 'HunterCareer', -100, '2000-01-01 00:00:00'),
	(268, 25, 'Stealth', -10, '2000-01-01 00:00:00'),
	(269, 25, 'Sword', -9, '2000-01-01 00:00:00'),
	(270, 25, 'Spear', -8, '2000-01-01 00:00:00'),
	(271, 25, 'Archery', -7, '2000-01-01 00:00:00'),
	(272, 25, 'Beastcraft', -6, '2000-01-01 00:00:00'),
	(273, 37, 'SeerCareer', -1000, '2000-01-01 00:00:00'),
	(274, 37, 'Mending', -3, '2000-01-01 00:00:00'),
	(275, 37, 'Augmentation', -2, '2000-01-01 00:00:00'),
	(276, 28, 'SeerCareer', -1000, '2000-01-01 00:00:00'),
	(277, 28, 'Mending', -3, '2000-01-01 00:00:00'),
	(278, 28, 'Augmentation', -2, '2000-01-01 00:00:00'),
	(279, 28, 'Subterranean', -1, '2000-01-01 00:00:00'),
	(280, 26, 'SeerCareer', -1000, '2000-01-01 00:00:00'),
	(281, 26, 'Mending', -3, '2000-01-01 00:00:00'),
	(282, 26, 'Augmentation', -2, '2000-01-01 00:00:00'),
	(283, 26, 'Pacification', -1, '2000-01-01 00:00:00'),
	(284, 52, 'GuardianCareer', -1000, '2000-01-01 00:00:00'),
	(285, 52, 'Blades', -10, '2000-01-01 00:00:00'),
	(286, 52, 'Blunt', -9, '2000-01-01 00:00:00'),
	(287, 52, 'Piercing', -8, '2000-01-01 00:00:00'),
	(288, 52, 'Parry', -7, '2000-01-01 00:00:00'),
	(289, 44, 'GuardianCareer', -1000, '2000-01-01 00:00:00'),
	(290, 44, 'CharacterStyleUserCareer', -100, '2000-01-01 00:00:00'),
	(291, 44, 'PureTankCareer', -100, '2000-01-01 00:00:00'),
	(292, 44, 'HeroCareer', -100, '2000-01-01 00:00:00'),
	(293, 44, 'Blades', -10, '2000-01-01 00:00:00'),
	(294, 44, 'Blunt', -9, '2000-01-01 00:00:00'),
	(295, 44, 'Piercing', -8, '2000-01-01 00:00:00'),
	(296, 44, 'Parry', -4, '2000-01-01 00:00:00'),
	(297, 44, 'Celtic Spear', -7, '2000-01-01 00:00:00'),
	(298, 44, 'Large Weapons', -6, '2000-01-01 00:00:00'),
	(299, 44, 'Shields', -5, '2000-01-01 00:00:00'),
	(301, 45, 'GuardianCareer', -1000, '2000-01-01 00:00:00'),
	(302, 45, 'CharacterStyleUserCareer', -100, '2000-01-01 00:00:00'),
	(303, 45, 'ChampionCareer', -100, '2000-01-01 00:00:00'),
	(304, 45, 'Blades', -10, '2000-01-01 00:00:00'),
	(305, 45, 'Blunt', -9, '2000-01-01 00:00:00'),
	(306, 45, 'Piercing', -8, '2000-01-01 00:00:00'),
	(307, 45, 'Parry', -5, '2000-01-01 00:00:00'),
	(308, 45, 'Large Weapons', -7, '2000-01-01 00:00:00'),
	(309, 45, 'Shields', -6, '2000-01-01 00:00:00'),
	(310, 45, 'Valor', -4, '2000-01-01 00:00:00'),
	(311, 43, 'GuardianCareer', -1000, '2000-01-01 00:00:00'),
	(312, 43, 'CharacterStyleUserCareer', -100, '2000-01-01 00:00:00'),
	(313, 43, 'BlademasterCareer', -100, '2000-01-01 00:00:00'),
	(314, 43, 'Blades', -10, '2000-01-01 00:00:00'),
	(315, 43, 'Blunt', -9, '2000-01-01 00:00:00'),
	(316, 43, 'Piercing', -8, '2000-01-01 00:00:00'),
	(317, 43, 'Parry', -5, '2000-01-01 00:00:00'),
	(318, 43, 'Celtic Dual', -7, '2000-01-01 00:00:00'),
	(319, 43, 'Shields', -6, '2000-01-01 00:00:00'),
	(320, 14, 'FighterCareer', -1000, '2000-01-01 00:00:00'),
	(321, 14, 'Slash', -9, '2000-01-01 00:00:00'),
	(322, 14, 'Thrust', -8, '2000-01-01 00:00:00'),
	(323, 14, 'Crush', -10, '2000-01-01 00:00:00'),
	(324, 2, 'FighterCareer', -1000, '2000-01-01 00:00:00'),
	(325, 2, 'CharacterStyleUserCareer', -100, '2000-01-01 00:00:00'),
	(326, 2, 'PureTankCareer', -100, '2000-01-01 00:00:00'),
	(327, 2, 'ArmsmanCareer', -100, '2000-01-01 00:00:00'),
	(328, 2, 'Slash', -9, '2000-01-01 00:00:00'),
	(329, 2, 'Thrust', -8, '2000-01-01 00:00:00'),
	(330, 2, 'Crush', -10, '2000-01-01 00:00:00'),
	(331, 2, 'Polearm', -7, '2000-01-01 00:00:00'),
	(332, 2, 'Shields', -5, '2000-01-01 00:00:00'),
	(333, 2, 'Two Handed', -6, '2000-01-01 00:00:00'),
	(334, 2, 'Parry', -4, '2000-01-01 00:00:00'),
	(335, 2, 'Crossbows', -3, '2000-01-01 00:00:00'),
	(336, 11, 'FighterCareer', -1000, '2000-01-01 00:00:00'),
	(337, 11, 'CharacterStyleUserCareer', -100, '2000-01-01 00:00:00'),
	(338, 11, 'MercenaryCareer', -100, '2000-01-01 00:00:00'),
	(339, 11, 'Slash', -9, '2000-01-01 00:00:00'),
	(340, 11, 'Thrust', -8, '2000-01-01 00:00:00'),
	(341, 11, 'Crush', -10, '2000-01-01 00:00:00'),
	(342, 11, 'Dual Wield', -7, '2000-01-01 00:00:00'),
	(343, 11, 'Shields', -6, '2000-01-01 00:00:00'),
	(344, 11, 'Parry', -5, '2000-01-01 00:00:00'),
	(345, 1, 'FighterCareer', -1000, '2000-01-01 00:00:00'),
	(346, 1, 'CharacterStyleUserCareer', -100, '2000-01-01 00:00:00'),
	(347, 1, 'PaladinCareer', -100, '2000-01-01 00:00:00'),
	(348, 1, 'Slash', -9, '2000-01-01 00:00:00'),
	(349, 1, 'Thrust', -8, '2000-01-01 00:00:00'),
	(350, 1, 'Crush', -10, '2000-01-01 00:00:00'),
	(351, 1, 'Two Handed', -7, '2000-01-01 00:00:00'),
	(352, 1, 'Chants', -4, '2000-01-01 00:00:00'),
	(353, 1, 'Shields', -6, '2000-01-01 00:00:00'),
	(354, 1, 'Parry', -5, '2000-01-01 00:00:00'),
	(355, 19, 'FighterCareer', -1000, '2000-01-01 00:00:00'),
	(356, 19, 'CharacterStyleUserCareer', -100, '2000-01-01 00:00:00'),
	(357, 19, 'ReaverCareer', -100, '2000-01-01 00:00:00'),
	(358, 19, 'Slash', -9, '2000-01-01 00:00:00'),
	(359, 19, 'Thrust', -8, '2000-01-01 00:00:00'),
	(360, 19, 'Crush', -10, '2000-01-01 00:00:00'),
	(361, 19, 'Flexible', -7, '2000-01-01 00:00:00'),
	(362, 19, 'Shields', -6, '2000-01-01 00:00:00'),
	(363, 19, 'Soulrending', -4, '2000-01-01 00:00:00'),
	(364, 19, 'Parry', -5, '2000-01-01 00:00:00'),
	(365, 11, 'LightTankCareer', -100, '2000-01-01 00:00:00'),
	(366, 32, 'LightTankCareer', -100, '2000-01-01 00:00:00'),
	(367, 31, 'LightTankCareer', -100, '2000-01-01 00:00:00'),
	(368, 43, 'LightTankCareer', -100, '2000-01-01 00:00:00'),
	(369, 53, 'NaturalistCareer', -1000, '2000-01-01 00:00:00'),
	(370, 53, 'Nurture', -9, '2000-01-01 00:00:00'),
	(371, 53, 'Regrowth', -10, '2000-01-01 00:00:00'),
	(372, 47, 'NaturalistCareer', -1000, '2000-01-01 00:00:00'),
	(373, 47, 'DruidCareer', -100, '2000-01-01 00:00:00'),
	(374, 47, 'Nurture', -9, '2000-01-01 00:00:00'),
	(375, 47, 'Regrowth', -10, '2000-01-01 00:00:00'),
	(376, 47, 'Nature', -8, '2000-01-01 00:00:00'),
	(377, 46, 'NaturalistCareer', -1000, '2000-01-01 00:00:00'),
	(378, 46, 'CharacterStyleUserCareer', -100, '2000-01-01 00:00:00'),
	(379, 46, 'WardenCareer', -100, '2000-01-01 00:00:00'),
	(380, 46, 'Nurture', -9, '2000-01-01 00:00:00'),
	(381, 46, 'Regrowth', -10, '2000-01-01 00:00:00'),
	(382, 46, 'Blades', -8, '2000-01-01 00:00:00'),
	(383, 46, 'Blunt', -7, '2000-01-01 00:00:00'),
	(384, 46, 'Shields', -6, '2000-01-01 00:00:00'),
	(385, 46, 'Parry', -5, '2000-01-01 00:00:00'),
	(386, 48, 'NaturalistCareer', -1000, '2000-01-01 00:00:00'),
	(387, 48, 'CharacterStyleUserCareer', -100, '2000-01-01 00:00:00'),
	(388, 48, 'BardCareer', -100, '2000-01-01 00:00:00'),
	(389, 48, 'Nurture', -9, '2000-01-01 00:00:00'),
	(390, 48, 'Regrowth', -10, '2000-01-01 00:00:00'),
	(391, 48, 'Music', -8, '2000-01-01 00:00:00'),
	(392, 48, 'Blades', -7, '2000-01-01 00:00:00'),
	(393, 48, 'Blunt', -6, '2000-01-01 00:00:00'),
	(394, 3, 'CharacterStyleUserCareer', -100, '2000-01-01 00:00:00'),
	(395, 56, 'Arboreal Path', -3, '2000-01-01 00:00:00'),
	(396, 2, 'Warlord', 40, '2000-01-01 00:00:00'),
	(397, 2, 'Battlemaster', 40, '2000-01-01 00:00:00'),
	(398, 13, 'Convoker', 40, '2000-01-01 00:00:00'),
	(399, 13, 'Stormlord', 40, '2000-01-01 00:00:00'),
	(400, 6, 'Warlord', 40, '2000-01-01 00:00:00'),
	(401, 6, 'Perfecter', 40, '2000-01-01 00:00:00'),
	(402, 10, 'Battlemaster', 40, '2000-01-01 00:00:00'),
	(403, 10, 'Perfecter', 40, '2000-01-01 00:00:00'),
	(404, 33, 'Banelord', 40, '2000-01-01 00:00:00'),
	(405, 33, 'Perfecter', 40, '2000-01-01 00:00:00'),
	(406, 9, 'Spymaster', 40, '2000-01-01 00:00:00'),
	(407, 9, 'Battlemaster', 40, '2000-01-01 00:00:00'),
	(408, 60, 'Battlemaster', 40, '2000-01-01 00:00:00'),
	(409, 60, 'Warlord', 40, '2000-01-01 00:00:00'),
	(410, 11, 'Battlemaster', 40, '2000-01-01 00:00:00'),
	(411, 11, 'Banelord', 40, '2000-01-01 00:00:00'),
	(412, 4, 'Warlord', 40, '2000-01-01 00:00:00'),
	(413, 4, 'Sojourner', 40, '2000-01-01 00:00:00'),
	(414, 12, 'Convoker', 40, '2000-01-01 00:00:00'),
	(415, 12, 'Stormlord', 40, '2000-01-01 00:00:00'),
	(416, 1, 'Warlord', 40, '2000-01-01 00:00:00'),
	(417, 1, 'Battlemaster', 40, '2000-01-01 00:00:00'),
	(418, 19, 'Battlemaster', 40, '2000-01-01 00:00:00'),
	(419, 19, 'Banelord', 40, '2000-01-01 00:00:00'),
	(420, 3, 'Battlemaster', 40, '2000-01-01 00:00:00'),
	(421, 3, 'Sojourner', 40, '2000-01-01 00:00:00'),
	(422, 8, 'Convoker', 40, '2000-01-01 00:00:00'),
	(423, 8, 'Stormlord', 40, '2000-01-01 00:00:00'),
	(424, 5, 'Convoker', 40, '2000-01-01 00:00:00'),
	(425, 5, 'Stormlord', 40, '2000-01-01 00:00:00'),
	(426, 7, 'Convoker', 40, '2000-01-01 00:00:00'),
	(427, 7, 'Stormlord', 40, '2000-01-01 00:00:00'),
	(428, 55, 'Convoker', 40, '2000-01-01 00:00:00'),
	(429, 55, 'Stormlord', 40, '2000-01-01 00:00:00'),
	(430, 39, 'Convoker', 40, '2000-01-01 00:00:00'),
	(431, 39, 'Stormlord', 40, '2000-01-01 00:00:00'),
	(432, 48, 'Sojourner', 40, '2000-01-01 00:00:00'),
	(433, 48, 'Perfecter', 40, '2000-01-01 00:00:00'),
	(434, 43, 'Battlemaster', 40, '2000-01-01 00:00:00'),
	(435, 43, 'Banelord', 40, '2000-01-01 00:00:00'),
	(436, 45, 'Battlemaster', 40, '2000-01-01 00:00:00'),
	(437, 45, 'Banelord', 40, '2000-01-01 00:00:00'),
	(438, 47, 'Convoker', 40, '2000-01-01 00:00:00'),
	(439, 47, 'Perfecter', 40, '2000-01-01 00:00:00'),
	(440, 40, 'Convoker', 40, '2000-01-01 00:00:00'),
	(441, 40, 'Stormlord', 40, '2000-01-01 00:00:00'),
	(442, 41, 'Convoker', 40, '2000-01-01 00:00:00'),
	(443, 41, 'Stormlord', 40, '2000-01-01 00:00:00'),
	(444, 44, 'Battlemaster', 40, '2000-01-01 00:00:00'),
	(445, 44, 'Warlord', 40, '2000-01-01 00:00:00'),
	(446, 62, 'Battlemaster', 40, '2000-01-01 00:00:00'),
	(447, 62, 'Warlord', 40, '2000-01-01 00:00:00'),
	(448, 42, 'Stormlord', 40, '2000-01-01 00:00:00'),
	(449, 42, 'Warlord', 40, '2000-01-01 00:00:00'),
	(450, 49, 'Spymaster', 40, '2000-01-01 00:00:00'),
	(451, 49, 'Stormlord', 40, '2000-01-01 00:00:00'),
	(452, 50, 'Battlemaster', 40, '2000-01-01 00:00:00'),
	(453, 50, 'Sojourner', 40, '2000-01-01 00:00:00'),
	(454, 56, 'Battlemaster', 40, '2000-01-01 00:00:00'),
	(455, 56, 'Stormlord', 40, '2000-01-01 00:00:00'),
	(456, 58, 'Banelord', 40, '2000-01-01 00:00:00'),
	(457, 58, 'Warlord', 40, '2000-01-01 00:00:00'),
	(458, 46, 'Battlemaster', 40, '2000-01-01 00:00:00'),
	(459, 46, 'Perfecter', 40, '2000-01-01 00:00:00'),
	(460, 31, 'Battlemaster', 40, '2000-01-01 00:00:00'),
	(461, 31, 'Banelord', 40, '2000-01-01 00:00:00'),
	(462, 30, 'Convoker', 40, '2000-01-01 00:00:00'),
	(463, 30, 'Banelord', 40, '2000-01-01 00:00:00'),
	(464, 26, 'Sojourner', 40, '2000-01-01 00:00:00'),
	(465, 26, 'Perfecter', 40, '2000-01-01 00:00:00'),
	(466, 25, 'Sojourner', 40, '2000-01-01 00:00:00'),
	(467, 25, 'Battlemaster', 40, '2000-01-01 00:00:00'),
	(468, 61, 'Battlemaster', 40, '2000-01-01 00:00:00'),
	(469, 61, 'Warlord', 40, '2000-01-01 00:00:00'),
	(470, 29, 'Convoker', 40, '2000-01-01 00:00:00'),
	(471, 29, 'Stormlord', 40, '2000-01-01 00:00:00'),
	(472, 32, 'Warlord', 40, '2000-01-01 00:00:00'),
	(473, 32, 'Battlemaster', 40, '2000-01-01 00:00:00'),
	(474, 23, 'Spymaster', 40, '2000-01-01 00:00:00'),
	(475, 23, 'Battlemaster', 40, '2000-01-01 00:00:00'),
	(476, 28, 'Convoker', 40, '2000-01-01 00:00:00'),
	(477, 28, 'Perfecter', 40, '2000-01-01 00:00:00'),
	(478, 24, 'Warlord', 40, '2000-01-01 00:00:00'),
	(479, 24, 'Sojourner', 40, '2000-01-01 00:00:00'),
	(480, 27, 'Convoker', 40, '2000-01-01 00:00:00'),
	(481, 27, 'Stormlord', 40, '2000-01-01 00:00:00'),
	(482, 21, 'Battlemaster', 40, '2000-01-01 00:00:00'),
	(483, 21, 'Stormlord', 40, '2000-01-01 00:00:00'),
	(484, 34, 'Stormlord', 40, '2000-01-01 00:00:00'),
	(485, 34, 'Warlord', 40, '2000-01-01 00:00:00'),
	(486, 59, 'Banelord', 40, '2000-01-01 00:00:00'),
	(487, 59, 'Convoker', 40, '2000-01-01 00:00:00'),
	(488, 22, 'Warlord', 40, '2000-01-01 00:00:00'),
	(489, 22, 'Battlemaster', 40, '2000-01-01 00:00:00'),
	(490, 2, 'Champion Level Albion', 50, '2000-01-01 00:00:00'),
	(491, 13, 'Champion Level Albion', 50, '2000-01-01 00:00:00'),
	(492, 6, 'Champion Level Albion', 50, '2000-01-01 00:00:00'),
	(493, 10, 'Champion Level Albion', 50, '2000-01-01 00:00:00'),
	(494, 33, 'Champion Level Albion', 50, '2000-01-01 00:00:00'),
	(495, 9, 'Champion Level Albion', 50, '2000-01-01 00:00:00'),
	(496, 11, 'Champion Level Albion', 50, '2000-01-01 00:00:00'),
	(497, 4, 'Champion Level Albion', 50, '2000-01-01 00:00:00'),
	(498, 12, 'Champion Level Albion', 50, '2000-01-01 00:00:00'),
	(499, 1, 'Champion Level Albion', 50, '2000-01-01 00:00:00'),
	(500, 19, 'Champion Level Albion', 50, '2000-01-01 00:00:00'),
	(501, 3, 'Champion Level Albion', 50, '2000-01-01 00:00:00'),
	(502, 8, 'Champion Level Albion', 50, '2000-01-01 00:00:00'),
	(503, 5, 'Champion Level Albion', 50, '2000-01-01 00:00:00'),
	(504, 7, 'Champion Level Albion', 50, '2000-01-01 00:00:00'),
	(505, 60, 'Champion Level Albion', 50, '2000-01-01 00:00:00'),
	(506, 31, 'Champion Level Midgard', 50, '2000-01-01 00:00:00'),
	(507, 30, 'Champion Level Midgard', 50, '2000-01-01 00:00:00'),
	(508, 26, 'Champion Level Midgard', 50, '2000-01-01 00:00:00'),
	(509, 25, 'Champion Level Midgard', 50, '2000-01-01 00:00:00'),
	(510, 29, 'Champion Level Midgard', 50, '2000-01-01 00:00:00'),
	(511, 32, 'Champion Level Midgard', 50, '2000-01-01 00:00:00'),
	(512, 23, 'Champion Level Midgard', 50, '2000-01-01 00:00:00'),
	(513, 28, 'Champion Level Midgard', 50, '2000-01-01 00:00:00'),
	(514, 24, 'Champion Level Midgard', 50, '2000-01-01 00:00:00'),
	(515, 27, 'Champion Level Midgard', 50, '2000-01-01 00:00:00'),
	(516, 21, 'Champion Level Midgard', 50, '2000-01-01 00:00:00'),
	(517, 34, 'Champion Level Midgard', 50, '2000-01-01 00:00:00'),
	(518, 59, 'Champion Level Midgard', 50, '2000-01-01 00:00:00'),
	(519, 22, 'Champion Level Midgard', 50, '2000-01-01 00:00:00'),
	(520, 61, 'Champion Level Midgard', 50, '2000-01-01 00:00:00'),
	(521, 55, 'Champion Level Hibernia', 50, '2000-01-01 00:00:00'),
	(522, 39, 'Champion Level Hibernia', 50, '2000-01-01 00:00:00'),
	(523, 48, 'Champion Level Hibernia', 50, '2000-01-01 00:00:00'),
	(524, 43, 'Champion Level Hibernia', 50, '2000-01-01 00:00:00'),
	(525, 45, 'Champion Level Hibernia', 50, '2000-01-01 00:00:00'),
	(526, 47, 'Champion Level Hibernia', 50, '2000-01-01 00:00:00'),
	(527, 40, 'Champion Level Hibernia', 50, '2000-01-01 00:00:00'),
	(528, 41, 'Champion Level Hibernia', 50, '2000-01-01 00:00:00'),
	(529, 44, 'Champion Level Hibernia', 50, '2000-01-01 00:00:00'),
	(530, 42, 'Champion Level Hibernia', 50, '2000-01-01 00:00:00'),
	(531, 49, 'Champion Level Hibernia', 50, '2000-01-01 00:00:00'),
	(532, 50, 'Champion Level Hibernia', 50, '2000-01-01 00:00:00'),
	(533, 56, 'Champion Level Hibernia', 50, '2000-01-01 00:00:00'),
	(534, 58, 'Champion Level Hibernia', 50, '2000-01-01 00:00:00'),
	(535, 46, 'Champion Level Hibernia', 50, '2000-01-01 00:00:00'),
	(536, 62, 'Champion Level Hibernia', 50, '2000-01-01 00:00:00'),
	(537, 0, 'Realm Abilities', 1, '2000-01-01 00:00:00');
/*!40000 ALTER TABLE `classxspecialization` ENABLE KEYS */;

-- Dumping structure for table soidaoc.dolcharacters
DROP TABLE IF EXISTS `dolcharacters`;
CREATE TABLE IF NOT EXISTS `dolcharacters` (
  `HasGravestone` tinyint(1) DEFAULT NULL,
  `GravestoneRegion` int(11) DEFAULT NULL,
  `Constitution` int(11) DEFAULT NULL,
  `Dexterity` int(11) DEFAULT NULL,
  `Strength` int(11) DEFAULT NULL,
  `Quickness` int(11) DEFAULT NULL,
  `Intelligence` int(11) DEFAULT NULL,
  `Piety` int(11) DEFAULT NULL,
  `Empathy` int(11) DEFAULT NULL,
  `Charisma` int(11) DEFAULT NULL,
  `BountyPoints` bigint(20) DEFAULT NULL,
  `RealmPoints` bigint(20) DEFAULT NULL,
  `RealmLevel` int(11) DEFAULT NULL,
  `Experience` bigint(20) DEFAULT NULL,
  `MaxEndurance` int(11) DEFAULT NULL,
  `Health` int(11) DEFAULT NULL,
  `Mana` int(11) DEFAULT NULL,
  `Endurance` int(11) DEFAULT NULL,
  `Concentration` int(11) DEFAULT NULL,
  `AccountName` varchar(255) NOT NULL,
  `AccountSlot` int(11) DEFAULT NULL,
  `CreationDate` datetime NOT NULL DEFAULT '2000-01-01 00:00:00',
  `LastPlayed` datetime DEFAULT NULL,
  `Name` varchar(255) NOT NULL,
  `LastName` text DEFAULT NULL,
  `GuildID` varchar(255) DEFAULT NULL,
  `Gender` int(11) NOT NULL DEFAULT 0,
  `Race` int(11) NOT NULL DEFAULT 0,
  `Level` int(11) NOT NULL DEFAULT 0,
  `Class` int(11) NOT NULL DEFAULT 0,
  `Realm` int(11) NOT NULL DEFAULT 0,
  `CreationModel` int(11) NOT NULL DEFAULT 0,
  `CurrentModel` int(11) NOT NULL DEFAULT 0,
  `Region` int(11) NOT NULL DEFAULT 0,
  `ActiveWeaponSlot` tinyint(3) unsigned NOT NULL DEFAULT 0,
  `Xpos` int(11) NOT NULL DEFAULT 0,
  `Ypos` int(11) NOT NULL DEFAULT 0,
  `Zpos` int(11) NOT NULL DEFAULT 0,
  `BindXpos` int(11) DEFAULT NULL,
  `BindYpos` int(11) DEFAULT NULL,
  `BindZpos` int(11) DEFAULT NULL,
  `BindRegion` int(11) DEFAULT NULL,
  `BindHeading` int(11) DEFAULT NULL,
  `BindHouseXpos` int(11) DEFAULT NULL,
  `BindHouseYpos` int(11) DEFAULT NULL,
  `BindHouseZpos` int(11) DEFAULT NULL,
  `BindHouseRegion` int(11) DEFAULT NULL,
  `BindHouseHeading` int(11) DEFAULT NULL,
  `DeathCount` tinyint(3) unsigned DEFAULT NULL,
  `ConLostAtDeath` int(11) DEFAULT NULL,
  `Direction` int(11) NOT NULL DEFAULT 0,
  `MaxSpeed` int(11) NOT NULL DEFAULT 0,
  `Copper` int(11) DEFAULT NULL,
  `Silver` int(11) DEFAULT NULL,
  `Gold` int(11) DEFAULT NULL,
  `Platinum` int(11) DEFAULT NULL,
  `Mithril` int(11) DEFAULT NULL,
  `SerializedCraftingSkills` text DEFAULT NULL,
  `SerializedAbilities` text DEFAULT NULL,
  `SerializedSpecs` text DEFAULT NULL,
  `SerializedRealmAbilities` text DEFAULT NULL,
  `DisabledSpells` text DEFAULT NULL,
  `DisabledAbilities` text DEFAULT NULL,
  `SerializedFriendsList` text DEFAULT NULL,
  `SerializedIgnoreList` text DEFAULT NULL,
  `IsCloakHoodUp` tinyint(1) DEFAULT NULL,
  `IsCloakInvisible` tinyint(1) NOT NULL DEFAULT 0,
  `IsHelmInvisible` tinyint(1) NOT NULL DEFAULT 0,
  `SpellQueue` tinyint(1) DEFAULT NULL,
  `IsLevelSecondStage` tinyint(1) DEFAULT NULL,
  `FlagClassName` tinyint(1) DEFAULT NULL,
  `Advisor` tinyint(1) DEFAULT NULL,
  `GuildRank` smallint(5) unsigned DEFAULT NULL,
  `PlayedTime` bigint(20) DEFAULT NULL,
  `DeathTime` bigint(20) DEFAULT NULL,
  `RespecAmountAllSkill` int(11) DEFAULT NULL,
  `RespecAmountSingleSkill` int(11) DEFAULT NULL,
  `RespecAmountRealmSkill` int(11) DEFAULT NULL,
  `RespecAmountDOL` int(11) DEFAULT NULL,
  `RespecAmountChampionSkill` int(11) DEFAULT NULL,
  `IsLevelRespecUsed` tinyint(1) DEFAULT NULL,
  `RespecBought` int(11) DEFAULT NULL,
  `SafetyFlag` tinyint(1) DEFAULT NULL,
  `CraftingPrimarySkill` int(11) DEFAULT NULL,
  `CancelStyle` tinyint(1) DEFAULT NULL,
  `IsAnonymous` tinyint(1) DEFAULT NULL,
  `CustomisationStep` tinyint(3) unsigned DEFAULT NULL,
  `EyeSize` tinyint(3) unsigned DEFAULT NULL,
  `LipSize` tinyint(3) unsigned DEFAULT NULL,
  `EyeColor` tinyint(3) unsigned DEFAULT NULL,
  `HairColor` tinyint(3) unsigned DEFAULT NULL,
  `FaceType` tinyint(3) unsigned DEFAULT NULL,
  `HairStyle` tinyint(3) unsigned DEFAULT NULL,
  `MoodType` tinyint(3) unsigned DEFAULT NULL,
  `UsedLevelCommand` tinyint(1) DEFAULT NULL,
  `CurrentTitleType` text DEFAULT NULL,
  `KillsAlbionPlayers` int(11) DEFAULT NULL,
  `KillsMidgardPlayers` int(11) DEFAULT NULL,
  `KillsHiberniaPlayers` int(11) DEFAULT NULL,
  `KillsAlbionDeathBlows` int(11) DEFAULT NULL,
  `KillsMidgardDeathBlows` int(11) DEFAULT NULL,
  `KillsHiberniaDeathBlows` int(11) DEFAULT NULL,
  `KillsAlbionSolo` int(11) DEFAULT NULL,
  `KillsMidgardSolo` int(11) DEFAULT NULL,
  `KillsHiberniaSolo` int(11) DEFAULT NULL,
  `CapturedKeeps` int(11) DEFAULT NULL,
  `CapturedTowers` int(11) DEFAULT NULL,
  `CapturedRelics` int(11) DEFAULT NULL,
  `KillsDragon` int(11) DEFAULT NULL,
  `DeathsPvP` int(11) DEFAULT NULL,
  `KillsLegion` int(11) DEFAULT NULL,
  `KillsEpicBoss` int(11) DEFAULT NULL,
  `GainXP` tinyint(1) DEFAULT NULL,
  `GainRP` tinyint(1) DEFAULT NULL,
  `Autoloot` tinyint(1) DEFAULT NULL,
  `LastFreeLeveled` datetime DEFAULT NULL,
  `LastFreeLevel` int(11) DEFAULT NULL,
  `GuildNote` text DEFAULT NULL,
  `ShowXFireInfo` tinyint(1) DEFAULT NULL,
  `NoHelp` tinyint(1) DEFAULT NULL,
  `ShowGuildLogins` tinyint(1) DEFAULT NULL,
  `Champion` tinyint(1) DEFAULT NULL,
  `ChampionLevel` int(11) DEFAULT NULL,
  `ChampionExperience` bigint(20) DEFAULT NULL,
  `ML` tinyint(3) unsigned NOT NULL DEFAULT 0,
  `MLExperience` bigint(20) NOT NULL DEFAULT 0,
  `MLLevel` int(11) NOT NULL DEFAULT 0,
  `MLGranted` tinyint(1) NOT NULL DEFAULT 0,
  `RPFlag` tinyint(1) DEFAULT NULL,
  `IgnoreStatistics` tinyint(1) DEFAULT NULL,
  `NotDisplayedInHerald` tinyint(3) unsigned DEFAULT NULL,
  `ActiveSaddleBags` tinyint(3) unsigned DEFAULT NULL,
  `LastTimeRowUpdated` datetime NOT NULL DEFAULT '2000-01-01 00:00:00',
  `DOLCharacters_ID` varchar(255) NOT NULL,
  PRIMARY KEY (`DOLCharacters_ID`),
  UNIQUE KEY `U_DOLCharacters_Name` (`Name`),
  KEY `I_DOLCharacters_AccountName` (`AccountName`),
  KEY `I_DOLCharacters_GuildID` (`GuildID`)
) ENGINE=InnoDB DEFAULT CHARSET=utf8;

-- Dumping data for table soidaoc.dolcharacters: ~13 rows (approximately)
DELETE FROM `dolcharacters`;
/*!40000 ALTER TABLE `dolcharacters` DISABLE KEYS */;
INSERT INTO `dolcharacters` (`HasGravestone`, `GravestoneRegion`, `Constitution`, `Dexterity`, `Strength`, `Quickness`, `Intelligence`, `Piety`, `Empathy`, `Charisma`, `BountyPoints`, `RealmPoints`, `RealmLevel`, `Experience`, `MaxEndurance`, `Health`, `Mana`, `Endurance`, `Concentration`, `AccountName`, `AccountSlot`, `CreationDate`, `LastPlayed`, `Name`, `LastName`, `GuildID`, `Gender`, `Race`, `Level`, `Class`, `Realm`, `CreationModel`, `CurrentModel`, `Region`, `ActiveWeaponSlot`, `Xpos`, `Ypos`, `Zpos`, `BindXpos`, `BindYpos`, `BindZpos`, `BindRegion`, `BindHeading`, `BindHouseXpos`, `BindHouseYpos`, `BindHouseZpos`, `BindHouseRegion`, `BindHouseHeading`, `DeathCount`, `ConLostAtDeath`, `Direction`, `MaxSpeed`, `Copper`, `Silver`, `Gold`, `Platinum`, `Mithril`, `SerializedCraftingSkills`, `SerializedAbilities`, `SerializedSpecs`, `SerializedRealmAbilities`, `DisabledSpells`, `DisabledAbilities`, `SerializedFriendsList`, `SerializedIgnoreList`, `IsCloakHoodUp`, `IsCloakInvisible`, `IsHelmInvisible`, `SpellQueue`, `IsLevelSecondStage`, `FlagClassName`, `Advisor`, `GuildRank`, `PlayedTime`, `DeathTime`, `RespecAmountAllSkill`, `RespecAmountSingleSkill`, `RespecAmountRealmSkill`, `RespecAmountDOL`, `RespecAmountChampionSkill`, `IsLevelRespecUsed`, `RespecBought`, `SafetyFlag`, `CraftingPrimarySkill`, `CancelStyle`, `IsAnonymous`, `CustomisationStep`, `EyeSize`, `LipSize`, `EyeColor`, `HairColor`, `FaceType`, `HairStyle`, `MoodType`, `UsedLevelCommand`, `CurrentTitleType`, `KillsAlbionPlayers`, `KillsMidgardPlayers`, `KillsHiberniaPlayers`, `KillsAlbionDeathBlows`, `KillsMidgardDeathBlows`, `KillsHiberniaDeathBlows`, `KillsAlbionSolo`, `KillsMidgardSolo`, `KillsHiberniaSolo`, `CapturedKeeps`, `CapturedTowers`, `CapturedRelics`, `KillsDragon`, `DeathsPvP`, `KillsLegion`, `KillsEpicBoss`, `GainXP`, `GainRP`, `Autoloot`, `LastFreeLeveled`, `LastFreeLevel`, `GuildNote`, `ShowXFireInfo`, `NoHelp`, `ShowGuildLogins`, `Champion`, `ChampionLevel`, `ChampionExperience`, `ML`, `MLExperience`, `MLLevel`, `MLGranted`, `RPFlag`, `IgnoreStatistics`, `NotDisplayedInHerald`, `ActiveSaddleBags`, `LastTimeRowUpdated`, `DOLCharacters_ID`) VALUES
	(0, 0, 85, 35, 118, 35, 60, 60, 60, 85, 0, 0, 1, 0, 100, 163, 135, 100, 100, 'andrewkirk1', 200, '2020-11-24 17:28:50', '2020-11-24 17:36:42', 'Mudpile', NULL, '4a4b6e79-fe3a-4d09-87e5-cc8e15f59d30', 0, 6, 20, 24, 2, 26764, 26764, 100, 0, 803690, 726127, 4721, 802869, 726016, 4699, 100, 1399, 0, 0, 0, 0, 0, 0, 0, 3922, 191, 0, 0, 0, 750, 0, '1|1;2|1;3|1;4|1;6|1;7|1;8|1;9|1;10|1;11|1;12|1;13|1;14|1;15|1', 'Sprint|0;Weaponry: Staves|0;Weaponry: Hammers|0;Weaponry: Axes|0;MidArmor|4;Weaponry: Swords|0;Tireless|0;Shield|2;Protect|2;Evade|1', 'Battlesongs|1;Axe|1;Sword|1;Parry|1;Hammer|1', '', '', '', '', '', 0, 0, 0, 1, 0, 1, 0, 8, 56, -9223372036854775808, 0, 1, 2, 0, 0, 0, 0, 1, 15, 0, 0, 2, 68, 68, 16, 0, 10, 16, 16, 0, '', 0, 0, 0, 0, 0, 0, 0, 0, 0, 0, 0, 0, 0, 0, 0, 0, 1, 1, 1, '2020-11-24 17:28:50', 0, '', 0, 0, 0, 0, 0, 0, 0, 0, 0, 0, 0, 0, 0, 0, '2020-11-24 22:36:42', '0306b258-9fa2-4133-87d0-15c94b355dde'),
	(0, 0, 50, 85, 50, 70, 60, 70, 60, 60, 0, 0, 0, 0, 100, 31, 25, 100, 100, 'andrewkirk1', 201, '2020-11-24 17:35:05', '2020-11-24 20:36:13', 'Puddle', NULL, '4a4b6e79-fe3a-4d09-87e5-cc8e15f59d30', 0, 8, 1, 30, 2, 27154, 27154, 100, 1, 803870, 726275, 4751, 802869, 726016, 4699, 100, 1399, 0, 0, 0, 0, 0, 0, 0, 3143, 191, 0, 0, 0, 0, 0, '1|1;2|1;3|1;4|1;6|1;7|1;8|1;9|1;10|1;11|1;12|1;13|1;14|1;15|1', 'Sprint|0;Weaponry: Staves|0;MidArmor|1;QuickCast|0', 'Darkness|1;Suppression|1;Bone Army|1', '', '', '', '', '', 0, 0, 0, 1, 0, 1, 0, 8, 661, -9223372036854775808, 0, 0, 2, 0, 0, 1, 0, 1, 15, 0, 0, 2, 68, 68, 0, 1, 0, 32, 16, 0, '', 0, 0, 0, 0, 0, 0, 0, 0, 0, 0, 0, 0, 0, 0, 0, 0, 1, 1, 1, '2020-11-24 17:35:05', 0, '', 0, 0, 0, 0, 0, 0, 0, 0, 0, 0, 0, 0, 0, 0, '2020-11-25 01:36:13', '1183687b-926b-4462-aef1-1386cb65932a'),
	(0, 0, 60, 90, 60, 60, 60, 60, 60, 60, 0, 0, 0, 0, 100, 0, 0, 100, 100, 'andrewkirk1', 100, '2020-11-24 17:43:02', '2020-11-24 17:43:02', 'Mudpilex', NULL, '1b58e5c6-007a-40e2-8548-b7eb5a2d8649', 0, 4, 20, 19, 1, 43487, 43487, 1, 0, 562418, 512268, 2500, 562418, 512268, 2500, 1, 2980, 0, 0, 0, 0, 0, 0, 0, 2980, 191, 0, 0, 0, 750, 0, '1|1;2|1;3|1;4|1;6|1;7|1;8|1;9|1;10|1;11|1;12|1;13|1;14|1;15|1', '', '', '', '', '', '', '', 0, 0, 0, 1, 0, 1, 0, 8, 0, -9223372036854775808, 0, 0, 2, 0, 0, 1, 0, 1, 15, 0, 0, 2, 68, 68, 0, 0, 0, 32, 16, 0, '', 0, 0, 0, 0, 0, 0, 0, 0, 0, 0, 0, 0, 0, 0, 0, 0, 1, 1, 1, '2020-11-24 17:43:02', 0, '', 0, 0, 0, 0, 0, 0, 0, 0, 0, 0, 0, 0, 0, 0, '2020-11-24 22:43:02', '24d4994b-1df6-40b5-8942-fa8d5b666acb'),
	(0, 0, 60, 75, 60, 60, 60, 70, 60, 60, 0, 0, 0, 0, 100, 0, 0, 100, 100, 'andrewkirk2', 100, '2020-11-24 17:43:46', '2020-11-24 17:43:46', 'Inkstainx', NULL, '1b58e5c6-007a-40e2-8548-b7eb5a2d8649', 0, 1, 20, 6, 1, 10711, 10711, 1, 0, 562418, 512268, 2500, 562418, 512268, 2500, 1, 2980, 0, 0, 0, 0, 0, 0, 0, 2980, 191, 0, 0, 0, 0, 0, '1|1;2|1;3|1;4|1;6|1;7|1;8|1;9|1;10|1;11|1;12|1;13|1;14|1;15|1', '', '', '', '', '', '', '', 0, 0, 0, 1, 0, 1, 0, 8, 0, -9223372036854775808, 0, 0, 2, 0, 0, 1, 0, 1, 15, 0, 0, 2, 68, 68, 0, 15, 0, 16, 112, 0, '', 0, 0, 0, 0, 0, 0, 0, 0, 0, 0, 0, 0, 0, 0, 0, 0, 1, 1, 1, '2020-11-24 17:43:46', 0, '', 0, 0, 0, 0, 0, 0, 0, 0, 0, 0, 0, 0, 0, 0, '2020-11-24 22:43:47', '27cde3a3-5cee-4a91-a48f-b1896293ab13'),
	(0, 0, 50, 95, 60, 60, 60, 60, 60, 60, 0, 0, 0, 0, 100, 0, 0, 100, 100, 'andrewkirk1', 101, '2020-11-24 17:44:48', '2020-11-24 17:44:48', 'Puddlex', NULL, '1b58e5c6-007a-40e2-8548-b7eb5a2d8649', 0, 4, 1, 3, 1, 43487, 43487, 1, 2, 562418, 512268, 2500, 562418, 512268, 2500, 1, 2980, 0, 0, 0, 0, 0, 0, 0, 2980, 191, 0, 0, 0, 0, 0, '1|1;2|1;3|1;4|1;6|1;7|1;8|1;9|1;10|1;11|1;12|1;13|1;14|1;15|1', '', '', '', '', '', '', '', 0, 0, 0, 1, 0, 1, 0, 8, 0, -9223372036854775808, 0, 0, 2, 0, 0, 1, 0, 1, 15, 0, 0, 2, 68, 68, 0, 0, 0, 32, 0, 0, '', 0, 0, 0, 0, 0, 0, 0, 0, 0, 0, 0, 0, 0, 0, 0, 0, 1, 1, 1, '2020-11-24 17:44:48', 0, '', 0, 0, 0, 0, 0, 0, 0, 0, 0, 0, 0, 0, 0, 0, '2020-11-24 22:44:48', '28779d4b-1012-4f5e-80d6-f5e65c886895'),
	(0, 0, 88, 65, 65, 50, 60, 85, 60, 60, 0, 0, 1, 0, 100, 215, 135, 100, 100, 'andrewkirk2', 200, '2020-11-24 17:38:17', '2020-11-24 17:40:32', 'Inkstain', NULL, '4a4b6e79-fe3a-4d09-87e5-cc8e15f59d30', 0, 7, 20, 28, 2, 27146, 27146, 100, 0, 803529, 726080, 4682, 802869, 726016, 4699, 100, 1399, 0, 0, 0, 0, 0, 0, 0, 3797, 191, 0, 0, 0, 0, 0, '1|1;2|1;3|1;4|1;6|1;7|1;8|1;9|1;10|1;11|1;12|1;13|1;14|1;15|1', 'Sprint|0;Weaponry: Staves|0;Weaponry: Hammers|0;Shield|1;MidArmor|4', 'Mending|1;Augmentation|1;Subterranean|1', '', '', '', '', '', 0, 0, 0, 1, 0, 1, 0, 8, 51, -9223372036854775808, 0, 1, 2, 0, 0, 0, 0, 1, 15, 0, 0, 2, 68, 68, 0, 11, 0, 48, 112, 0, '', 0, 0, 0, 0, 0, 0, 0, 0, 0, 0, 0, 0, 0, 0, 0, 0, 1, 1, 1, '2020-11-24 17:38:17', 0, '', 0, 0, 0, 0, 0, 0, 0, 0, 0, 0, 0, 0, 0, 0, '2020-11-24 22:40:32', '3b9667d3-9834-499b-a213-c6a6982cae84'),
	(0, 0, 40, 106, 54, 86, 60, 60, 60, 60, 515, 0, 0, 6056660, 100, 334, 160, 100, 100, 'andrewkirk1', 301, '2020-11-24 17:46:34', '2020-11-24 20:24:16', 'Puddlez', NULL, '4aa92a81-4b7c-4cb4-85cf-51522db5680d', 0, 12, 16, 49, 3, 10786, 10786, 249, 0, 40978, 38059, 20333, 347279, 489681, 5200, 200, 2332, 0, 0, 0, 0, 0, 0, 0, 1111, 191, 38, 56, 14, 0, 0, '1|1;2|1;3|1;4|1;6|1;7|1;8|1;9|1;10|1;11|1;12|1;13|1;14|1;15|1', 'Sprint|0;Weaponry: Staves|0;HibArmor|2;Weaponry: Blades|0;Evade|3;Weaponry: Piercing|0;Tireless|0;Shield|1;Distraction|0', 'Stealth|5;Piercing|1;Blades|1;Celtic Dual|16;Critical Strike|1;Envenom|16', '', '', '', '', '', 0, 1, 1, 1, 0, 1, 0, 1, 7785, 5811, 0, 0, 2, 0, 0, 0, 0, 1, 15, 0, 0, 2, 68, 68, 0, 3, 0, 80, 96, 0, '', 0, 0, 0, 0, 0, 0, 0, 0, 0, 0, 0, 0, 0, 0, 0, 0, 1, 1, 1, '2020-11-24 17:46:34', 0, '', 0, 0, 0, 0, 0, 0, 0, 0, 0, 0, 0, 0, 0, 0, '2020-11-25 01:24:16', '4637c4a3-acca-40b1-84c9-22dfaf5f0340'),
	(0, 0, 45, 75, 45, 70, 90, 60, 60, 60, 0, 0, 0, 0, 100, 0, 0, 100, 100, 'andrewkirk2', 101, '2020-11-24 17:45:22', '2020-11-24 17:45:22', 'Scrubtasticx', NULL, '1b58e5c6-007a-40e2-8548-b7eb5a2d8649', 0, 2, 1, 8, 1, 2543, 2543, 1, 1, 562418, 512268, 2500, 562418, 512268, 2500, 1, 2980, 0, 0, 0, 0, 0, 0, 0, 2980, 191, 0, 0, 0, 0, 0, '1|1;2|1;3|1;4|1;6|1;7|1;8|1;9|1;10|1;11|1;12|1;13|1;14|1;15|1', '', '', '', '', '', '', '', 0, 0, 0, 1, 0, 1, 0, 8, 0, -9223372036854775808, 0, 0, 2, 0, 0, 1, 0, 1, 15, 0, 0, 2, 68, 68, 0, 15, 0, 64, 16, 0, '', 0, 0, 0, 0, 0, 0, 0, 0, 0, 0, 0, 0, 0, 0, 0, 0, 1, 1, 1, '2020-11-24 17:45:22', 0, '', 0, 0, 0, 0, 0, 0, 0, 0, 0, 0, 0, 0, 0, 0, '2020-11-24 22:45:22', '52945ac4-d886-4d6c-a259-df29dd158201'),
	(0, 0, 64, 75, 60, 60, 60, 60, 66, 81, 510, 0, 0, 6073469, 100, 358, 111, 100, 100, 'andrewkirk2', 301, '2020-11-24 17:47:49', '2020-11-24 20:24:18', 'Scrubtasticz', NULL, '4aa92a81-4b7c-4cb4-85cf-51522db5680d', 0, 9, 16, 48, 3, 10775, 10775, 249, 1, 40984, 38121, 20334, 347279, 489681, 5200, 200, 2332, 0, 0, 0, 0, 0, 0, 0, 1087, 191, 67, 72, 13, 0, 0, '1|1;2|1;3|1;4|1;6|1;7|1;8|1;9|1;10|1;11|1;12|1;13|1;14|1;15|1', 'Sprint|0;Weaponry: Blunt|0;Weaponry: Staves|0;HibArmor|3;Weaponry: Blades|0;Shield|1;Tireless|0;Weaponry: Instruments|0;Evade|1', 'Nurture|15;Regrowth|9;Music|1;Blades|1;Blunt|1', '', '', '', '', '', 0, 1, 0, 1, 0, 1, 0, 0, 8193, 6179, 0, 0, 2, 0, 0, 0, 0, 1, 15, 0, 0, 2, 68, 68, 0, 15, 0, 16, 128, 0, '', 0, 0, 0, 0, 0, 0, 0, 0, 0, 0, 0, 0, 0, 0, 0, 0, 1, 1, 1, '2020-11-24 17:47:49', 0, '', 0, 0, 0, 0, 0, 0, 0, 0, 0, 0, 0, 0, 0, 0, '2020-11-25 01:24:18', '642d135a-2b33-4114-8a27-33cea066fdfb'),
	(0, 0, 80, 50, 80, 50, 60, 70, 60, 60, 0, 0, 0, 0, 100, 36, 25, 100, 100, 'admin', 200, '2020-11-24 17:23:04', '2020-11-24 20:24:51', 'Admin', NULL, NULL, 0, 5, 1, 21, 2, 18588, 18588, 249, 0, 41661, 38114, 20333, 802869, 726016, 4699, 100, 1399, 0, 0, 0, 0, 0, 0, 0, 3128, 191, 0, 0, 0, 0, 0, '1|1;2|1;3|1;4|1;6|1;7|1;8|1;9|1;10|1;11|1;12|1;13|1;14|1;15|1', 'Sprint|0;Weaponry: Staves|0;Weaponry: Hammers|0;Weaponry: Axes|0;MidArmor|4;Weaponry: Swords|0;Tireless|0;Shield|3', 'Shields|1;Stormcalling|1;Sword|1;Hammer|1;Axe|1;Parry|1', '', '', '', '', '', 0, 0, 0, 1, 0, 1, 0, 0, 2645, -9223372036854775808, 0, 0, 2, 0, 0, 1, 0, 1, 15, 0, 0, 2, 68, 68, 0, 15, 0, 48, 128, 0, '', 0, 0, 0, 0, 0, 0, 0, 0, 0, 0, 0, 0, 0, 0, 0, 0, 1, 1, 1, '2020-11-24 17:23:04', 0, '', 0, 0, 0, 0, 0, 0, 0, 0, 0, 0, 0, 1, 0, 0, '2020-11-25 01:24:51', '739fb6fe-209e-4672-80f1-3009af8b0b81'),
	(0, 0, 50, 90, 50, 80, 60, 60, 60, 60, 0, 0, 0, 0, 100, 363, 110, 100, 100, 'andrewkirk1', 300, '2020-11-24 17:46:12', '2020-11-24 18:01:54', 'Mudpilez', NULL, '4aa92a81-4b7c-4cb4-85cf-51522db5680d', 0, 12, 20, 45, 3, 59938, 59938, 200, 0, 347992, 490053, 5200, 347279, 489681, 5200, 200, 2332, 0, 0, 0, 0, 0, 0, 0, 15, 191, 0, 0, 999, 749, 0, '1|1;2|1;3|1;4|1;6|1;7|1;8|1;9|1;10|1;11|1;12|1;13|1;14|1;15|1', 'Sprint|0;Weaponry: Blunt|0;Weaponry: Staves|0;HibArmor|4;Weaponry: Blades|0;Shield|3;Evade|1;Weaponry: Piercing|0;Tireless|0;Weaponry: Large Weapons|0;Protect|1;Intercept|0', 'Blades|1;Blunt|1;Piercing|1;Parry|1;Large Weapons|1;Shields|1;Valor|1', '', '', '', '', '', 0, 0, 0, 1, 0, 1, 0, 0, 325, -9223372036854775808, 0, 0, 2, 0, 0, 1, 0, 1, 15, 0, 0, 2, 68, 68, 0, 15, 0, 80, 16, 0, '', 0, 0, 0, 0, 0, 0, 0, 0, 0, 0, 0, 0, 0, 0, 0, 0, 1, 1, 1, '2020-11-24 17:46:12', 0, '', 0, 0, 0, 0, 0, 0, 0, 0, 0, 0, 0, 0, 0, 0, '2020-11-24 23:01:54', 'ab405454-175d-4a0c-9bff-502107a33e0f'),
	(0, 0, 60, 75, 60, 60, 60, 60, 70, 60, 0, 0, 0, 0, 100, 0, 0, 100, 100, 'andrewkirk2', 300, '2020-11-24 17:47:27', '2020-11-24 17:47:27', 'Inkstainz', NULL, '984013fa-2647-4cae-8f9e-e905d58e5627', 0, 9, 20, 47, 3, 10775, 10775, 200, 0, 347279, 489681, 5200, 347279, 489681, 5200, 200, 2332, 0, 0, 0, 0, 0, 0, 0, 2332, 191, 0, 0, 0, 0, 0, '1|1;2|1;3|1;4|1;6|1;7|1;8|1;9|1;10|1;11|1;12|1;13|1;14|1;15|1', '', '', '', '', '', '', '', 0, 0, 0, 1, 0, 1, 0, 8, 0, -9223372036854775808, 0, 0, 2, 0, 0, 1, 0, 1, 15, 0, 0, 2, 68, 68, 0, 15, 0, 16, 16, 0, '', 0, 0, 0, 0, 0, 0, 0, 0, 0, 0, 0, 0, 0, 0, 0, 0, 1, 1, 1, '2020-11-24 17:47:27', 0, '', 0, 0, 0, 0, 0, 0, 0, 0, 0, 0, 0, 0, 0, 0, '2020-11-24 22:47:27', 'b80b4719-5422-435f-baae-c9a64bc233b8'),
	(0, 0, 55, 70, 55, 60, 60, 85, 60, 60, 0, 0, 0, 0, 100, 34, 40, 100, 100, 'andrewkirk2', 201, '2020-11-24 17:39:06', '2020-11-24 20:36:13', 'Scrubtastic', NULL, '4a4b6e79-fe3a-4d09-87e5-cc8e15f59d30', 0, 17, 1, 26, 2, 3109, 3109, 100, 0, 803823, 726197, 4741, 802869, 726016, 4699, 100, 1399, 0, 0, 0, 0, 0, 0, 0, 629, 191, 0, 0, 0, 0, 0, '1|1;2|1;3|1;4|1;6|1;7|1;8|1;9|1;10|1;11|1;12|1;13|1;14|1;15|1', 'Sprint|0;Weaponry: Staves|0;Weaponry: Hammers|0;Shield|1;MidArmor|4', 'Mending|1;Augmentation|1;Pacification|1', '', '', '', '', '', 0, 0, 0, 1, 0, 1, 0, 8, 608, -9223372036854775808, 0, 0, 2, 0, 0, 1, 0, 1, 15, 0, 0, 2, 68, 68, 0, 13, 0, 16, 0, 0, '', 0, 0, 0, 0, 0, 0, 0, 0, 0, 0, 0, 0, 0, 0, 0, 0, 1, 1, 1, '2020-11-24 17:39:06', 0, '', 0, 0, 0, 0, 0, 0, 0, 0, 0, 0, 0, 0, 0, 0, '2020-11-25 01:36:13', 'c46ed86b-2a83-4261-bca3-f17ed736b52c');
/*!40000 ALTER TABLE `dolcharacters` ENABLE KEYS */;

-- Dumping structure for table soidaoc.dolcharactersxcustomparam
DROP TABLE IF EXISTS `dolcharactersxcustomparam`;
CREATE TABLE IF NOT EXISTS `dolcharactersxcustomparam` (
  `DOLCharactersObjectId` varchar(255) NOT NULL,
  `KeyName` varchar(100) NOT NULL,
  `Value` varchar(255) DEFAULT NULL,
  `CustomParamID` int(11) NOT NULL AUTO_INCREMENT,
  `LastTimeRowUpdated` datetime NOT NULL DEFAULT '2000-01-01 00:00:00',
  PRIMARY KEY (`CustomParamID`),
  KEY `I_DOLCharactersXCustomParam_DOLCharactersObjectId` (`DOLCharactersObjectId`),
  KEY `I_DOLCharactersXCustomParam_KeyName` (`KeyName`)
) ENGINE=InnoDB DEFAULT CHARSET=utf8;

-- Dumping data for table soidaoc.dolcharactersxcustomparam: ~0 rows (approximately)
DELETE FROM `dolcharactersxcustomparam`;
/*!40000 ALTER TABLE `dolcharactersxcustomparam` DISABLE KEYS */;
/*!40000 ALTER TABLE `dolcharactersxcustomparam` ENABLE KEYS */;

-- Dumping structure for table soidaoc.guild
DROP TABLE IF EXISTS `guild`;
CREATE TABLE IF NOT EXISTS `guild` (
  `GuildID` varchar(255) DEFAULT NULL,
  `GuildName` varchar(255) DEFAULT NULL,
  `Realm` tinyint(3) unsigned DEFAULT NULL,
  `GuildBanner` tinyint(1) DEFAULT NULL,
  `GuildBannerLostTime` datetime NOT NULL DEFAULT '2000-01-01 00:00:00',
  `Motd` text DEFAULT NULL,
  `oMotd` text DEFAULT NULL,
  `AllianceID` varchar(255) DEFAULT NULL,
  `Emblem` int(11) DEFAULT NULL,
  `RealmPoints` bigint(20) DEFAULT NULL,
  `BountyPoints` bigint(20) DEFAULT NULL,
  `Webpage` text DEFAULT NULL,
  `Email` text DEFAULT NULL,
  `Dues` tinyint(1) DEFAULT NULL,
  `Bank` double DEFAULT NULL,
  `DuesPercent` bigint(20) DEFAULT NULL,
  `HaveGuildHouse` tinyint(1) NOT NULL DEFAULT 0,
  `GuildHouseNumber` int(11) NOT NULL DEFAULT 0,
  `GuildLevel` bigint(20) DEFAULT NULL,
  `BonusType` tinyint(3) unsigned DEFAULT NULL,
  `BonusStartTime` datetime NOT NULL DEFAULT '2000-01-01 00:00:00',
  `MeritPoints` bigint(20) NOT NULL DEFAULT 0,
  `LastTimeRowUpdated` datetime NOT NULL DEFAULT '2000-01-01 00:00:00',
  `Guild_ID` varchar(255) NOT NULL,
  PRIMARY KEY (`Guild_ID`),
  UNIQUE KEY `U_Guild_GuildID` (`GuildID`),
  KEY `I_Guild_GuildName` (`GuildName`),
  KEY `I_Guild_AllianceID` (`AllianceID`)
) ENGINE=InnoDB DEFAULT CHARSET=utf8;

-- Dumping data for table soidaoc.guild: ~4 rows (approximately)
DELETE FROM `guild`;
/*!40000 ALTER TABLE `guild` DISABLE KEYS */;
INSERT INTO `guild` (`GuildID`, `GuildName`, `Realm`, `GuildBanner`, `GuildBannerLostTime`, `Motd`, `oMotd`, `AllianceID`, `Emblem`, `RealmPoints`, `BountyPoints`, `Webpage`, `Email`, `Dues`, `Bank`, `DuesPercent`, `HaveGuildHouse`, `GuildHouseNumber`, `GuildLevel`, `BonusType`, `BonusStartTime`, `MeritPoints`, `LastTimeRowUpdated`, `Guild_ID`) VALUES
	('4a4b6e79-fe3a-4d09-87e5-cc8e15f59d30', 'Midgard Newbie Guild', 2, 0, '2000-01-01 00:00:00', 'Use /gu <text> to talk in this starter guild.', 'Type /gc quit to leave this starter guild.', NULL, 0, 0, 0, '', '', 0, 0, 0, 0, 0, 0, 0, '2000-01-01 00:00:00', 152, '2020-11-25 01:26:13', '0d209a26-c11e-473a-bef0-4450abfc43d3'),
	('4aa92a81-4b7c-4cb4-85cf-51522db5680d', 'Celestial Empire', 3, 0, '2000-01-01 00:00:00', NULL, NULL, NULL, 125760, 0, 0, '', '', 0, 0, 0, 0, 0, 0, 0, '2000-01-01 00:00:00', 916, '2020-11-25 01:19:36', '1d9dd319-45db-4bcc-bb2b-367a0770b876'),
	('1b58e5c6-007a-40e2-8548-b7eb5a2d8649', 'Albion Newbie Guild', 1, 0, '2000-01-01 00:00:00', 'Use /gu <text> to talk in this starter guild.', 'Type /gc quit to leave this starter guild.', NULL, 0, 0, 0, '', '', 0, 0, 0, 0, 0, 0, 0, '2000-01-01 00:00:00', 0, '2020-11-24 22:20:38', '7ca3a187-89b7-4db7-8982-7c95b27b5f18'),
	('984013fa-2647-4cae-8f9e-e905d58e5627', 'Hibernia Newbie Guild', 3, 0, '2000-01-01 00:00:00', 'Use /gu <text> to talk in this starter guild.', 'Type /gc quit to leave this starter guild.', NULL, 0, 0, 0, '', '', 0, 0, 0, 0, 0, 0, 0, '2000-01-01 00:00:00', 0, '2020-11-24 23:03:02', 'eca63cb6-c700-4743-98bd-9d243b9865d6');
/*!40000 ALTER TABLE `guild` ENABLE KEYS */;

-- Dumping structure for table soidaoc.inventory
DROP TABLE IF EXISTS `inventory`;
CREATE TABLE IF NOT EXISTS `inventory` (
  `OwnerID` varchar(255) NOT NULL,
  `OwnerLot` smallint(5) unsigned DEFAULT NULL,
  `ITemplate_Id` varchar(255) DEFAULT NULL,
  `UTemplate_Id` varchar(255) DEFAULT NULL,
  `IsCrafted` tinyint(1) DEFAULT NULL,
  `Creator` text DEFAULT NULL,
  `SlotPosition` int(11) DEFAULT NULL,
  `Count` int(11) DEFAULT NULL,
  `SellPrice` int(11) DEFAULT NULL,
  `Experience` bigint(20) DEFAULT NULL,
  `Color` int(11) DEFAULT NULL,
  `Emblem` int(11) DEFAULT NULL,
  `Extension` tinyint(3) unsigned DEFAULT NULL,
  `Condition` int(11) NOT NULL DEFAULT 0,
  `Durability` int(11) NOT NULL DEFAULT 0,
  `PoisonSpellID` int(11) DEFAULT NULL,
  `PoisonMaxCharges` int(11) DEFAULT NULL,
  `PoisonCharges` int(11) DEFAULT NULL,
  `Charges` int(11) DEFAULT NULL,
  `Charges1` int(11) DEFAULT NULL,
  `Cooldown` int(11) NOT NULL DEFAULT 0,
  `LastTimeRowUpdated` datetime NOT NULL DEFAULT '2000-01-01 00:00:00',
  `Inventory_ID` varchar(255) NOT NULL,
  PRIMARY KEY (`Inventory_ID`),
  KEY `I_Inventory_OwnerID` (`OwnerID`),
  KEY `I_Inventory_ITemplate_Id` (`ITemplate_Id`),
  KEY `I_Inventory_UTemplate_Id` (`UTemplate_Id`),
  KEY `I_Inventory_SlotPosition` (`SlotPosition`)
) ENGINE=InnoDB DEFAULT CHARSET=utf8;

-- Dumping data for table soidaoc.inventory: ~121 rows (approximately)
DELETE FROM `inventory`;
/*!40000 ALTER TABLE `inventory` DISABLE KEYS */;
INSERT INTO `inventory` (`OwnerID`, `OwnerLot`, `ITemplate_Id`, `UTemplate_Id`, `IsCrafted`, `Creator`, `SlotPosition`, `Count`, `SellPrice`, `Experience`, `Color`, `Emblem`, `Extension`, `Condition`, `Durability`, `PoisonSpellID`, `PoisonMaxCharges`, `PoisonCharges`, `Charges`, `Charges1`, `Cooldown`, `LastTimeRowUpdated`, `Inventory_ID`) VALUES
	('4637c4a3-acca-40b1-84c9-22dfaf5f0340', 0, 'molvik_dagger_hib', NULL, 0, '', 11, 1, 0, 0, 70, 0, 0, 49951, 50000, 0, 0, 0, 0, 0, 0, '2020-11-25 01:24:16', '03b75741-eb56-4597-bc48-a2067334165e'),
	('3b9667d3-9834-499b-a213-c6a6982cae84', 0, 'rawhide_roman_leather_jerkin', NULL, 0, '', 25, 1, 0, 0, 0, 0, 0, 50000, 50000, 0, 0, 0, 0, 0, 0, '2020-11-24 22:39:52', '04381c0a-3218-47a1-9360-b3f82d73702b'),
	('27cde3a3-5cee-4a91-a48f-b1896293ab13', 0, 'rawhide_roman_leather_boots', NULL, 0, NULL, 23, 1, 0, 0, 0, 0, 0, 50000, 50000, 0, 0, 0, 0, 0, 0, '2020-11-24 22:43:46', '05cc73cd-2f6a-4bb7-ad78-34c70a58c1e9'),
	('739fb6fe-209e-4672-80f1-3009af8b0b81', 0, 'small_training_shield', NULL, 0, '', 11, 1, 0, 0, 0, 0, 0, 50000, 50000, 0, 0, 0, 0, 0, 0, '2020-11-25 01:17:32', '062535cb-6dc8-41da-b3ca-d7574092077c'),
	('739fb6fe-209e-4672-80f1-3009af8b0b81', 0, 'training_axe', NULL, 0, '', 10, 1, 0, 0, 0, 0, 0, 50000, 50000, 0, 0, 0, 0, 0, 0, '2020-11-25 01:17:32', '07a37df3-4797-4983-927e-b0e08f99ff0f'),
	('ab405454-175d-4a0c-9bff-502107a33e0f', 0, 'bronze_studded_gauntlets', NULL, 0, '', 22, 1, 0, 0, 0, 0, 0, 50000, 50000, 0, 0, 0, 0, 0, 0, '2020-11-24 22:57:06', '080628fb-2311-4b89-9d33-a0a54e3761fc'),
	('28779d4b-1012-4f5e-80d6-f5e65c886895', 0, 'practice_dirk', NULL, 0, NULL, 10, 1, 0, 0, 0, 0, 0, 50000, 50000, 0, 0, 0, 0, 0, 0, '2020-11-24 22:44:48', '0bc30ccf-a3bb-4eb1-9304-8453be86d1b0'),
	('0306b258-9fa2-4133-87d0-15c94b355dde', 0, 'bronze_studded_gauntlets', NULL, 0, '', 22, 1, 0, 0, 0, 0, 0, 50000, 50000, 0, 0, 0, 0, 0, 0, '2020-11-24 22:36:12', '0ca85d72-f9f7-4e02-b636-ba8dd50f935f'),
	('642d135a-2b33-4114-8a27-33cea066fdfb', 0, 'Bracer_of_the_Paranoid', NULL, 0, 'mummy hag', 33, 1, 0, 0, 0, 0, 0, 50000, 50000, 0, 0, 0, 0, 0, 0, '2020-11-25 00:26:10', '0e950ca8-09aa-4cae-bab8-3b4c5d65744d'),
	('28779d4b-1012-4f5e-80d6-f5e65c886895', 0, 'rawhide_roman_leather_jerkin', NULL, 0, NULL, 25, 1, 0, 0, 0, 0, 0, 50000, 50000, 0, 0, 0, 0, 0, 0, '2020-11-24 22:44:48', '0f2136a0-d752-4fc3-8f33-c63c07f9f986'),
	('739fb6fe-209e-4672-80f1-3009af8b0b81', 0, 'bronze_studded_boots', NULL, 0, '', 23, 1, 0, 0, 0, 0, 0, 50000, 50000, 0, 0, 0, 0, 0, 0, '2020-11-25 01:17:32', '11a27b56-bca4-48a6-b696-d8549b179085'),
	('24d4994b-1df6-40b5-8942-fa8d5b666acb', 0, 'practice_sword', NULL, 0, NULL, 10, 1, 0, 0, 0, 0, 0, 50000, 50000, 0, 0, 0, 0, 0, 0, '2020-11-24 22:43:02', '13b2c9d8-72b4-4154-8f40-a3d6adc049a9'),
	('c46ed86b-2a83-4261-bca3-f17ed736b52c', 0, 'training_hammer', NULL, 0, '', 10, 1, 0, 0, 0, 0, 0, 50000, 50000, 0, 0, 0, 0, 0, 0, '2020-11-25 01:26:12', '169ea16b-a8ad-4b99-970c-d34d8bc09c20'),
	('0306b258-9fa2-4133-87d0-15c94b355dde', 0, 'bronze_studded_arms', NULL, 0, '', 28, 1, 0, 0, 0, 0, 0, 50000, 50000, 0, 0, 0, 0, 0, 0, '2020-11-24 22:36:12', '18e6b113-7a66-4297-a197-3f96c3a87831'),
	('642d135a-2b33-4114-8a27-33cea066fdfb', 0, 'molvik_studded_vest', NULL, 0, NULL, 25, 1, 0, 0, 73, 0, 0, 50000, 50000, 0, 0, 0, 0, 0, 0, '2020-11-25 00:51:57', '224037af-86d1-4c6a-bec2-b2e7db43a672'),
	('52945ac4-d886-4d6c-a259-df29dd158201', 0, 'woolen_cloth_gloves', NULL, 0, NULL, 22, 1, 0, 0, 0, 0, 0, 50000, 50000, 0, 0, 0, 0, 0, 0, '2020-11-24 22:45:22', '27595c65-681e-4323-a415-c2ac1ed4619c'),
	('ab405454-175d-4a0c-9bff-502107a33e0f', 0, 'bronze_studded_legs', NULL, 0, '', 27, 1, 0, 0, 0, 0, 0, 50000, 50000, 0, 0, 0, 0, 0, 0, '2020-11-24 22:57:06', '283af82f-1d0f-4b55-b699-cf91862ef47a'),
	('642d135a-2b33-4114-8a27-33cea066fdfb', 0, 'molvik_runic_hammer_hib', NULL, 0, NULL, 10, 1, 0, 0, 70, 0, 0, 49935, 50000, 0, 0, 0, 0, 0, 0, '2020-11-25 00:46:11', '2a423d8e-cdca-40fa-807b-44acd372bbce'),
	('4637c4a3-acca-40b1-84c9-22dfaf5f0340', 0, 'rawhide_roman_leather_boots', NULL, 0, '', 48, 1, 0, 0, 0, 0, 0, 49998, 50000, 0, 0, 0, 0, 0, 0, '2020-11-25 01:16:12', '2b31261d-a92c-440f-abdb-31035c156eb6'),
	('4637c4a3-acca-40b1-84c9-22dfaf5f0340', 0, 'molvik_rapier_hib', NULL, 0, '', 10, 1, 0, 0, 70, 0, 0, 49858, 50000, 0, 0, 0, 0, 0, 0, '2020-11-25 01:24:16', '2c904f2c-3f7c-4986-a016-6d9c9f90e0f2'),
	('642d135a-2b33-4114-8a27-33cea066fdfb', 0, 'Starter_Cloak', NULL, 0, '', 26, 1, 0, 0, 0, 0, 0, 1, 1, 0, 0, 0, 0, 0, 0, '2020-11-25 00:26:10', '2c9b27f2-c572-4ef7-a6a1-095e49a1c93e'),
	('0306b258-9fa2-4133-87d0-15c94b355dde', 0, 'small_training_shield', NULL, 0, '', 11, 1, 0, 0, 0, 0, 0, 50000, 50000, 0, 0, 0, 0, 0, 0, '2020-11-24 22:36:12', '2ccddfd7-2561-4f73-a4f4-9ce2ee1cffa2'),
	('ab405454-175d-4a0c-9bff-502107a33e0f', 0, 'training_sword_hib', NULL, 0, '', 10, 1, 0, 0, 0, 0, 0, 50000, 50000, 0, 0, 0, 0, 0, 0, '2020-11-24 22:57:06', '2f592afa-7ab7-48ee-8f9e-ea9a60ad8803'),
	('739fb6fe-209e-4672-80f1-3009af8b0b81', 0, 'bronze_studded_gauntlets', NULL, 0, '', 22, 1, 0, 0, 0, 0, 0, 50000, 50000, 0, 0, 0, 0, 0, 0, '2020-11-25 01:17:32', '3564eaed-dc77-4b47-8727-128111b8bbc1'),
	('3b9667d3-9834-499b-a213-c6a6982cae84', 0, 'training_hammer', NULL, 0, '', 10, 1, 0, 0, 0, 0, 0, 50000, 50000, 0, 0, 0, 0, 0, 0, '2020-11-24 22:39:52', '36510303-9d0b-421b-94ac-155369a08b61'),
	('c46ed86b-2a83-4261-bca3-f17ed736b52c', 0, 'small_training_shield', NULL, 0, '', 11, 1, 0, 0, 0, 0, 0, 50000, 50000, 0, 0, 0, 0, 0, 0, '2020-11-25 01:26:12', '373fd730-2e6d-4e67-97a0-bf51b95fd3d7'),
	('0306b258-9fa2-4133-87d0-15c94b355dde', 0, 'bronze_studded_boots', NULL, 0, '', 23, 1, 0, 0, 0, 0, 0, 50000, 50000, 0, 0, 0, 0, 0, 0, '2020-11-24 22:36:12', '3a5e11ba-3be6-482b-979c-a1235f6297e1'),
	('642d135a-2b33-4114-8a27-33cea066fdfb', 0, 'molvik_studded_legs', NULL, 0, NULL, 27, 1, 0, 0, 73, 0, 0, 50000, 50000, 0, 0, 0, 0, 0, 0, '2020-11-25 00:52:00', '3f648c7e-0fd1-4136-b263-3b35502c1b23'),
	('52945ac4-d886-4d6c-a259-df29dd158201', 0, 'trimmed_branch', NULL, 0, NULL, 12, 1, 0, 0, 0, 0, 0, 50000, 50000, 0, 0, 0, 0, 0, 0, '2020-11-24 22:45:22', '42a51771-936f-4fa6-afd3-5f4843cfd981'),
	('3b9667d3-9834-499b-a213-c6a6982cae84', 0, 'small_training_shield', NULL, 0, '', 11, 1, 0, 0, 0, 0, 0, 50000, 50000, 0, 0, 0, 0, 0, 0, '2020-11-24 22:39:52', '480c4996-8430-4465-ba4e-40ed286e5eb8'),
	('4637c4a3-acca-40b1-84c9-22dfaf5f0340', 0, 'molvik_leather_helm', NULL, 0, '', 21, 1, 0, 0, 73, 0, 0, 50000, 50000, 0, 0, 0, 0, 0, 0, '2020-11-25 01:16:12', '51c196ce-aab2-4bc2-b04b-0eb456efb213'),
	('c46ed86b-2a83-4261-bca3-f17ed736b52c', 0, 'rawhide_roman_leather_jerkin', NULL, 0, '', 25, 1, 0, 0, 0, 0, 0, 50000, 50000, 0, 0, 0, 0, 0, 0, '2020-11-25 01:26:12', '53504484-0239-40d0-92e7-a50f04c092de'),
	('52945ac4-d886-4d6c-a259-df29dd158201', 0, 'woolen_cloth_vest', NULL, 0, NULL, 25, 1, 0, 0, 0, 0, 0, 50000, 50000, 0, 0, 0, 0, 0, 0, '2020-11-24 22:45:22', '55161958-14b6-4691-9447-68abcea20b68'),
	('27cde3a3-5cee-4a91-a48f-b1896293ab13', 0, 'rawhide_roman_leather_leggings', NULL, 0, NULL, 27, 1, 0, 0, 0, 0, 0, 50000, 50000, 0, 0, 0, 0, 0, 0, '2020-11-24 22:43:46', '573899bd-7e14-4ba2-bb80-0b0c01c7c179'),
	('4637c4a3-acca-40b1-84c9-22dfaf5f0340', 0, 'major_lethal_poison', NULL, 0, '', 41, 177, 0, 0, 0, 0, 0, 50000, 50000, 30014, 1, 1, 1, 0, 0, '2020-11-25 01:24:16', '62eb40e3-67f6-48f5-9e72-5c7518ab241f'),
	('739fb6fe-209e-4672-80f1-3009af8b0b81', 0, 'bronze_studded_legs', NULL, 0, '', 27, 1, 0, 0, 0, 0, 0, 50000, 50000, 0, 0, 0, 0, 0, 0, '2020-11-25 01:17:32', '6350cedf-8f4d-43c5-87b7-7423ce9cf5cf'),
	('24d4994b-1df6-40b5-8942-fa8d5b666acb', 0, 'bronze_studded_boots', NULL, 0, NULL, 23, 1, 0, 0, 0, 0, 0, 50000, 50000, 0, 0, 0, 0, 0, 0, '2020-11-24 22:43:02', '6394d201-d77a-4859-9d32-f73511df58fb'),
	('642d135a-2b33-4114-8a27-33cea066fdfb', 0, 'molvik_studded_arms', NULL, 0, NULL, 28, 1, 0, 0, 73, 0, 0, 50000, 50000, 0, 0, 0, 0, 0, 0, '2020-11-25 00:51:59', '643ce532-a0f9-47bc-90bb-3e3562ee20f0'),
	('4637c4a3-acca-40b1-84c9-22dfaf5f0340', 0, 'molvik_leather_boots', NULL, 0, '', 23, 1, 0, 0, 73, 0, 0, 50000, 50000, 0, 0, 0, 0, 0, 0, '2020-11-25 01:16:12', '65565400-7d05-47a7-b80a-ecce290fc4f9'),
	('642d135a-2b33-4114-8a27-33cea066fdfb', 0, 'molvik_harp_alb', NULL, 0, NULL, 12, 1, 0, 0, 67, 0, 0, 50000, 50000, 0, 0, 0, 0, 0, 0, '2020-11-25 00:31:19', '66e7ec71-b70b-412d-bc77-1dd5d7d3b41e'),
	('27cde3a3-5cee-4a91-a48f-b1896293ab13', 0, 'rawhide_roman_leather_sleeves', NULL, 0, NULL, 28, 1, 0, 0, 0, 0, 0, 50000, 50000, 0, 0, 0, 0, 0, 0, '2020-11-24 22:43:46', '67a95806-4060-4fd9-b3df-a49d0cb2d1f0'),
	('28779d4b-1012-4f5e-80d6-f5e65c886895', 0, 'Personal_Bind_Recall_Stone', NULL, 0, NULL, 40, 1, 0, 0, 0, 0, 1, 50000, 50000, 0, 0, 0, 0, 0, 0, '2020-11-24 22:44:48', '686b3a2f-92d0-4352-9aad-83c3aece3516'),
	('24d4994b-1df6-40b5-8942-fa8d5b666acb', 0, 'bronze_studded_arms', NULL, 0, NULL, 28, 1, 0, 0, 0, 0, 0, 50000, 50000, 0, 0, 0, 0, 0, 0, '2020-11-24 22:43:02', '6a7a47b0-a3a3-45ae-b89f-3ee19a01c1c8'),
	('52945ac4-d886-4d6c-a259-df29dd158201', 0, 'woolen_cloth_boots', NULL, 0, NULL, 23, 1, 0, 0, 0, 0, 0, 50000, 50000, 0, 0, 0, 0, 0, 0, '2020-11-24 22:45:22', '6e4802ba-f4fd-4ade-8fea-0a1bca20d59f'),
	('739fb6fe-209e-4672-80f1-3009af8b0b81', 0, 'bronze_studded_arms', NULL, 0, '', 28, 1, 0, 0, 0, 0, 0, 50000, 50000, 0, 0, 0, 0, 0, 0, '2020-11-25 01:17:32', '70c1608d-ecdd-4d9d-b40e-e44be69b6363'),
	('ab405454-175d-4a0c-9bff-502107a33e0f', 0, 'bronze_studded_arms', NULL, 0, '', 28, 1, 0, 0, 0, 0, 0, 50000, 50000, 0, 0, 0, 0, 0, 0, '2020-11-24 22:57:06', '72cb8149-6780-4023-ad35-8b8c03744f82'),
	('1183687b-926b-4462-aef1-1386cb65932a', 0, 'trimmed_branch', NULL, 0, '', 12, 1, 0, 0, 0, 0, 0, 50000, 50000, 0, 0, 0, 0, 0, 0, '2020-11-25 01:26:12', '748227a3-94b2-433b-bbd5-b9797592b58b'),
	('24d4994b-1df6-40b5-8942-fa8d5b666acb', 0, 'bronze_studded_vest', NULL, 0, NULL, 25, 1, 0, 0, 0, 0, 0, 50000, 50000, 0, 0, 0, 0, 0, 0, '2020-11-24 22:43:02', '74e17720-d4fb-46ec-8b97-b4917f9446eb'),
	('1183687b-926b-4462-aef1-1386cb65932a', 0, 'Personal_Bind_Recall_Stone', NULL, 0, '', 40, 1, 0, 0, 0, 0, 1, 50000, 50000, 0, 0, 0, 0, 0, 0, '2020-11-25 01:36:13', '760adb15-8877-4bca-b130-307912865340'),
	('28779d4b-1012-4f5e-80d6-f5e65c886895', 0, 'rawhide_roman_leather_boots', NULL, 0, NULL, 23, 1, 0, 0, 0, 0, 0, 50000, 50000, 0, 0, 0, 0, 0, 0, '2020-11-24 22:44:48', '780794ce-fd99-4cee-a9fa-d4d997cb9315'),
	('b80b4719-5422-435f-baae-c9a64bc233b8', 0, 'rawhide_roman_leather_boots', NULL, 0, NULL, 23, 1, 0, 0, 0, 0, 0, 50000, 50000, 0, 0, 0, 0, 0, 0, '2020-11-24 22:47:27', '792ad57f-889b-4fee-84c2-3521bdfb077b'),
	('0306b258-9fa2-4133-87d0-15c94b355dde', 0, 'Personal_Bind_Recall_Stone', NULL, 0, '', 40, 1, 0, 0, 0, 0, 1, 50000, 50000, 0, 0, 0, 0, 0, 0, '2020-11-24 22:36:42', '7cbd0012-7214-44e3-9dd9-46075b5f9e95'),
	('0306b258-9fa2-4133-87d0-15c94b355dde', 0, 'Lost_Memories_Melee', NULL, 0, '', 41, 1, 0, 0, 0, 0, 1, 50000, 50000, 0, 0, 0, 0, 0, 0, '2020-11-24 22:36:42', '7cbd0012-7214-44e3-9dd9-46075b5f9e95za'),
	('3b9667d3-9834-499b-a213-c6a6982cae84', 0, 'Lost_Memories_Caster', NULL, 0, '', 41, 1, 0, 0, 0, 0, 1, 50000, 50000, 0, 0, 0, 0, 0, 0, '2020-11-24 22:36:42', '7cbd0012-7214-44e3-9dd9-46075b5f9e95zaa'),
	('24d4994b-1df6-40b5-8942-fa8d5b666acb', 0, 'Lost_Memories_Melee', NULL, 0, '', 41, 1, 0, 0, 0, 0, 1, 50000, 50000, 0, 0, 0, 0, 0, 0, '2020-11-24 22:36:42', '7cbd0012-7214-44e3-9dd9-46075b5f9e95zh'),
	('27cde3a3-5cee-4a91-a48f-b1896293ab13', 0, 'Lost_Memories_Caster', NULL, 0, '', 41, 1, 0, 0, 0, 0, 1, 50000, 50000, 0, 0, 0, 0, 0, 0, '2020-11-24 22:36:42', '7cbd0012-7214-44e3-9dd9-46075b5f9e95zhh'),
	('ab405454-175d-4a0c-9bff-502107a33e0f', 0, 'Lost_Memories_Melee', NULL, 0, '', 24, 1, 0, 0, 0, 0, 1, 50000, 50000, 0, 0, 0, 0, 0, 0, '2020-11-24 23:01:54', '7cbd0012-7214-44e3-9dd9-46075b5f9e95zm'),
	('b80b4719-5422-435f-baae-c9a64bc233b8', 0, 'Lost_Memories_Caster', NULL, 0, '', 41, 1, 0, 0, 0, 0, 1, 50000, 50000, 0, 0, 0, 0, 0, 0, '2020-11-24 22:36:42', '7cbd0012-7214-44e3-9dd9-46075b5f9e95zmm'),
	('28779d4b-1012-4f5e-80d6-f5e65c886895', 0, 'rawhide_roman_leather_sleeves', NULL, 0, NULL, 28, 1, 0, 0, 0, 0, 0, 50000, 50000, 0, 0, 0, 0, 0, 0, '2020-11-24 22:44:48', '7eb72124-a978-4599-b4da-05832d627374'),
	('1183687b-926b-4462-aef1-1386cb65932a', 0, 'woolen_cloth_gloves', NULL, 0, '', 22, 1, 0, 0, 0, 0, 0, 50000, 50000, 0, 0, 0, 0, 0, 0, '2020-11-25 01:26:12', '84ee2d6e-698e-4480-a521-de042a682267'),
	('27cde3a3-5cee-4a91-a48f-b1896293ab13', 0, 'rawhide_roman_leather_jerkin', NULL, 0, NULL, 25, 1, 0, 0, 0, 0, 0, 50000, 50000, 0, 0, 0, 0, 0, 0, '2020-11-24 22:43:46', '864c4de0-e656-41de-9cd0-7918e9909570'),
	('739fb6fe-209e-4672-80f1-3009af8b0b81', 0, 'Personal_Bind_Recall_Stone', NULL, 0, '', 40, 1, 0, 0, 0, 0, 1, 50000, 50000, 0, 0, 0, 0, 0, 0, '2020-11-25 01:24:51', '889a13c4-2cf6-4df0-a012-92f7802248ad'),
	('ab405454-175d-4a0c-9bff-502107a33e0f', 0, 'Personal_Bind_Recall_Stone', NULL, 0, '', 40, 1, 0, 0, 0, 0, 1, 50000, 50000, 0, 0, 0, 0, 0, 0, '2020-11-24 23:01:54', '8a31f5f2-0362-445a-b647-aef5c69843be'),
	('ab405454-175d-4a0c-9bff-502107a33e0f', 0, 'bronze_studded_vest', NULL, 0, '', 25, 1, 0, 0, 0, 0, 0, 50000, 50000, 0, 0, 0, 0, 0, 0, '2020-11-24 22:57:06', '8ab2e493-2554-4278-8ef8-03c188d38233'),
	('3b9667d3-9834-499b-a213-c6a6982cae84', 0, 'rawhide_roman_leather_sleeves', NULL, 0, '', 28, 1, 0, 0, 0, 0, 0, 50000, 50000, 0, 0, 0, 0, 0, 0, '2020-11-24 22:39:52', '8b5c5db2-9879-4a30-95ea-8e41499c7f07'),
	('b80b4719-5422-435f-baae-c9a64bc233b8', 0, 'rawhide_roman_leather_leggings', NULL, 0, NULL, 27, 1, 0, 0, 0, 0, 0, 50000, 50000, 0, 0, 0, 0, 0, 0, '2020-11-24 22:47:27', '8e5ff8d0-ca94-480c-be9b-faf708aa5653'),
	('b80b4719-5422-435f-baae-c9a64bc233b8', 0, 'rawhide_roman_leather_gloves', NULL, 0, NULL, 22, 1, 0, 0, 0, 0, 0, 50000, 50000, 0, 0, 0, 0, 0, 0, '2020-11-24 22:47:27', '8e855cd1-086c-4021-94ef-f2137670282e'),
	('27cde3a3-5cee-4a91-a48f-b1896293ab13', 0, 'Personal_Bind_Recall_Stone', NULL, 0, NULL, 40, 1, 0, 0, 0, 0, 1, 50000, 50000, 0, 0, 0, 0, 0, 0, '2020-11-24 22:43:46', '907052eb-c31d-4e15-be19-37cc89dcf716'),
	('27cde3a3-5cee-4a91-a48f-b1896293ab13', 0, 'rawhide_roman_leather_gloves', NULL, 0, NULL, 22, 1, 0, 0, 0, 0, 0, 50000, 50000, 0, 0, 0, 0, 0, 0, '2020-11-24 22:43:46', '927d88e2-0e8e-4f29-bae2-757f6d49e6b3'),
	('c46ed86b-2a83-4261-bca3-f17ed736b52c', 0, 'rawhide_roman_leather_boots', NULL, 0, '', 23, 1, 0, 0, 0, 0, 0, 50000, 50000, 0, 0, 0, 0, 0, 0, '2020-11-25 01:26:13', '93fe2343-bbd6-4375-984a-c163cde5a2d0'),
	('642d135a-2b33-4114-8a27-33cea066fdfb', 0, 'EmeraldSeal', NULL, 0, NULL, 41, 21, 0, 0, 0, 0, 0, 50000, 50000, 0, 0, 0, 0, 0, 0, '2020-11-25 01:24:18', '9441a3b5-dda6-41c9-bddc-5276c7ea9445'),
	('4637c4a3-acca-40b1-84c9-22dfaf5f0340', 0, 'Personal_Bind_Recall_Stone', NULL, 0, '', 40, 1, 0, 0, 0, 0, 1, 50000, 50000, 0, 0, 0, 0, 0, 0, '2020-11-25 01:24:16', '94ae5794-4354-4d65-a762-a735d99cae68'),
	('642d135a-2b33-4114-8a27-33cea066fdfb', 0, 'molvik_studded_helm', NULL, 0, NULL, 21, 1, 0, 0, 73, 0, 0, 50000, 50000, 0, 0, 0, 0, 0, 0, '2020-11-25 00:52:01', '97cda358-2804-4465-a257-a1518a25762d'),
	('c46ed86b-2a83-4261-bca3-f17ed736b52c', 0, 'rawhide_roman_leather_gloves', NULL, 0, '', 22, 1, 0, 0, 0, 0, 0, 50000, 50000, 0, 0, 0, 0, 0, 0, '2020-11-25 01:26:13', '9b6b149c-6869-4aae-8d13-c3ed3ff4943d'),
	('3b9667d3-9834-499b-a213-c6a6982cae84', 0, 'rawhide_roman_leather_leggings', NULL, 0, '', 27, 1, 0, 0, 0, 0, 0, 50000, 50000, 0, 0, 0, 0, 0, 0, '2020-11-24 22:39:52', '9c08403f-b82b-4046-bd6b-301baaef4e47'),
	('24d4994b-1df6-40b5-8942-fa8d5b666acb', 0, 'bronze_studded_gauntlets', NULL, 0, NULL, 22, 1, 0, 0, 0, 0, 0, 50000, 50000, 0, 0, 0, 0, 0, 0, '2020-11-24 22:43:02', '9d1dd9d0-550f-44b5-8cc2-385566d80d13'),
	('b80b4719-5422-435f-baae-c9a64bc233b8', 0, 'Personal_Bind_Recall_Stone', NULL, 0, NULL, 40, 1, 0, 0, 0, 0, 1, 50000, 50000, 0, 0, 0, 0, 0, 0, '2020-11-24 22:47:27', 'a0ad1fc0-5929-4f24-b33d-3a171ec12425'),
	('c46ed86b-2a83-4261-bca3-f17ed736b52c', 0, 'rawhide_roman_leather_leggings', NULL, 0, '', 27, 1, 0, 0, 0, 0, 0, 50000, 50000, 0, 0, 0, 0, 0, 0, '2020-11-25 01:26:13', 'a15cca34-4650-4258-bfda-da2c2563056d'),
	('0306b258-9fa2-4133-87d0-15c94b355dde', 0, 'bronze_studded_vest', NULL, 0, '', 25, 1, 0, 0, 0, 0, 0, 50000, 50000, 0, 0, 0, 0, 0, 0, '2020-11-24 22:36:12', 'a1f1a996-eff2-4dd5-b832-ca6a2bd6031a'),
	('28779d4b-1012-4f5e-80d6-f5e65c886895', 0, 'scout_item', NULL, 0, NULL, 13, 1, 0, 0, 0, 0, 0, 50000, 50000, 0, 0, 0, 0, 0, 0, '2020-11-24 22:44:48', 'a21116f6-1d51-4166-ab0a-5aaa9fd18fd3'),
	('4637c4a3-acca-40b1-84c9-22dfaf5f0340', 0, 'molvik_leather_gloves', NULL, 0, '', 22, 1, 0, 0, 73, 0, 0, 50000, 50000, 0, 0, 0, 0, 0, 0, '2020-11-25 01:16:12', 'a7d3e7df-eee5-4c02-a6d7-bb5f48212d40'),
	('4637c4a3-acca-40b1-84c9-22dfaf5f0340', 0, 'molvik_leather_vest', NULL, 0, '', 25, 1, 0, 0, 73, 0, 0, 50000, 50000, 0, 0, 0, 0, 0, 0, '2020-11-25 01:16:12', 'ac5960d4-7ccb-482b-bece-331f433ed905'),
	('1183687b-926b-4462-aef1-1386cb65932a', 0, 'woolen_cloth_boots', NULL, 0, '', 23, 1, 0, 0, 0, 0, 0, 50000, 50000, 0, 0, 0, 0, 0, 0, '2020-11-25 01:26:12', 'b00808bb-878e-46ec-9f81-b9c342a56fe5'),
	('28779d4b-1012-4f5e-80d6-f5e65c886895', 0, 'rawhide_roman_leather_gloves', NULL, 0, NULL, 22, 1, 0, 0, 0, 0, 0, 50000, 50000, 0, 0, 0, 0, 0, 0, '2020-11-24 22:44:48', 'b1352a07-135b-4eca-b4fd-f66fba656acf'),
	('0306b258-9fa2-4133-87d0-15c94b355dde', 0, 'bronze_studded_legs', NULL, 0, '', 27, 1, 0, 0, 0, 0, 0, 50000, 50000, 0, 0, 0, 0, 0, 0, '2020-11-24 22:36:12', 'b5453a79-cd23-4172-bdeb-53c38f347b34'),
	('0306b258-9fa2-4133-87d0-15c94b355dde', 0, 'training_axe', NULL, 0, '', 10, 1, 0, 0, 0, 0, 0, 50000, 50000, 0, 0, 0, 0, 0, 0, '2020-11-24 22:36:12', 'b80a0732-938b-4f78-9860-d051c804a1eb'),
	('ab405454-175d-4a0c-9bff-502107a33e0f', 0, 'bronze_studded_boots', NULL, 0, '', 23, 1, 0, 0, 0, 0, 0, 50000, 50000, 0, 0, 0, 0, 0, 0, '2020-11-24 22:57:06', 'b82eb978-55d1-4bd5-a70a-a91989d083b5'),
	('4637c4a3-acca-40b1-84c9-22dfaf5f0340', 0, 'Lost_Memories_Melee', NULL, 0, '', 24, 1, 0, 606636, 0, 0, 0, 50000, 50000, 0, 0, 0, 0, 0, 0, '2020-11-25 01:24:16', 'b887sdu8f-9xxz9zs9-s008-kljdkljlx908098'),
	('4637c4a3-acca-40b1-84c9-22dfaf5f0340', 0, 'Ring_of_Unyielding_Will', NULL, 0, '', 35, 1, 0, 606636, 0, 0, 0, 50000, 50000, 0, 0, 0, 0, 0, 0, '2020-11-25 01:24:16', 'b887sdu8f-9xxz9zs9-s008-kljdkljlx90809x'),
	('4637c4a3-acca-40b1-84c9-22dfaf5f0340', 0, 'Orions_Belt_Melee', NULL, 0, '', 32, 1, 0, 606636, 0, 0, 0, 50000, 50000, 0, 0, 0, 0, 0, 0, '2020-11-25 01:24:16', 'b887sdu8f-9xxz9zs9-s008-kljdkljlx90809z'),
	('642d135a-2b33-4114-8a27-33cea066fdfb', 0, 'Personal_Bind_Recall_Stone', NULL, 0, '', 40, 1, 0, 0, 0, 0, 1, 50000, 50000, 0, 0, 0, 0, 0, 0, '2020-11-25 01:24:18', 'bc74aa3b-2d6b-4e5e-a4c7-092c6c1ef1ff'),
	('642d135a-2b33-4114-8a27-33cea066fdfb', 0, 'molvik_studded_boots', NULL, 0, NULL, 23, 1, 0, 0, 73, 0, 0, 50000, 50000, 0, 0, 0, 0, 0, 0, '2020-11-25 00:52:05', 'be3c015c-1d6a-4d0e-9d9d-7f1d3373f41d'),
	('4637c4a3-acca-40b1-84c9-22dfaf5f0340', 0, 'EmeraldSeal', NULL, 0, '', 42, 14, 0, 0, 0, 0, 0, 50000, 50000, 0, 0, 0, 0, 0, 0, '2020-11-25 00:46:37', 'bf3fab4f-c96c-4d31-b70d-4c1e50aa2e51'),
	('b80b4719-5422-435f-baae-c9a64bc233b8', 0, 'training_club', NULL, 0, NULL, 10, 1, 0, 0, 0, 0, 0, 50000, 50000, 0, 0, 0, 0, 0, 0, '2020-11-24 22:47:27', 'c0e0301f-e5cd-4069-bd7c-a011dfd221ef'),
	('1183687b-926b-4462-aef1-1386cb65932a', 0, 'woolen_cloth_pants', NULL, 0, '', 27, 1, 0, 0, 0, 0, 0, 50000, 50000, 0, 0, 0, 0, 0, 0, '2020-11-25 01:26:12', 'c328fea1-27f1-43d6-8c63-37f2b3565fb1'),
	('52945ac4-d886-4d6c-a259-df29dd158201', 0, 'woolen_cloth_pants', NULL, 0, NULL, 27, 1, 0, 0, 0, 0, 0, 50000, 50000, 0, 0, 0, 0, 0, 0, '2020-11-24 22:45:22', 'c4812dde-f5d1-4409-b334-a5615f785779'),
	('c46ed86b-2a83-4261-bca3-f17ed736b52c', 0, 'Personal_Bind_Recall_Stone', NULL, 0, '', 40, 1, 0, 0, 0, 0, 1, 50000, 50000, 0, 0, 0, 0, 0, 0, '2020-11-25 01:36:13', 'c69c890e-482f-4265-bc16-1e5656dc670b'),
	('24d4994b-1df6-40b5-8942-fa8d5b666acb', 0, 'small_training_shield', NULL, 0, NULL, 11, 1, 0, 0, 0, 0, 0, 50000, 50000, 0, 0, 0, 0, 0, 0, '2020-11-24 22:43:02', 'c75e6fc9-c6a3-45cc-96c7-41162ba1b679'),
	('642d135a-2b33-4114-8a27-33cea066fdfb', 0, 'training_shield', NULL, 0, '', 11, 1, 0, 0, 0, 0, 0, 49996, 50000, 0, 0, 0, 0, 0, 0, '2020-11-25 00:26:10', 'c83f9312-5781-4856-af3a-f0da516ae9ce'),
	('4637c4a3-acca-40b1-84c9-22dfaf5f0340', 0, 'molvik_leather_legs', NULL, 0, '', 27, 1, 0, 0, 73, 0, 0, 49984, 50000, 0, 0, 0, 0, 0, 0, '2020-11-25 01:19:36', 'c871fae7-f1bf-4248-8709-07dd0e8c2faf'),
	('24d4994b-1df6-40b5-8942-fa8d5b666acb', 0, 'Personal_Bind_Recall_Stone', NULL, 0, NULL, 40, 1, 0, 0, 0, 0, 1, 50000, 50000, 0, 0, 0, 0, 0, 0, '2020-11-24 22:43:02', 'cecd2132-377b-4918-a049-4f14565dca9e'),
	('27cde3a3-5cee-4a91-a48f-b1896293ab13', 0, 'small_training_shield', NULL, 0, NULL, 11, 1, 0, 0, 0, 0, 0, 50000, 50000, 0, 0, 0, 0, 0, 0, '2020-11-24 22:43:46', 'd0f346e1-31c7-4b0b-929f-9cca22a15ca7'),
	('b80b4719-5422-435f-baae-c9a64bc233b8', 0, 'rawhide_roman_leather_jerkin', NULL, 0, NULL, 25, 1, 0, 0, 0, 0, 0, 50000, 50000, 0, 0, 0, 0, 0, 0, '2020-11-24 22:47:27', 'd1dea2ff-620a-4601-bc59-a0430ba4b351'),
	('739fb6fe-209e-4672-80f1-3009af8b0b81', 0, 'bronze_studded_vest', NULL, 0, '', 25, 1, 0, 0, 0, 0, 0, 50000, 50000, 0, 0, 0, 0, 0, 0, '2020-11-25 01:17:32', 'd503671b-c943-4506-904f-02911d8f5848'),
	('b80b4719-5422-435f-baae-c9a64bc233b8', 0, 'rawhide_roman_leather_sleeves', NULL, 0, NULL, 28, 1, 0, 0, 0, 0, 0, 50000, 50000, 0, 0, 0, 0, 0, 0, '2020-11-24 22:47:27', 'd5c248bb-d112-4b63-86af-2671a7aa7ec4'),
	('27cde3a3-5cee-4a91-a48f-b1896293ab13', 0, 'training_mace', NULL, 0, NULL, 10, 1, 0, 0, 0, 0, 0, 50000, 50000, 0, 0, 0, 0, 0, 0, '2020-11-24 22:43:46', 'd65e474a-b622-4c8e-81fe-9842f7a38351'),
	('3b9667d3-9834-499b-a213-c6a6982cae84', 0, 'rawhide_roman_leather_gloves', NULL, 0, '', 22, 1, 0, 0, 0, 0, 0, 50000, 50000, 0, 0, 0, 0, 0, 0, '2020-11-24 22:39:52', 'da84a638-38ee-4976-acbf-2fcd173c19da'),
	('1183687b-926b-4462-aef1-1386cb65932a', 0, 'woolen_cloth_arms', NULL, 0, '', 28, 1, 0, 0, 0, 0, 0, 50000, 50000, 0, 0, 0, 0, 0, 0, '2020-11-25 01:26:12', 'dc7d5967-61cb-4a94-9cb5-3ad8a4952f2a'),
	('b80b4719-5422-435f-baae-c9a64bc233b8', 0, 'training_shield', NULL, 0, NULL, 11, 1, 0, 0, 0, 0, 0, 50000, 50000, 0, 0, 0, 0, 0, 0, '2020-11-24 22:47:27', 'e18f93af-3bc9-4f05-936e-edd87a3c7f8a'),
	('ab405454-175d-4a0c-9bff-502107a33e0f', 0, 'training_shield', NULL, 0, '', 11, 1, 0, 0, 0, 0, 0, 50000, 50000, 0, 0, 0, 0, 0, 0, '2020-11-24 22:57:06', 'e1d3ad7f-02f9-4436-8c19-ae63b1236cf3'),
	('24d4994b-1df6-40b5-8942-fa8d5b666acb', 0, 'bronze_studded_legs', NULL, 0, NULL, 27, 1, 0, 0, 0, 0, 0, 50000, 50000, 0, 0, 0, 0, 0, 0, '2020-11-24 22:43:02', 'e8041aa8-1308-4ea7-9ac8-55309dcc18f7'),
	('642d135a-2b33-4114-8a27-33cea066fdfb', 0, 'molvik_studded_gloves', NULL, 0, NULL, 22, 1, 0, 0, 73, 0, 0, 50000, 50000, 0, 0, 0, 0, 0, 0, '2020-11-25 00:52:03', 'ea086918-b91f-4e19-be84-3b679a50bd5a'),
	('52945ac4-d886-4d6c-a259-df29dd158201', 0, 'Personal_Bind_Recall_Stone', NULL, 0, NULL, 40, 1, 0, 0, 0, 0, 1, 50000, 50000, 0, 0, 0, 0, 0, 0, '2020-11-24 22:45:22', 'eefa5532-736b-44a4-9b6e-6a599d672b4b'),
	('c46ed86b-2a83-4261-bca3-f17ed736b52c', 0, 'rawhide_roman_leather_sleeves', NULL, 0, '', 28, 1, 0, 0, 0, 0, 0, 50000, 50000, 0, 0, 0, 0, 0, 0, '2020-11-25 01:26:13', 'f0147af4-c0c2-4cdb-b0e8-42b9c23e9ca7'),
	('4637c4a3-acca-40b1-84c9-22dfaf5f0340', 0, 'EmeraldSeal', NULL, 0, NULL, 42, 13, 0, 0, 0, 0, 0, 50000, 50000, 0, 0, 0, 0, 0, 0, '2020-11-25 01:24:16', 'f0ea7dd4-7d1e-462b-9832-37fd4522855b'),
	('52945ac4-d886-4d6c-a259-df29dd158201', 0, 'woolen_cloth_arms', NULL, 0, NULL, 28, 1, 0, 0, 0, 0, 0, 50000, 50000, 0, 0, 0, 0, 0, 0, '2020-11-24 22:45:22', 'f17b24a4-8391-49ee-b1f5-42d95ad7d217'),
	('28779d4b-1012-4f5e-80d6-f5e65c886895', 0, 'rawhide_roman_leather_leggings', NULL, 0, NULL, 27, 1, 0, 0, 0, 0, 0, 50000, 50000, 0, 0, 0, 0, 0, 0, '2020-11-24 22:44:48', 'f3ac87d0-301e-4785-82cf-3b4f20d0c451'),
	('1183687b-926b-4462-aef1-1386cb65932a', 0, 'woolen_cloth_vest', NULL, 0, '', 25, 1, 0, 0, 0, 0, 0, 50000, 50000, 0, 0, 0, 0, 0, 0, '2020-11-25 01:26:12', 'f5065dfd-26e4-4761-a06b-4880ff0a3e77'),
	('3b9667d3-9834-499b-a213-c6a6982cae84', 0, 'Personal_Bind_Recall_Stone', NULL, 0, '', 40, 1, 0, 0, 0, 0, 1, 50000, 50000, 0, 0, 0, 0, 0, 0, '2020-11-24 22:40:32', 'f5369a9d-f69b-49ff-8e6c-0478c3391c3e'),
	('4637c4a3-acca-40b1-84c9-22dfaf5f0340', 0, 'molvik_leather_arms', NULL, 0, '', 28, 1, 0, 0, 73, 0, 0, 49984, 50000, 0, 0, 0, 0, 0, 0, '2020-11-25 01:16:12', 'f9bbea0b-ffa3-4eb1-9dd5-1fab9cd4fe11'),
	('3b9667d3-9834-499b-a213-c6a6982cae84', 0, 'rawhide_roman_leather_boots', NULL, 0, '', 23, 1, 0, 0, 0, 0, 0, 50000, 50000, 0, 0, 0, 0, 0, 0, '2020-11-24 22:39:52', 'fb5712e1-501f-4fcf-83d7-faae42f236e1');
/*!40000 ALTER TABLE `inventory` ENABLE KEYS */;

-- Dumping structure for table soidaoc.itemunique
DROP TABLE IF EXISTS `itemunique`;
CREATE TABLE IF NOT EXISTS `itemunique` (
  `Id_nb` varchar(255) NOT NULL,
  `TranslationId` text DEFAULT NULL,
  `Name` text NOT NULL,
  `ExamineArticle` text DEFAULT NULL,
  `MessageArticle` text DEFAULT NULL,
  `Level` int(11) NOT NULL DEFAULT 0,
  `Durability` int(11) DEFAULT NULL,
  `MaxDurability` int(11) DEFAULT NULL,
  `IsNotLosingDur` tinyint(1) DEFAULT NULL,
  `Condition` int(11) DEFAULT NULL,
  `MaxCondition` int(11) DEFAULT NULL,
  `Quality` int(11) DEFAULT NULL,
  `DPS_AF` int(11) DEFAULT NULL,
  `SPD_ABS` int(11) DEFAULT NULL,
  `Hand` int(11) DEFAULT NULL,
  `Type_Damage` int(11) DEFAULT NULL,
  `Object_Type` int(11) DEFAULT NULL,
  `Item_Type` int(11) DEFAULT NULL,
  `Color` int(11) DEFAULT NULL,
  `Emblem` int(11) DEFAULT NULL,
  `Effect` int(11) DEFAULT NULL,
  `Weight` int(11) DEFAULT NULL,
  `Model` int(11) NOT NULL DEFAULT 0,
  `Extension` tinyint(3) unsigned DEFAULT NULL,
  `Bonus` int(11) DEFAULT NULL,
  `Bonus1` int(11) DEFAULT NULL,
  `Bonus2` int(11) DEFAULT NULL,
  `Bonus3` int(11) DEFAULT NULL,
  `Bonus4` int(11) DEFAULT NULL,
  `Bonus5` int(11) DEFAULT NULL,
  `Bonus6` int(11) DEFAULT NULL,
  `Bonus7` int(11) DEFAULT NULL,
  `Bonus8` int(11) DEFAULT NULL,
  `Bonus9` int(11) DEFAULT NULL,
  `Bonus10` int(11) DEFAULT NULL,
  `ExtraBonus` int(11) DEFAULT NULL,
  `Bonus1Type` int(11) DEFAULT NULL,
  `Bonus2Type` int(11) DEFAULT NULL,
  `Bonus3Type` int(11) DEFAULT NULL,
  `Bonus4Type` int(11) DEFAULT NULL,
  `Bonus5Type` int(11) DEFAULT NULL,
  `Bonus6Type` int(11) DEFAULT NULL,
  `Bonus7Type` int(11) DEFAULT NULL,
  `Bonus8Type` int(11) DEFAULT NULL,
  `Bonus9Type` int(11) DEFAULT NULL,
  `Bonus10Type` int(11) DEFAULT NULL,
  `ExtraBonusType` int(11) DEFAULT NULL,
  `CanUseEvery` int(11) NOT NULL DEFAULT 0,
  `SpellID` int(11) DEFAULT NULL,
  `Charges` int(11) DEFAULT NULL,
  `MaxCharges` int(11) DEFAULT NULL,
  `SpellID1` int(11) DEFAULT NULL,
  `Charges1` int(11) DEFAULT NULL,
  `MaxCharges1` int(11) DEFAULT NULL,
  `ProcChance` tinyint(3) unsigned DEFAULT NULL,
  `ProcSpellID` int(11) DEFAULT NULL,
  `ProcSpellID1` int(11) DEFAULT NULL,
  `PoisonSpellID` int(11) DEFAULT NULL,
  `PoisonCharges` int(11) DEFAULT NULL,
  `PoisonMaxCharges` int(11) DEFAULT NULL,
  `IsPickable` tinyint(1) DEFAULT NULL,
  `IsDropable` tinyint(1) DEFAULT NULL,
  `CanDropAsLoot` tinyint(1) DEFAULT NULL,
  `IsTradable` tinyint(1) DEFAULT NULL,
  `Price` bigint(20) DEFAULT NULL,
  `MaxCount` int(11) DEFAULT NULL,
  `IsIndestructible` tinyint(1) DEFAULT NULL,
  `PackSize` int(11) DEFAULT NULL,
  `Realm` int(11) DEFAULT NULL,
  `AllowedClasses` text NOT NULL,
  `Flags` int(11) DEFAULT NULL,
  `BonusLevel` int(11) DEFAULT NULL,
  `LevelRequirement` int(11) DEFAULT NULL,
  `PackageID` text DEFAULT NULL,
  `Description` text DEFAULT NULL,
  `ClassType` varchar(255) DEFAULT NULL,
  `SalvageYieldID` int(11) DEFAULT NULL,
  `LastTimeRowUpdated` datetime NOT NULL DEFAULT '2000-01-01 00:00:00',
  `ItemUnique_ID` varchar(255) DEFAULT NULL,
  PRIMARY KEY (`Id_nb`),
  UNIQUE KEY `U_ItemUnique_ItemUnique_ID` (`ItemUnique_ID`)
) ENGINE=InnoDB DEFAULT CHARSET=utf8;

-- Dumping data for table soidaoc.itemunique: ~0 rows (approximately)
DELETE FROM `itemunique`;
/*!40000 ALTER TABLE `itemunique` DISABLE KEYS */;
/*!40000 ALTER TABLE `itemunique` ENABLE KEYS */;

/*!40101 SET SQL_MODE=IFNULL(@OLD_SQL_MODE, '') */;
/*!40014 SET FOREIGN_KEY_CHECKS=IF(@OLD_FOREIGN_KEY_CHECKS IS NULL, 1, @OLD_FOREIGN_KEY_CHECKS) */;
/*!40101 SET CHARACTER_SET_CLIENT=@OLD_CHARACTER_SET_CLIENT */;
