-- --------------------------------------------------------
-- Host:                         127.0.0.1
-- Server version:               10.3.10-MariaDB - mariadb.org binary distribution
-- Server OS:                    Win64
-- HeidiSQL Version:             9.4.0.5125
-- --------------------------------------------------------

/*!40101 SET @OLD_CHARACTER_SET_CLIENT=@@CHARACTER_SET_CLIENT */;
/*!40101 SET NAMES utf8 */;
/*!50503 SET NAMES utf8mb4 */;
/*!40014 SET @OLD_FOREIGN_KEY_CHECKS=@@FOREIGN_KEY_CHECKS, FOREIGN_KEY_CHECKS=0 */;
/*!40101 SET @OLD_SQL_MODE=@@SQL_MODE, SQL_MODE='NO_AUTO_VALUE_ON_ZERO' */;

-- Dumping structure for table soidaoc.account
DROP TABLE IF EXISTS `account`;
CREATE TABLE IF NOT EXISTS `account` (
  `Name` varchar(255) NOT NULL,
  `Password` text NOT NULL,
  `CreationDate` datetime NOT NULL DEFAULT '2000-01-01 00:00:00',
  `LastLogin` datetime DEFAULT NULL,
  `Realm` int(11) DEFAULT NULL,
  `PrivLevel` int(10) unsigned DEFAULT NULL,
  `Status` int(11) DEFAULT NULL,
  `Mail` text DEFAULT NULL,
  `LastLoginIP` varchar(255) DEFAULT NULL,
  `LastClientVersion` text DEFAULT NULL,
  `Language` text DEFAULT NULL,
  `IsMuted` tinyint(1) DEFAULT NULL,
  `LastTimeRowUpdated` datetime NOT NULL DEFAULT '2000-01-01 00:00:00',
  `Account_ID` varchar(255) DEFAULT NULL,
  PRIMARY KEY (`Name`),
  UNIQUE KEY `U_Account_Account_ID` (`Account_ID`),
  KEY `I_Account_LastLoginIP` (`LastLoginIP`)
) ENGINE=InnoDB DEFAULT CHARSET=utf8;

-- Dumping data for table soidaoc.account: ~5 rows (approximately)
DELETE FROM `account`;
/*!40000 ALTER TABLE `account` DISABLE KEYS */;
INSERT INTO `account` (`Name`, `Password`, `CreationDate`, `LastLogin`, `Realm`, `PrivLevel`, `Status`, `Mail`, `LastLoginIP`, `LastClientVersion`, `Language`, `IsMuted`, `LastTimeRowUpdated`, `Account_ID`) VALUES
	('admin', '##88D0F2EE32FC6B42E6CDEAA8871CAC5', '2020-11-24 17:21:02', '2020-11-26 12:25:06', 2, 3, 0, NULL, '127.0.0.1', '1127', 'EN', 0, '2020-11-26 17:25:06', 'admin'),
	('andrewkirk1', '##88D0F2EE32FC6B42E6CDEAA8871CAC5', '2020-11-24 17:25:31', '2020-11-26 12:25:10', 2, 1, 0, NULL, '127.0.0.1', '1127', 'EN', 0, '2020-11-26 17:27:56', 'andrewkirk1'),
	('andrewkirk2', '##88D0F2EE32FC6B42E6CDEAA8871CAC5', '2020-11-24 17:25:52', '2020-11-26 12:31:20', 0, 1, 0, NULL, '127.0.0.1', '1127', 'EN', 0, '2020-11-26 17:31:20', 'andrewkirk2'),
	('korindar', '##2728BD40AAE9A1436AECFEEE85C065C5', '2020-11-25 23:19:14', '2020-11-26 11:39:33', 2, 1, 0, NULL, '99.147.228.221', '1127', 'EN', 0, '2020-11-26 16:40:10', 'korindar'),
	('necro01', '##7B652FB9EE94A3F825165936CBB0B15F', '2020-11-25 02:28:33', '2020-11-25 05:51:50', 0, 1, 0, NULL, '87.21.228.39', '1124', 'EN', 0, '2020-11-25 10:51:50', 'necro01');
/*!40000 ALTER TABLE `account` ENABLE KEYS */;

-- Dumping structure for table soidaoc.characterxdqrewardq
DROP TABLE IF EXISTS `characterxdqrewardq`;
CREATE TABLE IF NOT EXISTS `characterxdqrewardq` (
  `ID` int(11) NOT NULL AUTO_INCREMENT,
  `Character_ID` varchar(100) NOT NULL,
  `DataQuestID` int(11) NOT NULL,
  `Step` smallint(6) NOT NULL,
  `Count` smallint(6) NOT NULL,
  `CustomPropertiesString` text DEFAULT NULL,
  `LastTimeRowUpdated` datetime NOT NULL DEFAULT '2000-01-01 00:00:00',
  PRIMARY KEY (`ID`),
  KEY `I_CharacterXDQRewardQ_Character_ID` (`DataQuestID`,`Character_ID`)
) ENGINE=InnoDB AUTO_INCREMENT=15 DEFAULT CHARSET=utf8;

-- Dumping data for table soidaoc.characterxdqrewardq: ~14 rows (approximately)
DELETE FROM `characterxdqrewardq`;
/*!40000 ALTER TABLE `characterxdqrewardq` DISABLE KEYS */;
INSERT INTO `characterxdqrewardq` (`ID`, `Character_ID`, `DataQuestID`, `Step`, `Count`, `CustomPropertiesString`, `LastTimeRowUpdated`) VALUES
	(1, '4637c4a3-acca-40b1-84c9-22dfaf5f0340', 3, 0, 1, '', '2020-11-24 23:29:32'),
	(2, '642d135a-2b33-4114-8a27-33cea066fdfb', 3, 0, 1, '', '2020-11-24 23:29:57'),
	(3, '642d135a-2b33-4114-8a27-33cea066fdfb', 6, 0, 1, '', '2020-11-24 23:53:54'),
	(4, '4637c4a3-acca-40b1-84c9-22dfaf5f0340', 6, 0, 1, '', '2020-11-24 23:53:34'),
	(5, '1183687b-926b-4462-aef1-1386cb65932a', 1, 0, 1, '', '2020-11-25 01:44:48'),
	(6, 'c46ed86b-2a83-4261-bca3-f17ed736b52c', 1, 0, 1, '', '2020-11-25 01:44:51'),
	(7, '1183687b-926b-4462-aef1-1386cb65932a', 4, 0, 1, '', '2020-11-25 02:38:24'),
	(8, 'c46ed86b-2a83-4261-bca3-f17ed736b52c', 4, 0, 1, '', '2020-11-25 02:37:39'),
	(9, 'f1f1a96f-5155-4856-8278-e40dd2ede148', 1, 1, 0, 'goal1Target=10;goal1Current=0;', '2020-11-26 04:27:55'),
	(10, '6791c867-0b4d-42c1-aec0-8f2d6507e17f', 2, 0, 1, '', '2020-11-26 05:12:27'),
	(11, '6791c867-0b4d-42c1-aec0-8f2d6507e17f', 5, 1, 0, 'goal1Target=20;goal1Current=1;', '2020-11-26 16:39:19'),
	(12, '62619664-3bd5-4ff0-b487-9f4070a4c58e', 2, 1, 0, 'goal1Target=10;goal1Current=0;', '2020-11-26 16:36:12'),
	(13, 'bb62869a-62df-431c-963a-1f3364119fc2', 1, 0, 1, '', '2020-11-26 16:48:50'),
	(14, 'bb62869a-62df-431c-963a-1f3364119fc2', 4, 2, 0, 'goal1Target=20;goal1Current=20;goal2Target=1;goal2Current=0;', '2020-11-26 17:13:41');
/*!40000 ALTER TABLE `characterxdqrewardq` ENABLE KEYS */;

-- Dumping structure for table soidaoc.characterxmasterlevel
DROP TABLE IF EXISTS `characterxmasterlevel`;
CREATE TABLE IF NOT EXISTS `characterxmasterlevel` (
  `Character_ID` varchar(255) NOT NULL,
  `MLLevel` int(11) NOT NULL DEFAULT 0,
  `MLStep` int(11) NOT NULL DEFAULT 0,
  `StepCompleted` tinyint(1) DEFAULT NULL,
  `ValidationDate` datetime DEFAULT NULL,
  `LastTimeRowUpdated` datetime NOT NULL DEFAULT '2000-01-01 00:00:00',
  `CharacterXMasterLevel_ID` varchar(255) NOT NULL,
  PRIMARY KEY (`CharacterXMasterLevel_ID`),
  KEY `I_CharacterXMasterLevel_Character_ID` (`Character_ID`)
) ENGINE=InnoDB DEFAULT CHARSET=utf8;

-- Dumping data for table soidaoc.characterxmasterlevel: ~0 rows (approximately)
DELETE FROM `characterxmasterlevel`;
/*!40000 ALTER TABLE `characterxmasterlevel` DISABLE KEYS */;
/*!40000 ALTER TABLE `characterxmasterlevel` ENABLE KEYS */;

-- Dumping structure for table soidaoc.characterxonetimedrop
DROP TABLE IF EXISTS `characterxonetimedrop`;
CREATE TABLE IF NOT EXISTS `characterxonetimedrop` (
  `CharacterID` varchar(100) NOT NULL,
  `ItemTemplateID` varchar(100) NOT NULL,
  `LastTimeRowUpdated` datetime NOT NULL DEFAULT '2000-01-01 00:00:00',
  `CharacterXOneTimeDrop_ID` varchar(255) NOT NULL,
  PRIMARY KEY (`CharacterXOneTimeDrop_ID`),
  KEY `I_CharacterXOneTimeDrop_CharacterID` (`CharacterID`),
  KEY `I_CharacterXOneTimeDrop_ItemTemplateID` (`ItemTemplateID`)
) ENGINE=InnoDB DEFAULT CHARSET=utf8;

-- Dumping data for table soidaoc.characterxonetimedrop: ~0 rows (approximately)
DELETE FROM `characterxonetimedrop`;
/*!40000 ALTER TABLE `characterxonetimedrop` DISABLE KEYS */;
/*!40000 ALTER TABLE `characterxonetimedrop` ENABLE KEYS */;

-- Dumping structure for table soidaoc.dataquestrewardquest
DROP TABLE IF EXISTS `dataquestrewardquest`;
CREATE TABLE IF NOT EXISTS `dataquestrewardquest` (
  `ID` int(11) NOT NULL AUTO_INCREMENT,
  `QuestName` varchar(255) NOT NULL,
  `StartNPC` varchar(100) NOT NULL,
  `StartRegionID` smallint(5) unsigned NOT NULL,
  `StoryText` text DEFAULT NULL,
  `Summary` text DEFAULT NULL,
  `AcceptText` text DEFAULT NULL,
  `QuestGoals` text DEFAULT NULL,
  `GoalType` text DEFAULT NULL,
  `GoalRepeatNo` text DEFAULT NULL,
  `GoalTargetName` text DEFAULT NULL,
  `GoalTargetText` text DEFAULT NULL,
  `StepCount` int(11) DEFAULT NULL,
  `FinishNPC` text DEFAULT NULL,
  `AdvanceText` text DEFAULT NULL,
  `CollectItemTemplate` text DEFAULT NULL,
  `MaxCount` smallint(5) unsigned NOT NULL,
  `MinLevel` tinyint(3) unsigned NOT NULL,
  `MaxLevel` tinyint(3) unsigned NOT NULL,
  `RewardMoney` bigint(20) DEFAULT NULL,
  `RewardXP` bigint(20) DEFAULT NULL,
  `RewardCLXP` bigint(20) DEFAULT NULL,
  `RewardRP` bigint(20) DEFAULT NULL,
  `RewardBP` bigint(20) DEFAULT NULL,
  `OptionalRewardItemTemplates` text DEFAULT NULL,
  `FinalRewardItemTemplates` text DEFAULT NULL,
  `FinishText` text DEFAULT NULL,
  `QuestDependency` text DEFAULT NULL,
  `AllowedClasses` varchar(200) DEFAULT NULL,
  `ClassType` text DEFAULT NULL,
  `XOffset` text DEFAULT NULL,
  `YOffset` text DEFAULT NULL,
  `ZoneID` text DEFAULT NULL,
  `LastTimeRowUpdated` datetime NOT NULL DEFAULT '2000-01-01 00:00:00',
  PRIMARY KEY (`ID`)
) ENGINE=InnoDB AUTO_INCREMENT=7 DEFAULT CHARSET=utf8;

-- Dumping data for table soidaoc.dataquestrewardquest: ~6 rows (approximately)
DELETE FROM `dataquestrewardquest`;
/*!40000 ALTER TABLE `dataquestrewardquest` DISABLE KEYS */;
INSERT INTO `dataquestrewardquest` (`ID`, `QuestName`, `StartNPC`, `StartRegionID`, `StoryText`, `Summary`, `AcceptText`, `QuestGoals`, `GoalType`, `GoalRepeatNo`, `GoalTargetName`, `GoalTargetText`, `StepCount`, `FinishNPC`, `AdvanceText`, `CollectItemTemplate`, `MaxCount`, `MinLevel`, `MaxLevel`, `RewardMoney`, `RewardXP`, `RewardCLXP`, `RewardRP`, `RewardBP`, `OptionalRewardItemTemplates`, `FinalRewardItemTemplates`, `FinishText`, `QuestDependency`, `AllowedClasses`, `ClassType`, `XOffset`, `YOffset`, `ZoneID`, `LastTimeRowUpdated`) VALUES
	(1, 'Skeleton Hunt', 'Kalbin', 100, 'Help cleanse the undead.', 'Hunt Skeletons', NULL, 'Kill Skeletons;1|;2', '3|5', '10|1', 'rattling skeleton|Kalbin', '|', 2, 'Kalbin', '', '|', 1, 0, 5, 10000, 45000, 0, 0, 0, '', '', '', '', '', 'DOL.GS.GameHealer', '0|0', '0|0', '100|100', '2000-01-01 00:00:00'),
	(2, 'Wolf Hunt', 'Brother Lawrence', 0, 'Help kill the wolves.', 'Hunt Gray Wolf Pups', NULL, 'Kill Gray Wolf Pups;1|;2', '3|5', '10|1', 'gray wolf pup|Brother Lawrence', '|', 2, 'Brother Lawrence', '', '|', 1, 0, 5, 10000, 45000, 0, 0, 0, '', '', '', '', '', 'DOL.GS.GameHealer', '0|0', '0|0', '0|0', '2000-01-01 00:00:00'),
	(3, 'Skeleton Hunt', 'Epona', 200, 'Help cleanse the undead.', 'Hunt Skeletons', NULL, 'Kill Skeletons;1|;2', '3|5', '10|1', 'skeletal pawn|Epona', '|', 2, 'Epona', '', '|', 1, 0, 5, 10000, 45000, 0, 0, 0, '', '', '', '', '', 'DOL.GS.GameHealer', '0|0', '0|0', '200|200', '2000-01-01 00:00:00'),
	(4, 'Gnome Hunt', 'Rakdey', 100, 'We need help to stop the evil gnomes.', 'Hunt the Evil Gnomes', '', 'Kill Lair Guards;1|;2', '3|5', '20|1', 'lair guard|Rakdey', '|', 2, 'Rakdey', '', '|', 1, 7, 13, 100000, 1399950, 0, 0, 0, '', '', '', '', '', 'DOL.GS.SimpleTeleporter', '0|0', '0|0', '129|100', '2020-02-22 23:45:50'),
	(5, 'Mindless Hunt', 'Assistant Grela', 0, 'We need help to stop the mindless minoins.', 'Hunt the Mindless Minions', '', 'Kill Mindless Minions;1|;2', '3|5', '20|1', 'mindless minion|Assistant Grela', '|', 2, 'Assistant Grela', '', '|', 1, 7, 13, 100000, 1399950, 0, 0, 0, '', '', '', '', '', 'DOL.GS.SimpleTeleporter', '0|0', '0|0', '21|0', '2020-02-22 23:45:50'),
	(6, 'Mummy Hunt', 'Lebnal', 200, 'We need help to stop the mummys.', 'Hunt the Mummy Hags', '', 'Kill Mummy Hags;1|;2', '3|5', '20|1', 'mummy hag|Lebnal', '|', 2, 'Lebnal', '', '|', 1, 7, 13, 100000, 1399950, 0, 0, 0, '', '', '', '', '', 'DOL.GS.SimpleTeleporter', '0|0', '0|0', '221|200', '2020-02-22 23:45:50');
/*!40000 ALTER TABLE `dataquestrewardquest` ENABLE KEYS */;

-- Dumping structure for table soidaoc.dolcharacters
DROP TABLE IF EXISTS `dolcharacters`;
CREATE TABLE IF NOT EXISTS `dolcharacters` (
  `HasGravestone` tinyint(1) DEFAULT NULL,
  `GravestoneRegion` int(11) DEFAULT NULL,
  `Constitution` int(11) DEFAULT NULL,
  `Dexterity` int(11) DEFAULT NULL,
  `Strength` int(11) DEFAULT NULL,
  `Quickness` int(11) DEFAULT NULL,
  `Intelligence` int(11) DEFAULT NULL,
  `Piety` int(11) DEFAULT NULL,
  `Empathy` int(11) DEFAULT NULL,
  `Charisma` int(11) DEFAULT NULL,
  `BountyPoints` bigint(20) DEFAULT NULL,
  `RealmPoints` bigint(20) DEFAULT NULL,
  `RealmLevel` int(11) DEFAULT NULL,
  `Experience` bigint(20) DEFAULT NULL,
  `MaxEndurance` int(11) DEFAULT NULL,
  `Health` int(11) DEFAULT NULL,
  `Mana` int(11) DEFAULT NULL,
  `Endurance` int(11) DEFAULT NULL,
  `Concentration` int(11) DEFAULT NULL,
  `AccountName` varchar(255) NOT NULL,
  `AccountSlot` int(11) DEFAULT NULL,
  `CreationDate` datetime NOT NULL DEFAULT '2000-01-01 00:00:00',
  `LastPlayed` datetime DEFAULT NULL,
  `Name` varchar(255) NOT NULL,
  `LastName` text DEFAULT NULL,
  `GuildID` varchar(255) DEFAULT NULL,
  `Gender` int(11) NOT NULL DEFAULT 0,
  `Race` int(11) NOT NULL DEFAULT 0,
  `Level` int(11) NOT NULL DEFAULT 0,
  `Class` int(11) NOT NULL DEFAULT 0,
  `Realm` int(11) NOT NULL DEFAULT 0,
  `CreationModel` int(11) NOT NULL DEFAULT 0,
  `CurrentModel` int(11) NOT NULL DEFAULT 0,
  `Region` int(11) NOT NULL DEFAULT 0,
  `ActiveWeaponSlot` tinyint(3) unsigned NOT NULL DEFAULT 0,
  `Xpos` int(11) NOT NULL DEFAULT 0,
  `Ypos` int(11) NOT NULL DEFAULT 0,
  `Zpos` int(11) NOT NULL DEFAULT 0,
  `BindXpos` int(11) DEFAULT NULL,
  `BindYpos` int(11) DEFAULT NULL,
  `BindZpos` int(11) DEFAULT NULL,
  `BindRegion` int(11) DEFAULT NULL,
  `BindHeading` int(11) DEFAULT NULL,
  `BindHouseXpos` int(11) DEFAULT NULL,
  `BindHouseYpos` int(11) DEFAULT NULL,
  `BindHouseZpos` int(11) DEFAULT NULL,
  `BindHouseRegion` int(11) DEFAULT NULL,
  `BindHouseHeading` int(11) DEFAULT NULL,
  `DeathCount` tinyint(3) unsigned DEFAULT NULL,
  `ConLostAtDeath` int(11) DEFAULT NULL,
  `Direction` int(11) NOT NULL DEFAULT 0,
  `MaxSpeed` int(11) NOT NULL DEFAULT 0,
  `Copper` int(11) DEFAULT NULL,
  `Silver` int(11) DEFAULT NULL,
  `Gold` int(11) DEFAULT NULL,
  `Platinum` int(11) DEFAULT NULL,
  `Mithril` int(11) DEFAULT NULL,
  `SerializedCraftingSkills` text DEFAULT NULL,
  `SerializedAbilities` text DEFAULT NULL,
  `SerializedSpecs` text DEFAULT NULL,
  `SerializedRealmAbilities` text DEFAULT NULL,
  `DisabledSpells` text DEFAULT NULL,
  `DisabledAbilities` text DEFAULT NULL,
  `SerializedFriendsList` text DEFAULT NULL,
  `SerializedIgnoreList` text DEFAULT NULL,
  `IsCloakHoodUp` tinyint(1) DEFAULT NULL,
  `IsCloakInvisible` tinyint(1) NOT NULL DEFAULT 0,
  `IsHelmInvisible` tinyint(1) NOT NULL DEFAULT 0,
  `SpellQueue` tinyint(1) DEFAULT NULL,
  `IsLevelSecondStage` tinyint(1) DEFAULT NULL,
  `FlagClassName` tinyint(1) DEFAULT NULL,
  `Advisor` tinyint(1) DEFAULT NULL,
  `GuildRank` smallint(5) unsigned DEFAULT NULL,
  `PlayedTime` bigint(20) DEFAULT NULL,
  `DeathTime` bigint(20) DEFAULT NULL,
  `RespecAmountAllSkill` int(11) DEFAULT NULL,
  `RespecAmountSingleSkill` int(11) DEFAULT NULL,
  `RespecAmountRealmSkill` int(11) DEFAULT NULL,
  `RespecAmountDOL` int(11) DEFAULT NULL,
  `RespecAmountChampionSkill` int(11) DEFAULT NULL,
  `IsLevelRespecUsed` tinyint(1) DEFAULT NULL,
  `RespecBought` int(11) DEFAULT NULL,
  `SafetyFlag` tinyint(1) DEFAULT NULL,
  `CraftingPrimarySkill` int(11) DEFAULT NULL,
  `CancelStyle` tinyint(1) DEFAULT NULL,
  `IsAnonymous` tinyint(1) DEFAULT NULL,
  `CustomisationStep` tinyint(3) unsigned DEFAULT NULL,
  `EyeSize` tinyint(3) unsigned DEFAULT NULL,
  `LipSize` tinyint(3) unsigned DEFAULT NULL,
  `EyeColor` tinyint(3) unsigned DEFAULT NULL,
  `HairColor` tinyint(3) unsigned DEFAULT NULL,
  `FaceType` tinyint(3) unsigned DEFAULT NULL,
  `HairStyle` tinyint(3) unsigned DEFAULT NULL,
  `MoodType` tinyint(3) unsigned DEFAULT NULL,
  `UsedLevelCommand` tinyint(1) DEFAULT NULL,
  `CurrentTitleType` text DEFAULT NULL,
  `KillsAlbionPlayers` int(11) DEFAULT NULL,
  `KillsMidgardPlayers` int(11) DEFAULT NULL,
  `KillsHiberniaPlayers` int(11) DEFAULT NULL,
  `KillsAlbionDeathBlows` int(11) DEFAULT NULL,
  `KillsMidgardDeathBlows` int(11) DEFAULT NULL,
  `KillsHiberniaDeathBlows` int(11) DEFAULT NULL,
  `KillsAlbionSolo` int(11) DEFAULT NULL,
  `KillsMidgardSolo` int(11) DEFAULT NULL,
  `KillsHiberniaSolo` int(11) DEFAULT NULL,
  `CapturedKeeps` int(11) DEFAULT NULL,
  `CapturedTowers` int(11) DEFAULT NULL,
  `CapturedRelics` int(11) DEFAULT NULL,
  `KillsDragon` int(11) DEFAULT NULL,
  `DeathsPvP` int(11) DEFAULT NULL,
  `KillsLegion` int(11) DEFAULT NULL,
  `KillsEpicBoss` int(11) DEFAULT NULL,
  `GainXP` tinyint(1) DEFAULT NULL,
  `GainRP` tinyint(1) DEFAULT NULL,
  `Autoloot` tinyint(1) DEFAULT NULL,
  `LastFreeLeveled` datetime DEFAULT NULL,
  `LastFreeLevel` int(11) DEFAULT NULL,
  `GuildNote` text DEFAULT NULL,
  `ShowXFireInfo` tinyint(1) DEFAULT NULL,
  `NoHelp` tinyint(1) DEFAULT NULL,
  `ShowGuildLogins` tinyint(1) DEFAULT NULL,
  `Champion` tinyint(1) DEFAULT NULL,
  `ChampionLevel` int(11) DEFAULT NULL,
  `ChampionExperience` bigint(20) DEFAULT NULL,
  `ML` tinyint(3) unsigned NOT NULL DEFAULT 0,
  `MLExperience` bigint(20) NOT NULL DEFAULT 0,
  `MLLevel` int(11) NOT NULL DEFAULT 0,
  `MLGranted` tinyint(1) NOT NULL DEFAULT 0,
  `RPFlag` tinyint(1) DEFAULT NULL,
  `IgnoreStatistics` tinyint(1) DEFAULT NULL,
  `NotDisplayedInHerald` tinyint(3) unsigned DEFAULT NULL,
  `ActiveSaddleBags` tinyint(3) unsigned DEFAULT NULL,
  `LastTimeRowUpdated` datetime NOT NULL DEFAULT '2000-01-01 00:00:00',
  `DOLCharacters_ID` varchar(255) NOT NULL,
  PRIMARY KEY (`DOLCharacters_ID`),
  UNIQUE KEY `U_DOLCharacters_Name` (`Name`),
  KEY `I_DOLCharacters_AccountName` (`AccountName`),
  KEY `I_DOLCharacters_GuildID` (`GuildID`)
) ENGINE=InnoDB DEFAULT CHARSET=utf8;

-- Dumping data for table soidaoc.dolcharacters: ~20 rows (approximately)
DELETE FROM `dolcharacters`;
/*!40000 ALTER TABLE `dolcharacters` DISABLE KEYS */;
INSERT INTO `dolcharacters` (`HasGravestone`, `GravestoneRegion`, `Constitution`, `Dexterity`, `Strength`, `Quickness`, `Intelligence`, `Piety`, `Empathy`, `Charisma`, `BountyPoints`, `RealmPoints`, `RealmLevel`, `Experience`, `MaxEndurance`, `Health`, `Mana`, `Endurance`, `Concentration`, `AccountName`, `AccountSlot`, `CreationDate`, `LastPlayed`, `Name`, `LastName`, `GuildID`, `Gender`, `Race`, `Level`, `Class`, `Realm`, `CreationModel`, `CurrentModel`, `Region`, `ActiveWeaponSlot`, `Xpos`, `Ypos`, `Zpos`, `BindXpos`, `BindYpos`, `BindZpos`, `BindRegion`, `BindHeading`, `BindHouseXpos`, `BindHouseYpos`, `BindHouseZpos`, `BindHouseRegion`, `BindHouseHeading`, `DeathCount`, `ConLostAtDeath`, `Direction`, `MaxSpeed`, `Copper`, `Silver`, `Gold`, `Platinum`, `Mithril`, `SerializedCraftingSkills`, `SerializedAbilities`, `SerializedSpecs`, `SerializedRealmAbilities`, `DisabledSpells`, `DisabledAbilities`, `SerializedFriendsList`, `SerializedIgnoreList`, `IsCloakHoodUp`, `IsCloakInvisible`, `IsHelmInvisible`, `SpellQueue`, `IsLevelSecondStage`, `FlagClassName`, `Advisor`, `GuildRank`, `PlayedTime`, `DeathTime`, `RespecAmountAllSkill`, `RespecAmountSingleSkill`, `RespecAmountRealmSkill`, `RespecAmountDOL`, `RespecAmountChampionSkill`, `IsLevelRespecUsed`, `RespecBought`, `SafetyFlag`, `CraftingPrimarySkill`, `CancelStyle`, `IsAnonymous`, `CustomisationStep`, `EyeSize`, `LipSize`, `EyeColor`, `HairColor`, `FaceType`, `HairStyle`, `MoodType`, `UsedLevelCommand`, `CurrentTitleType`, `KillsAlbionPlayers`, `KillsMidgardPlayers`, `KillsHiberniaPlayers`, `KillsAlbionDeathBlows`, `KillsMidgardDeathBlows`, `KillsHiberniaDeathBlows`, `KillsAlbionSolo`, `KillsMidgardSolo`, `KillsHiberniaSolo`, `CapturedKeeps`, `CapturedTowers`, `CapturedRelics`, `KillsDragon`, `DeathsPvP`, `KillsLegion`, `KillsEpicBoss`, `GainXP`, `GainRP`, `Autoloot`, `LastFreeLeveled`, `LastFreeLevel`, `GuildNote`, `ShowXFireInfo`, `NoHelp`, `ShowGuildLogins`, `Champion`, `ChampionLevel`, `ChampionExperience`, `ML`, `MLExperience`, `MLLevel`, `MLGranted`, `RPFlag`, `IgnoreStatistics`, `NotDisplayedInHerald`, `ActiveSaddleBags`, `LastTimeRowUpdated`, `DOLCharacters_ID`) VALUES
	(0, 0, 85, 35, 118, 35, 60, 60, 60, 85, 0, 0, 1, 0, 100, 416, 135, 100, 100, 'andrewkirk1', 200, '2020-11-24 17:28:50', '2020-11-26 12:23:17', 'Mudpile', NULL, 'ea8535ac-4249-43ce-ae92-780a4c315a74', 0, 6, 20, 24, 2, 26764, 26764, 100, 0, 803681, 726146, 4723, 802869, 726016, 4699, 100, 1399, 0, 0, 0, 0, 0, 0, 0, 4079, 191, 0, 0, 0, 750, 0, '1|1;2|1;3|1;4|1;6|1;7|1;8|1;9|1;10|1;11|1;12|1;13|1;14|1;15|1', 'Sprint|0;Weaponry: Staves|0;Weaponry: Hammers|0;Weaponry: Axes|0;MidArmor|4;Weaponry: Swords|0;Tireless|0;Shield|2;Protect|2;Evade|1', 'Battlesongs|1;Axe|1;Sword|1;Parry|1;Hammer|1', '', '', '', '', '', 0, 0, 0, 1, 0, 1, 0, 0, 141, -9223372036854775808, 0, 1, 2, 0, 0, 0, 0, 1, 15, 0, 0, 2, 68, 68, 16, 0, 10, 16, 16, 0, '', 0, 0, 0, 0, 0, 0, 0, 0, 0, 0, 0, 0, 0, 0, 0, 0, 1, 1, 1, '2020-11-24 17:28:50', 0, '', 0, 0, 0, 0, 0, 0, 0, 0, 0, 0, 0, 0, 0, 0, '2020-11-26 17:23:17', '0306b258-9fa2-4133-87d0-15c94b355dde'),
	(0, 0, 60, 80, 60, 60, 60, 70, 60, 60, 0, 0, 0, 0, 100, 35, 25, 100, 100, 'necro01', 109, '2020-11-25 02:41:12', '2020-11-25 02:42:00', 'Usynsin', NULL, '1b58e5c6-007a-40e2-8548-b7eb5a2d8649', 0, 4, 1, 1, 1, 45104, 45104, 1, 0, 562418, 512268, 2501, 562418, 512268, 2500, 1, 2980, 0, 0, 0, 0, 0, 0, 0, 2980, 191, 0, 0, 0, 0, 0, '1|1;2|1;3|1;4|1;6|1;7|1;8|1;9|1;10|1;11|1;12|1;13|1;14|1;15|1', 'Sprint|0;Weaponry: Staves|0;Weaponry: Slashing|0;Weaponry: Thrusting|0;Shield|3;AlbArmor|5;Weaponry: Crushing|0;Tireless|0;Weaponry: Two Handed|0', 'Slash|1;Thrust|1;Crush|1;Two Handed|1;Chants|1;Shields|1;Parry|1', '', '', '', '', '', 0, 0, 0, 1, 0, 1, 0, 8, 44, -9223372036854775808, 0, 0, 2, 0, 0, 1, 0, 1, 15, 0, 0, 2, 68, 68, 0, 0, 0, 16, 0, 0, '', 0, 0, 0, 0, 0, 0, 0, 0, 0, 0, 0, 0, 0, 0, 0, 0, 1, 1, 1, '2020-11-25 02:41:12', 0, '', 0, 0, 0, 0, 0, 0, 0, 0, 0, 0, 0, 0, 0, 0, '2020-11-25 07:42:00', '1c6c7709-4aaa-4fe0-ad1f-e6436cec9377'),
	(0, 0, 60, 90, 60, 60, 60, 60, 60, 60, 0, 0, 0, 0, 100, 0, 0, 100, 100, 'andrewkirk1', 100, '2020-11-24 17:43:02', '2020-11-24 17:43:02', 'Mudpilex', NULL, '1b58e5c6-007a-40e2-8548-b7eb5a2d8649', 0, 4, 20, 19, 1, 43487, 43487, 1, 0, 562418, 512268, 2500, 562418, 512268, 2500, 1, 2980, 0, 0, 0, 0, 0, 0, 0, 2980, 191, 0, 0, 0, 750, 0, '1|1;2|1;3|1;4|1;6|1;7|1;8|1;9|1;10|1;11|1;12|1;13|1;14|1;15|1', '', '', '', '', '', '', '', 0, 0, 0, 1, 0, 1, 0, 8, 0, -9223372036854775808, 0, 0, 2, 0, 0, 1, 0, 1, 15, 0, 0, 2, 68, 68, 0, 0, 0, 32, 16, 0, '', 0, 0, 0, 0, 0, 0, 0, 0, 0, 0, 0, 0, 0, 0, 0, 0, 1, 1, 1, '2020-11-24 17:43:02', 0, '', 0, 0, 0, 0, 0, 0, 0, 0, 0, 0, 0, 0, 0, 0, '2020-11-24 22:43:02', '24d4994b-1df6-40b5-8942-fa8d5b666acb'),
	(0, 0, 50, 108, 50, 85, 60, 115, 60, 60, 176, 0, 0, 169999999950, 100, 718, 349, 100, 100, 'admin', 200, '2020-11-26 01:09:30', '2020-11-26 12:30:52', 'Admin', NULL, NULL, 0, 8, 50, 30, 2, 27154, 27154, 100, 1, 803367, 726131, 4680, 802869, 726016, 4699, 100, 1399, 0, 0, 0, 0, 0, 1, 0, 3457, 191, 4, 20, 7, 0, 0, '1|1;2|1;3|1;4|1;6|1;7|1;8|1;9|1;10|1;11|1;12|1;13|1;14|1;15|1', 'Sprint|0;Weaponry: Staves|0;MidArmor|1;QuickCast|0', 'Darkness|1;Suppression|48;Bone Army|24', '', '', '', '', '', 0, 0, 0, 1, 0, 1, 0, 0, 37279, 36319, 0, 0, 2, 0, 0, 1, 0, 1, 15, 0, 0, 2, 68, 68, 0, 1, 0, 32, 0, 0, '', 0, 0, 0, 0, 0, 0, 0, 0, 0, 0, 0, 0, 0, 0, 0, 0, 1, 1, 1, '2020-11-26 01:09:30', 0, '', 0, 0, 0, 0, 0, 0, 0, 0, 0, 0, 0, 1, 0, 0, '2020-11-26 17:30:52', '2737e7a5-fd3c-44db-ba68-a45acd08fea1'),
	(0, 0, 60, 75, 60, 60, 60, 70, 60, 60, 0, 0, 0, 0, 100, 0, 0, 100, 100, 'andrewkirk2', 100, '2020-11-24 17:43:46', '2020-11-24 17:43:46', 'Inkstainx', NULL, '1b58e5c6-007a-40e2-8548-b7eb5a2d8649', 0, 1, 20, 6, 1, 10711, 10711, 1, 0, 562418, 512268, 2500, 562418, 512268, 2500, 1, 2980, 0, 0, 0, 0, 0, 0, 0, 2980, 191, 0, 0, 0, 0, 0, '1|1;2|1;3|1;4|1;6|1;7|1;8|1;9|1;10|1;11|1;12|1;13|1;14|1;15|1', '', '', '', '', '', '', '', 0, 0, 0, 1, 0, 1, 0, 8, 0, -9223372036854775808, 0, 0, 2, 0, 0, 1, 0, 1, 15, 0, 0, 2, 68, 68, 0, 15, 0, 16, 112, 0, '', 0, 0, 0, 0, 0, 0, 0, 0, 0, 0, 0, 0, 0, 0, 0, 0, 1, 1, 1, '2020-11-24 17:43:46', 0, '', 0, 0, 0, 0, 0, 0, 0, 0, 0, 0, 0, 0, 0, 0, '2020-11-24 22:43:47', '27cde3a3-5cee-4a91-a48f-b1896293ab13'),
	(0, 0, 50, 95, 60, 60, 60, 60, 60, 60, 0, 0, 0, 0, 100, 0, 0, 100, 100, 'andrewkirk1', 101, '2020-11-24 17:44:48', '2020-11-24 17:44:48', 'Puddlex', NULL, '1b58e5c6-007a-40e2-8548-b7eb5a2d8649', 0, 4, 1, 3, 1, 43487, 43487, 1, 2, 562418, 512268, 2500, 562418, 512268, 2500, 1, 2980, 0, 0, 0, 0, 0, 0, 0, 2980, 191, 0, 0, 0, 0, 0, '1|1;2|1;3|1;4|1;6|1;7|1;8|1;9|1;10|1;11|1;12|1;13|1;14|1;15|1', '', '', '', '', '', '', '', 0, 0, 0, 1, 0, 1, 0, 8, 0, -9223372036854775808, 0, 0, 2, 0, 0, 1, 0, 1, 15, 0, 0, 2, 68, 68, 0, 0, 0, 32, 0, 0, '', 0, 0, 0, 0, 0, 0, 0, 0, 0, 0, 0, 0, 0, 0, 0, 0, 1, 1, 1, '2020-11-24 17:44:48', 0, '', 0, 0, 0, 0, 0, 0, 0, 0, 0, 0, 0, 0, 0, 0, '2020-11-24 22:44:48', '28779d4b-1012-4f5e-80d6-f5e65c886895'),
	(0, 0, 88, 65, 65, 50, 60, 85, 60, 60, 0, 0, 1, 0, 100, 401, 135, 100, 100, 'andrewkirk2', 200, '2020-11-24 17:38:17', '2020-11-26 12:23:20', 'Inkstain', NULL, 'ea8535ac-4249-43ce-ae92-780a4c315a74', 0, 7, 20, 28, 2, 27146, 27146, 100, 0, 803617, 726256, 4736, 802869, 726016, 4699, 100, 1399, 0, 0, 0, 0, 0, 0, 0, 2622, 191, 0, 0, 10, 0, 0, '1|1;2|1;3|1;4|1;6|1;7|1;8|1;9|1;10|1;11|1;12|1;13|1;14|1;15|1', 'Sprint|0;Weaponry: Staves|0;Weaponry: Hammers|0;Shield|1;MidArmor|4', 'Mending|1;Augmentation|1;Subterranean|1', '', '', '', '', '', 0, 0, 0, 1, 0, 1, 0, 0, 479, -9223372036854775808, 0, 1, 2, 0, 0, 0, 0, 1, 15, 0, 0, 2, 68, 68, 0, 11, 0, 48, 112, 0, '', 0, 0, 0, 0, 0, 0, 0, 0, 0, 0, 0, 0, 0, 0, 0, 0, 1, 1, 1, '2020-11-24 17:38:17', 0, '', 0, 0, 0, 0, 0, 0, 0, 0, 0, 0, 0, 0, 0, 0, '2020-11-26 17:23:20', '3b9667d3-9834-499b-a213-c6a6982cae84'),
	(1, 249, 40, 126, 61, 96, 60, 60, 60, 60, 2707, 0, 1, 4002009138, 100, 945, 310, 100, 100, 'andrewkirk1', 301, '2020-11-24 17:46:34', '2020-11-26 00:56:31', 'Puddlez', NULL, '4aa92a81-4b7c-4cb4-85cf-51522db5680d', 0, 12, 36, 49, 3, 10786, 10786, 200, 0, 347279, 489681, 5200, 347279, 489681, 5200, 200, 2332, 0, 0, 0, 0, 0, 0, 0, 2332, 191, 25, 38, 334, 0, 0, '1|1;2|1;3|1;4|1;6|1;7|1;8|1;9|1;10|1;11|1;12|1;13|1;14|1;15|1', 'Sprint|0;Weaponry: Staves|0;HibArmor|2;Weaponry: Blades|0;Evade|5;Weaponry: Piercing|0;Tireless|0;Shield|1;Distraction|0;Danger Sense|0;Safe Fall|1;Caltrops|0', 'Stealth|15;Piercing|1;Blades|1;Celtic Dual|35;Critical Strike|1;Envenom|35', '', '', '', '', '', 1, 0, 0, 1, 0, 1, 0, 1, 31988, 31967, 0, 0, 2, 0, 0, 0, 0, 1, 15, 0, 0, 2, 68, 68, 0, 3, 0, 80, 96, 0, '', 0, 0, 0, 0, 0, 0, 0, 0, 0, 0, 0, 0, 0, 0, 0, 0, 1, 1, 1, '2020-11-24 17:46:34', 0, '', 0, 0, 0, 0, 0, 0, 0, 0, 0, 0, 0, 0, 0, 0, '2020-11-26 05:56:31', '4637c4a3-acca-40b1-84c9-22dfaf5f0340'),
	(0, 0, 99, 77, 82, 60, 60, 75, 60, 60, 0, 0, 0, 0, 100, 718, 220, 100, 100, 'andrewkirk1', 201, '2020-11-26 12:28:29', '2020-11-26 12:35:00', 'Puddle', NULL, 'ea8535ac-4249-43ce-ae92-780a4c315a74', 1, 17, 39, 34, 2, 3121, 3121, 100, 0, 803402, 726072, 4680, 802869, 726016, 4699, 100, 1399, 0, 0, 0, 0, 0, 0, 0, 3621, 191, 0, 0, 0, 0, 0, '1|1;2|1;3|1;4|1;6|1;7|1;8|1;9|1;10|1;11|1;12|1;13|1;14|1;15|1', 'Sprint|0;Tireless|0;Weaponry: Spears|0;Shield|3;MidArmor|4;Weaponry: Swords|0;Protect|2;Guard|3;Engage|0', 'Shields|23;Spear|1;Mending|31;Odin\'s Will|17;Sword|34;Parry|7', '', '', '', '', '', 0, 0, 0, 1, 0, 1, 0, 9, 344, -9223372036854775808, 0, 0, 2, 0, 0, 1, 0, 1, 15, 0, 0, 2, 68, 68, 0, 15, 0, 48, 16, 0, '', 0, 0, 0, 0, 0, 0, 0, 0, 0, 0, 0, 0, 0, 0, 0, 0, 1, 1, 1, '2020-11-26 12:28:29', 0, '', 0, 0, 0, 0, 0, 0, 0, 0, 0, 0, 0, 0, 0, 0, '2020-11-26 17:35:00', '520b9710-10b7-42c3-9d2d-b32e47b9e741'),
	(0, 0, 45, 75, 45, 70, 90, 60, 60, 60, 0, 0, 0, 0, 100, 0, 0, 100, 100, 'andrewkirk2', 101, '2020-11-24 17:45:22', '2020-11-24 17:45:22', 'Scrubtasticx', NULL, '1b58e5c6-007a-40e2-8548-b7eb5a2d8649', 0, 2, 1, 8, 1, 2543, 2543, 1, 1, 562418, 512268, 2500, 562418, 512268, 2500, 1, 2980, 0, 0, 0, 0, 0, 0, 0, 2980, 191, 0, 0, 0, 0, 0, '1|1;2|1;3|1;4|1;6|1;7|1;8|1;9|1;10|1;11|1;12|1;13|1;14|1;15|1', '', '', '', '', '', '', '', 0, 0, 0, 1, 0, 1, 0, 8, 0, -9223372036854775808, 0, 0, 2, 0, 0, 1, 0, 1, 15, 0, 0, 2, 68, 68, 0, 15, 0, 64, 16, 0, '', 0, 0, 0, 0, 0, 0, 0, 0, 0, 0, 0, 0, 0, 0, 0, 0, 1, 1, 1, '2020-11-24 17:45:22', 0, '', 0, 0, 0, 0, 0, 0, 0, 0, 0, 0, 0, 0, 0, 0, '2020-11-24 22:45:22', '52945ac4-d886-4d6c-a259-df29dd158201'),
	(0, 0, 40, 90, 50, 75, 70, 60, 60, 60, 0, 0, 0, 0, 100, 30, 25, 100, 100, 'necro01', 309, '2020-11-25 02:50:00', '2020-11-25 02:51:30', 'Eadisrirb', NULL, '984013fa-2647-4cae-8f9e-e905d58e5627', 1, 11, 1, 39, 3, 62005, 62005, 200, 1, 347279, 489681, 5200, 347279, 489681, 5200, 200, 2332, 0, 0, 0, 0, 0, 0, 0, 3119, 191, 0, 0, 0, 0, 0, '1|1;2|1;3|1;4|1;6|1;7|1;8|1;9|1;10|1;11|1;12|1;13|1;14|1;15|1', 'Sprint|0;Weaponry: Staves|0;HibArmor|1;QuickCast|0', 'Ethereal Shriek|1;Phantasmal Wail|1;Spectral Guard|1', '', '', '', '', '', 0, 0, 0, 1, 0, 1, 0, 8, 83, -9223372036854775808, 0, 0, 2, 0, 0, 1, 0, 1, 15, 0, 0, 2, 68, 68, 0, 0, 0, 16, 0, 0, '', 0, 0, 0, 0, 0, 0, 0, 0, 0, 0, 0, 0, 0, 0, 0, 0, 1, 1, 1, '2020-11-25 02:50:00', 0, '', 0, 0, 0, 0, 0, 0, 0, 0, 0, 0, 0, 0, 0, 0, '2020-11-25 07:51:30', '5321acd6-ce18-4773-aade-0b308ab49e23'),
	(0, 0, 50, 95, 50, 60, 70, 60, 60, 60, 0, 0, 0, 162, 100, 42, 30, 100, 100, 'korindar', 101, '2020-11-26 01:34:45', '2020-11-26 11:38:59', 'Sharynosha', NULL, '1b58e5c6-007a-40e2-8548-b7eb5a2d8649', 0, 4, 2, 12, 1, 45104, 45104, 1, 1, 561985, 508435, 2892, 562418, 512268, 2500, 1, 2980, 0, 0, 0, 0, 0, 0, 0, 172, 191, 93, 0, 0, 0, 0, '1|1;2|1;3|1;4|1;6|1;7|1;8|1;9|1;10|1;11|1;12|1;13|1;14|1;15|1', 'Sprint|0;Weaponry: Staves|0;AlbArmor|1', 'Deathsight|1;Painworking|2;Death Servant|1', '', '', '', '', '', 0, 0, 0, 1, 0, 1, 0, 8, 323, -9223372036854775808, 0, 0, 2, 0, 0, 1, 0, 1, 15, 0, 0, 2, 68, 68, 0, 0, 0, 16, 0, 0, '', 0, 0, 0, 0, 0, 0, 0, 0, 0, 0, 0, 0, 0, 0, 0, 0, 1, 1, 1, '2020-11-26 01:34:46', 0, '', 0, 0, 0, 0, 0, 0, 0, 0, 0, 0, 0, 0, 0, 0, '2020-11-26 16:38:59', '62619664-3bd5-4ff0-b487-9f4070a4c58e'),
	(1, 249, 71, 75, 60, 60, 60, 60, 76, 101, 1111, 0, 1, 3714239327, 100, 1020, 251, 100, 100, 'andrewkirk2', 301, '2020-11-24 17:47:49', '2020-11-26 00:56:31', 'Scrubtasticz', NULL, '4aa92a81-4b7c-4cb4-85cf-51522db5680d', 0, 9, 36, 48, 3, 10775, 10775, 200, 1, 347279, 489681, 5200, 347279, 489681, 5200, 200, 2332, 0, 0, 0, 0, 0, 0, 0, 2332, 191, 64, 29, 312, 0, 0, '1|1;2|1;3|1;4|1;6|1;7|1;8|1;9|1;10|1;11|1;12|1;13|1;14|1;15|1', 'Sprint|0;Weaponry: Blunt|0;Weaponry: Staves|0;HibArmor|3;Weaponry: Blades|0;Shield|1;Tireless|0;Weaponry: Instruments|0;Evade|2', 'Nurture|33;Regrowth|16;Music|21;Blades|1;Blunt|1', '', '', '', '', '', 1, 0, 0, 1, 0, 1, 0, 0, 31834, 31811, 0, 0, 2, 0, 0, 0, 0, 1, 15, 0, 0, 2, 68, 68, 0, 15, 0, 16, 128, 0, '', 0, 0, 0, 0, 0, 0, 0, 0, 0, 0, 0, 0, 0, 0, 0, 0, 1, 1, 1, '2020-11-24 17:47:49', 0, '', 0, 0, 0, 0, 0, 0, 0, 0, 0, 0, 0, 0, 0, 0, '2020-11-26 05:56:31', '642d135a-2b33-4114-8a27-33cea066fdfb'),
	(1, 1, 73, 60, 71, 60, 60, 72, 60, 60, 0, 0, 0, 50600, 100, 161, 62, 100, 100, 'korindar', 100, '2020-11-25 23:38:20', '2020-11-26 00:48:28', 'Korn', NULL, '1b58e5c6-007a-40e2-8548-b7eb5a2d8649', 0, 1, 8, 1, 1, 39383, 39383, 1, 0, 562418, 512268, 2500, 562418, 512268, 2500, 1, 2980, 0, 0, 0, 0, 0, 4, 0, 2980, 191, 44, 75, 1, 0, 0, '1|1;2|1;3|1;4|1;6|1;7|1;8|1;9|1;10|1;11|1;12|1;13|1;14|1;15|1', 'Sprint|0;Weaponry: Staves|0;Weaponry: Slashing|0;Weaponry: Thrusting|0;Shield|3;AlbArmor|5;Weaponry: Crushing|0;Tireless|0;Weaponry: Two Handed|0', 'Slash|8;Thrust|1;Crush|1;Two Handed|1;Chants|6;Shields|1;Parry|1', '', '', '', '', '', 0, 0, 0, 1, 0, 1, 0, 8, 3670, 3547, 0, 0, 2, 0, 0, 0, 0, 1, 15, 0, 0, 2, 68, 68, 0, 0, 0, 16, 0, 0, '', 0, 0, 0, 0, 0, 0, 0, 0, 0, 0, 0, 0, 0, 0, 0, 0, 1, 1, 1, '2020-11-25 23:38:20', 0, '', 0, 0, 0, 0, 0, 0, 0, 0, 0, 0, 0, 0, 0, 0, '2020-11-26 05:48:28', '6791c867-0b4d-42c1-aec0-8f2d6507e17f'),
	(0, 0, 55, 70, 55, 60, 60, 85, 60, 60, 0, 0, 0, 0, 100, 1, 0, 100, 100, 'necro01', 200, '2020-11-25 02:44:14', '2020-11-25 02:44:19', 'Atsolast', NULL, '4a4b6e79-fe3a-4d09-87e5-cc8e15f59d30', 1, 17, 1, 29, 2, 5169, 5169, 100, 1, 802869, 726016, 4699, 802869, 726016, 4699, 100, 1399, 0, 0, 0, 0, 0, 0, 0, 1399, 191, 0, 0, 0, 0, 0, '1|1;2|1;3|1;4|1;6|1;7|1;8|1;9|1;10|1;11|1;12|1;13|1;14|1;15|1', 'Sprint|0;Weaponry: Staves|0;MidArmor|1;QuickCast|0', 'Darkness|1;Suppression|1;Runecarving|1', '', '', '', '', '', 0, 0, 0, 1, 0, 1, 0, 8, 2, -9223372036854775808, 0, 0, 2, 0, 0, 1, 0, 1, 15, 0, 0, 2, 17, 4, 64, 12, 16, 48, 64, 0, '', 0, 0, 0, 0, 0, 0, 0, 0, 0, 0, 0, 0, 0, 0, 0, 0, 1, 1, 1, '2020-11-25 02:44:14', 0, '', 0, 0, 0, 0, 0, 0, 0, 0, 0, 0, 0, 0, 0, 0, '2020-11-25 07:44:19', '7f669be6-3f23-4e27-8f4a-faaa215f32e0'),
	(0, 0, 50, 90, 50, 80, 60, 60, 60, 60, 0, 0, 0, 0, 100, 363, 110, 100, 100, 'andrewkirk1', 300, '2020-11-24 17:46:12', '2020-11-24 18:01:54', 'Mudpilez', NULL, '4aa92a81-4b7c-4cb4-85cf-51522db5680d', 0, 12, 20, 45, 3, 59938, 59938, 200, 0, 347992, 490053, 5200, 347279, 489681, 5200, 200, 2332, 0, 0, 0, 0, 0, 0, 0, 15, 191, 0, 0, 999, 749, 0, '1|1;2|1;3|1;4|1;6|1;7|1;8|1;9|1;10|1;11|1;12|1;13|1;14|1;15|1', 'Sprint|0;Weaponry: Blunt|0;Weaponry: Staves|0;HibArmor|4;Weaponry: Blades|0;Shield|3;Evade|1;Weaponry: Piercing|0;Tireless|0;Weaponry: Large Weapons|0;Protect|1;Intercept|0', 'Blades|1;Blunt|1;Piercing|1;Parry|1;Large Weapons|1;Shields|1;Valor|1', '', '', '', '', '', 0, 0, 0, 1, 0, 1, 0, 0, 325, -9223372036854775808, 0, 0, 2, 0, 0, 1, 0, 1, 15, 0, 0, 2, 68, 68, 0, 15, 0, 80, 16, 0, '', 0, 0, 0, 0, 0, 0, 0, 0, 0, 0, 0, 0, 0, 0, 0, 0, 1, 1, 1, '2020-11-24 17:46:12', 0, '', 0, 0, 0, 0, 0, 0, 0, 0, 0, 0, 0, 0, 0, 0, '2020-11-24 23:01:54', 'ab405454-175d-4a0c-9bff-502107a33e0f'),
	(0, 0, 60, 75, 60, 60, 60, 60, 70, 60, 0, 0, 0, 0, 100, 0, 0, 100, 100, 'andrewkirk2', 300, '2020-11-24 17:47:27', '2020-11-24 17:47:27', 'Inkstainz', NULL, '984013fa-2647-4cae-8f9e-e905d58e5627', 0, 9, 20, 47, 3, 10775, 10775, 200, 0, 347279, 489681, 5200, 347279, 489681, 5200, 200, 2332, 0, 0, 0, 0, 0, 0, 0, 2332, 191, 0, 0, 0, 0, 0, '1|1;2|1;3|1;4|1;6|1;7|1;8|1;9|1;10|1;11|1;12|1;13|1;14|1;15|1', '', '', '', '', '', '', '', 0, 0, 0, 1, 0, 1, 0, 8, 0, -9223372036854775808, 0, 0, 2, 0, 0, 1, 0, 1, 15, 0, 0, 2, 68, 68, 0, 15, 0, 16, 16, 0, '', 0, 0, 0, 0, 0, 0, 0, 0, 0, 0, 0, 0, 0, 0, 0, 0, 1, 1, 1, '2020-11-24 17:47:27', 0, '', 0, 0, 0, 0, 0, 0, 0, 0, 0, 0, 0, 0, 0, 0, '2020-11-24 22:47:27', 'b80b4719-5422-435f-baae-c9a64bc233b8'),
	(1, 129, 82, 35, 113, 35, 60, 60, 60, 75, 0, 0, 0, 250996, 100, 227, 75, 100, 100, 'korindar', 200, '2020-11-26 11:40:22', '2020-11-26 12:15:59', 'Kor', NULL, '4a4b6e79-fe3a-4d09-87e5-cc8e15f59d30', 0, 6, 10, 24, 2, 30860, 30860, 100, 0, 802869, 726016, 4699, 802869, 726016, 4699, 100, 1399, 0, 0, 0, 0, 0, 1, 0, 1399, 191, 9, 63, 1, 0, 0, '1|1;2|1;3|1;4|1;6|1;7|1;8|1;9|1;10|1;11|1;12|1;13|1;14|1;15|1', 'Sprint|0;Weaponry: Staves|0;Weaponry: Hammers|0;Weaponry: Axes|0;MidArmor|4;Weaponry: Swords|0;Tireless|0;Shield|2', 'Battlesongs|9;Axe|2;Sword|1;Parry|1;Hammer|7', '', '', '', '', '', 0, 0, 0, 1, 0, 1, 0, 8, 2126, 2050, 0, 0, 2, 0, 0, 0, 0, 1, 15, 0, 0, 2, 68, 68, 0, 0, 0, 16, 0, 0, '', 0, 0, 0, 0, 0, 0, 0, 0, 0, 0, 0, 0, 0, 0, 0, 0, 1, 1, 1, '2020-11-26 11:40:22', 0, '', 0, 0, 0, 0, 0, 0, 0, 0, 0, 0, 0, 0, 0, 0, '2020-11-26 17:15:59', 'bb62869a-62df-431c-963a-1f3364119fc2'),
	(1, 125, 72, 70, 67, 60, 60, 119, 60, 60, 0, 0, 0, 1880455, 100, 639, 264, 100, 100, 'andrewkirk2', 201, '2020-11-24 17:39:06', '2020-11-26 12:34:58', 'Scrubtastic', NULL, 'ea8535ac-4249-43ce-ae92-780a4c315a74', 0, 17, 39, 26, 2, 3109, 3109, 100, 0, 803447, 726043, 4680, 802869, 726016, 4699, 100, 1399, 0, 0, 0, 0, 0, 0, 1, 3839, 191, 50, 45, 23, 0, 0, '1|1;2|1;3|1;4|1;6|1;7|1;8|1;9|1;10|1;11|1;12|1;13|1;14|1;15|1', 'Sprint|0;Weaponry: Staves|0;Weaponry: Hammers|0;Shield|1;MidArmor|4', 'Mending|18;Augmentation|34;Pacification|1', '', '', '', '', '', 0, 0, 0, 1, 0, 1, 0, 2, 40504, 39439, 0, 0, 2, 0, 0, 0, 0, 1, 15, 0, 0, 2, 68, 68, 0, 13, 0, 16, 0, 0, '', 0, 0, 0, 0, 0, 0, 0, 0, 0, 0, 0, 0, 0, 0, 0, 0, 1, 1, 1, '2020-11-24 17:39:06', 0, '', 0, 0, 0, 0, 0, 0, 0, 0, 0, 0, 0, 0, 0, 0, '2020-11-26 17:34:58', 'c46ed86b-2a83-4261-bca3-f17ed736b52c'),
	(1, 249, 83, 85, 70, 45, 125, 60, 60, 60, 12344, 0, 0, 169999999950, 100, 858, 418, 100, 100, 'admin', 300, '2020-11-25 20:18:33', '2020-11-26 00:56:31', 'Adminz', NULL, NULL, 0, 15, 50, 55, 3, 27326, 27326, 200, 1, 347279, 489681, 5200, 347279, 489681, 5200, 200, 2332, 0, 0, 0, 0, 0, 5, 3, 2332, 191, 75, 85, 104, 0, 0, '1|1;2|1;3|1;4|1;6|1;7|1;8|1;9|1;10|1;11|1;12|1;13|1;14|1;15|1', 'Sprint|0;Weaponry: Staves|0;HibArmor|1;QuickCast|0', 'Arboreal Path|44;Creeping Path|1;Verdant Path|31', '', '', '', '', '', 0, 0, 0, 1, 0, 1, 0, 0, 15022, 15002, 0, 0, 2, 0, 0, 1, 0, 1, 15, 0, 0, 2, 68, 68, 0, 13, 0, 32, 80, 0, '', 0, 0, 0, 0, 0, 0, 0, 0, 0, 0, 0, 0, 0, 0, 0, 0, 1, 1, 0, '2020-11-25 20:18:34', 0, '', 0, 0, 0, 0, 0, 0, 0, 0, 0, 0, 0, 1, 0, 0, '2020-11-26 05:56:31', 'cbf9ff31-1201-4cba-b6aa-061e575a0812');
/*!40000 ALTER TABLE `dolcharacters` ENABLE KEYS */;

-- Dumping structure for table soidaoc.dolcharactersbackup
DROP TABLE IF EXISTS `dolcharactersbackup`;
CREATE TABLE IF NOT EXISTS `dolcharactersbackup` (
  `DOLCharacters_ID` varchar(255) NOT NULL,
  `Name` varchar(255) NOT NULL,
  `DeleteDate` datetime NOT NULL DEFAULT '2000-01-01 00:00:00',
  `HasGravestone` tinyint(1) DEFAULT NULL,
  `GravestoneRegion` int(11) DEFAULT NULL,
  `Constitution` int(11) DEFAULT NULL,
  `Dexterity` int(11) DEFAULT NULL,
  `Strength` int(11) DEFAULT NULL,
  `Quickness` int(11) DEFAULT NULL,
  `Intelligence` int(11) DEFAULT NULL,
  `Piety` int(11) DEFAULT NULL,
  `Empathy` int(11) DEFAULT NULL,
  `Charisma` int(11) DEFAULT NULL,
  `BountyPoints` bigint(20) DEFAULT NULL,
  `RealmPoints` bigint(20) DEFAULT NULL,
  `RealmLevel` int(11) DEFAULT NULL,
  `Experience` bigint(20) DEFAULT NULL,
  `MaxEndurance` int(11) DEFAULT NULL,
  `Health` int(11) DEFAULT NULL,
  `Mana` int(11) DEFAULT NULL,
  `Endurance` int(11) DEFAULT NULL,
  `Concentration` int(11) DEFAULT NULL,
  `AccountName` varchar(255) NOT NULL,
  `AccountSlot` int(11) DEFAULT NULL,
  `CreationDate` datetime NOT NULL DEFAULT '2000-01-01 00:00:00',
  `LastPlayed` datetime DEFAULT NULL,
  `LastName` text DEFAULT NULL,
  `GuildID` varchar(255) DEFAULT NULL,
  `Gender` int(11) NOT NULL DEFAULT 0,
  `Race` int(11) NOT NULL DEFAULT 0,
  `Level` int(11) NOT NULL DEFAULT 0,
  `Class` int(11) NOT NULL DEFAULT 0,
  `Realm` int(11) NOT NULL DEFAULT 0,
  `CreationModel` int(11) NOT NULL DEFAULT 0,
  `CurrentModel` int(11) NOT NULL DEFAULT 0,
  `Region` int(11) NOT NULL DEFAULT 0,
  `ActiveWeaponSlot` tinyint(3) unsigned NOT NULL DEFAULT 0,
  `Xpos` int(11) NOT NULL DEFAULT 0,
  `Ypos` int(11) NOT NULL DEFAULT 0,
  `Zpos` int(11) NOT NULL DEFAULT 0,
  `BindXpos` int(11) DEFAULT NULL,
  `BindYpos` int(11) DEFAULT NULL,
  `BindZpos` int(11) DEFAULT NULL,
  `BindRegion` int(11) DEFAULT NULL,
  `BindHeading` int(11) DEFAULT NULL,
  `BindHouseXpos` int(11) DEFAULT NULL,
  `BindHouseYpos` int(11) DEFAULT NULL,
  `BindHouseZpos` int(11) DEFAULT NULL,
  `BindHouseRegion` int(11) DEFAULT NULL,
  `BindHouseHeading` int(11) DEFAULT NULL,
  `DeathCount` tinyint(3) unsigned DEFAULT NULL,
  `ConLostAtDeath` int(11) DEFAULT NULL,
  `Direction` int(11) NOT NULL DEFAULT 0,
  `MaxSpeed` int(11) NOT NULL DEFAULT 0,
  `Copper` int(11) DEFAULT NULL,
  `Silver` int(11) DEFAULT NULL,
  `Gold` int(11) DEFAULT NULL,
  `Platinum` int(11) DEFAULT NULL,
  `Mithril` int(11) DEFAULT NULL,
  `SerializedCraftingSkills` text DEFAULT NULL,
  `SerializedAbilities` text DEFAULT NULL,
  `SerializedSpecs` text DEFAULT NULL,
  `SerializedRealmAbilities` text DEFAULT NULL,
  `DisabledSpells` text DEFAULT NULL,
  `DisabledAbilities` text DEFAULT NULL,
  `SerializedFriendsList` text DEFAULT NULL,
  `SerializedIgnoreList` text DEFAULT NULL,
  `IsCloakHoodUp` tinyint(1) DEFAULT NULL,
  `IsCloakInvisible` tinyint(1) NOT NULL DEFAULT 0,
  `IsHelmInvisible` tinyint(1) NOT NULL DEFAULT 0,
  `SpellQueue` tinyint(1) DEFAULT NULL,
  `IsLevelSecondStage` tinyint(1) DEFAULT NULL,
  `FlagClassName` tinyint(1) DEFAULT NULL,
  `Advisor` tinyint(1) DEFAULT NULL,
  `GuildRank` smallint(5) unsigned DEFAULT NULL,
  `PlayedTime` bigint(20) DEFAULT NULL,
  `DeathTime` bigint(20) DEFAULT NULL,
  `RespecAmountAllSkill` int(11) DEFAULT NULL,
  `RespecAmountSingleSkill` int(11) DEFAULT NULL,
  `RespecAmountRealmSkill` int(11) DEFAULT NULL,
  `RespecAmountDOL` int(11) DEFAULT NULL,
  `RespecAmountChampionSkill` int(11) DEFAULT NULL,
  `IsLevelRespecUsed` tinyint(1) DEFAULT NULL,
  `RespecBought` int(11) DEFAULT NULL,
  `SafetyFlag` tinyint(1) DEFAULT NULL,
  `CraftingPrimarySkill` int(11) DEFAULT NULL,
  `CancelStyle` tinyint(1) DEFAULT NULL,
  `IsAnonymous` tinyint(1) DEFAULT NULL,
  `CustomisationStep` tinyint(3) unsigned DEFAULT NULL,
  `EyeSize` tinyint(3) unsigned DEFAULT NULL,
  `LipSize` tinyint(3) unsigned DEFAULT NULL,
  `EyeColor` tinyint(3) unsigned DEFAULT NULL,
  `HairColor` tinyint(3) unsigned DEFAULT NULL,
  `FaceType` tinyint(3) unsigned DEFAULT NULL,
  `HairStyle` tinyint(3) unsigned DEFAULT NULL,
  `MoodType` tinyint(3) unsigned DEFAULT NULL,
  `UsedLevelCommand` tinyint(1) DEFAULT NULL,
  `CurrentTitleType` text DEFAULT NULL,
  `KillsAlbionPlayers` int(11) DEFAULT NULL,
  `KillsMidgardPlayers` int(11) DEFAULT NULL,
  `KillsHiberniaPlayers` int(11) DEFAULT NULL,
  `KillsAlbionDeathBlows` int(11) DEFAULT NULL,
  `KillsMidgardDeathBlows` int(11) DEFAULT NULL,
  `KillsHiberniaDeathBlows` int(11) DEFAULT NULL,
  `KillsAlbionSolo` int(11) DEFAULT NULL,
  `KillsMidgardSolo` int(11) DEFAULT NULL,
  `KillsHiberniaSolo` int(11) DEFAULT NULL,
  `CapturedKeeps` int(11) DEFAULT NULL,
  `CapturedTowers` int(11) DEFAULT NULL,
  `CapturedRelics` int(11) DEFAULT NULL,
  `KillsDragon` int(11) DEFAULT NULL,
  `DeathsPvP` int(11) DEFAULT NULL,
  `KillsLegion` int(11) DEFAULT NULL,
  `KillsEpicBoss` int(11) DEFAULT NULL,
  `GainXP` tinyint(1) DEFAULT NULL,
  `GainRP` tinyint(1) DEFAULT NULL,
  `Autoloot` tinyint(1) DEFAULT NULL,
  `LastFreeLeveled` datetime DEFAULT NULL,
  `LastFreeLevel` int(11) DEFAULT NULL,
  `GuildNote` text DEFAULT NULL,
  `ShowXFireInfo` tinyint(1) DEFAULT NULL,
  `NoHelp` tinyint(1) DEFAULT NULL,
  `ShowGuildLogins` tinyint(1) DEFAULT NULL,
  `Champion` tinyint(1) DEFAULT NULL,
  `ChampionLevel` int(11) DEFAULT NULL,
  `ChampionExperience` bigint(20) DEFAULT NULL,
  `ML` tinyint(3) unsigned NOT NULL DEFAULT 0,
  `MLExperience` bigint(20) NOT NULL DEFAULT 0,
  `MLLevel` int(11) NOT NULL DEFAULT 0,
  `MLGranted` tinyint(1) NOT NULL DEFAULT 0,
  `RPFlag` tinyint(1) DEFAULT NULL,
  `IgnoreStatistics` tinyint(1) DEFAULT NULL,
  `NotDisplayedInHerald` tinyint(3) unsigned DEFAULT NULL,
  `ActiveSaddleBags` tinyint(3) unsigned DEFAULT NULL,
  `LastTimeRowUpdated` datetime NOT NULL DEFAULT '2000-01-01 00:00:00',
  `DOLCharactersBackup_ID` varchar(255) NOT NULL,
  PRIMARY KEY (`DOLCharactersBackup_ID`),
  KEY `I_DOLCharactersBackup_Name` (`Name`),
  KEY `I_DOLCharactersBackup_AccountName` (`AccountName`),
  KEY `I_DOLCharactersBackup_GuildID` (`GuildID`)
) ENGINE=InnoDB DEFAULT CHARSET=utf8;

-- Dumping data for table soidaoc.dolcharactersbackup: ~3 rows (approximately)
DELETE FROM `dolcharactersbackup`;
/*!40000 ALTER TABLE `dolcharactersbackup` DISABLE KEYS */;
INSERT INTO `dolcharactersbackup` (`DOLCharacters_ID`, `Name`, `DeleteDate`, `HasGravestone`, `GravestoneRegion`, `Constitution`, `Dexterity`, `Strength`, `Quickness`, `Intelligence`, `Piety`, `Empathy`, `Charisma`, `BountyPoints`, `RealmPoints`, `RealmLevel`, `Experience`, `MaxEndurance`, `Health`, `Mana`, `Endurance`, `Concentration`, `AccountName`, `AccountSlot`, `CreationDate`, `LastPlayed`, `LastName`, `GuildID`, `Gender`, `Race`, `Level`, `Class`, `Realm`, `CreationModel`, `CurrentModel`, `Region`, `ActiveWeaponSlot`, `Xpos`, `Ypos`, `Zpos`, `BindXpos`, `BindYpos`, `BindZpos`, `BindRegion`, `BindHeading`, `BindHouseXpos`, `BindHouseYpos`, `BindHouseZpos`, `BindHouseRegion`, `BindHouseHeading`, `DeathCount`, `ConLostAtDeath`, `Direction`, `MaxSpeed`, `Copper`, `Silver`, `Gold`, `Platinum`, `Mithril`, `SerializedCraftingSkills`, `SerializedAbilities`, `SerializedSpecs`, `SerializedRealmAbilities`, `DisabledSpells`, `DisabledAbilities`, `SerializedFriendsList`, `SerializedIgnoreList`, `IsCloakHoodUp`, `IsCloakInvisible`, `IsHelmInvisible`, `SpellQueue`, `IsLevelSecondStage`, `FlagClassName`, `Advisor`, `GuildRank`, `PlayedTime`, `DeathTime`, `RespecAmountAllSkill`, `RespecAmountSingleSkill`, `RespecAmountRealmSkill`, `RespecAmountDOL`, `RespecAmountChampionSkill`, `IsLevelRespecUsed`, `RespecBought`, `SafetyFlag`, `CraftingPrimarySkill`, `CancelStyle`, `IsAnonymous`, `CustomisationStep`, `EyeSize`, `LipSize`, `EyeColor`, `HairColor`, `FaceType`, `HairStyle`, `MoodType`, `UsedLevelCommand`, `CurrentTitleType`, `KillsAlbionPlayers`, `KillsMidgardPlayers`, `KillsHiberniaPlayers`, `KillsAlbionDeathBlows`, `KillsMidgardDeathBlows`, `KillsHiberniaDeathBlows`, `KillsAlbionSolo`, `KillsMidgardSolo`, `KillsHiberniaSolo`, `CapturedKeeps`, `CapturedTowers`, `CapturedRelics`, `KillsDragon`, `DeathsPvP`, `KillsLegion`, `KillsEpicBoss`, `GainXP`, `GainRP`, `Autoloot`, `LastFreeLeveled`, `LastFreeLevel`, `GuildNote`, `ShowXFireInfo`, `NoHelp`, `ShowGuildLogins`, `Champion`, `ChampionLevel`, `ChampionExperience`, `ML`, `MLExperience`, `MLLevel`, `MLGranted`, `RPFlag`, `IgnoreStatistics`, `NotDisplayedInHerald`, `ActiveSaddleBags`, `LastTimeRowUpdated`, `DOLCharactersBackup_ID`) VALUES
	('739fb6fe-209e-4672-80f1-3009af8b0b81', 'Admin', '2020-11-26 01:09:16', 0, 0, 80, 50, 80, 50, 60, 70, 60, 60, 0, 0, 0, 0, 100, 36, 25, 100, 100, 'admin', 200, '2020-11-24 17:23:04', '2020-11-25 19:44:49', NULL, NULL, 0, 5, 1, 21, 2, 18588, 18588, 100, 0, 803238, 726696, 4677, 802869, 726016, 4699, 100, 1399, 0, 0, 0, 0, 0, 0, 0, 776, 191, 0, 0, 0, 0, 0, '1|1;2|1;3|1;4|1;6|1;7|1;8|1;9|1;10|1;11|1;12|1;13|1;14|1;15|1', 'Sprint|0;Weaponry: Staves|0;Weaponry: Hammers|0;Weaponry: Axes|0;MidArmor|4;Weaponry: Swords|0;Tireless|0;Shield|3', 'Shields|1;Stormcalling|1;Sword|1;Hammer|1;Axe|1;Parry|1', '', '', '', '', '', 0, 0, 0, 1, 0, 1, 0, 0, 3807, -9223372036854775808, 0, 0, 2, 0, 0, 1, 0, 1, 15, 0, 0, 2, 68, 68, 0, 15, 0, 48, 128, 0, '', 0, 0, 0, 0, 0, 0, 0, 0, 0, 0, 0, 0, 0, 0, 0, 0, 1, 1, 1, '2020-11-24 17:23:04', 0, '', 0, 0, 0, 0, 0, 0, 0, 0, 0, 0, 0, 1, 0, 0, '2020-11-26 06:09:16', '0c2f334d-5dca-4f8a-a70a-37fcd7fe6ae4'),
	('1183687b-926b-4462-aef1-1386cb65932a', 'Puddle', '2020-11-26 12:27:56', 0, 0, 50, 119, 62, 87, 60, 70, 60, 60, 0, 0, 0, 0, 100, 726, 37, 100, 100, 'andrewkirk1', 201, '2020-11-24 17:35:05', '2020-11-26 12:27:48', NULL, 'ea8535ac-4249-43ce-ae92-780a4c315a74', 0, 6, 39, 32, 2, 27154, 27154, 100, 1, 803264, 726046, 4680, 802869, 726016, 4699, 100, 1399, 0, 0, 0, 0, 0, 0, 0, 1849, 191, 25, 51, 21, 0, 0, '1|1;2|1;3|1;4|1;6|1;7|1;8|1;9|1;10|1;11|1;12|1;13|1;14|1;15|1', 'Sprint|0;MidArmor|3;Evade|4;Tireless|0;Weaponry: Staves|0;Weaponry: Hammers|0;Weaponry: Axes|0;Weaponry: Swords|0;Weaponry: Hand to Hand|0;Shield|1;Prevent Flight|0;Enhanced Evade|0;Stoicism|0', 'Hand to Hand|1;Savagery|1;Parry|1;Axe|1;Sword|1;Hammer|1', '', '', '', '', '', 0, 0, 0, 1, 0, 1, 0, 1, 41116, 40173, 0, 0, 2, 0, 0, 0, 0, 1, 15, 0, 0, 2, 68, 68, 0, 1, 0, 32, 16, 0, '', 0, 0, 0, 0, 0, 0, 0, 0, 0, 0, 0, 0, 0, 0, 0, 0, 1, 1, 1, '2020-11-24 17:35:05', 0, '', 0, 0, 0, 0, 0, 0, 0, 0, 0, 0, 0, 0, 0, 0, '2020-11-26 17:27:56', '3d531adc-5534-4acb-a574-9bf06310f8ff'),
	('f1f1a96f-5155-4856-8278-e40dd2ede148', 'Kor', '2020-11-26 11:39:50', 0, 0, 80, 60, 80, 50, 60, 60, 60, 60, 0, 0, 0, 104, 100, 60, 0, 100, 100, 'korindar', 200, '2020-11-25 23:19:24', '2020-11-25 23:29:35', NULL, '4a4b6e79-fe3a-4d09-87e5-cc8e15f59d30', 0, 5, 2, 22, 2, 20633, 20633, 100, 0, 804804, 725847, 4686, 802869, 726016, 4699, 100, 1399, 0, 0, 0, 0, 0, 0, 0, 3109, 191, 27, 0, 0, 0, 0, '1|1;2|1;3|1;4|1;6|1;7|1;8|1;9|1;10|1;11|1;12|1;13|1;14|1;15|1', 'Sprint|0;Weaponry: Staves|0;Weaponry: Hammers|0;Weaponry: Axes|0;MidArmor|4;Weaponry: Swords|0;Tireless|0;Weaponry: Thrown|0;Shield|3', 'Axe|1;Hammer|1;Sword|1;Parry|1;Thrown Weapons|1;Shields|1', '', '', '', '', '', 0, 0, 0, 1, 0, 1, 0, 8, 607, -9223372036854775808, 0, 0, 2, 0, 0, 1, 0, 1, 15, 0, 0, 2, 68, 68, 0, 0, 0, 16, 0, 0, '', 0, 0, 0, 0, 0, 0, 0, 0, 0, 0, 0, 0, 0, 0, 0, 0, 1, 1, 1, '2020-11-25 23:19:24', 0, '', 0, 0, 0, 0, 0, 0, 0, 0, 0, 0, 0, 0, 0, 0, '2020-11-26 16:39:50', '454e3692-3d51-49cc-a9fd-32166f6cb88d'),
	('8470cee2-2e55-4bfb-bfe7-ea186e2c2a59', 'Kor', '2020-11-26 11:40:10', 0, 0, 80, 50, 80, 50, 60, 60, 60, 70, 0, 0, 0, 0, 100, 0, 0, 100, 100, 'korindar', 200, '2020-11-26 11:40:04', '2020-11-26 11:40:04', NULL, '4a4b6e79-fe3a-4d09-87e5-cc8e15f59d30', 0, 5, 1, 24, 2, 20633, 20633, 100, 0, 802869, 726016, 4699, 802869, 726016, 4699, 100, 1399, 0, 0, 0, 0, 0, 0, 0, 1399, 191, 0, 0, 0, 0, 0, '1|1;2|1;3|1;4|1;6|1;7|1;8|1;9|1;10|1;11|1;12|1;13|1;14|1;15|1', '', '', '', '', '', '', '', 0, 0, 0, 1, 0, 1, 0, 8, 0, -9223372036854775808, 0, 0, 2, 0, 0, 1, 0, 1, 15, 0, 0, 2, 68, 68, 0, 0, 0, 16, 0, 0, '', 0, 0, 0, 0, 0, 0, 0, 0, 0, 0, 0, 0, 0, 0, 0, 0, 1, 1, 1, '2020-11-26 11:40:04', 0, '', 0, 0, 0, 0, 0, 0, 0, 0, 0, 0, 0, 0, 0, 0, '2020-11-26 16:40:10', 'd9f2fea2-a418-4441-9d19-128b926d1057');
/*!40000 ALTER TABLE `dolcharactersbackup` ENABLE KEYS */;

-- Dumping structure for table soidaoc.dolcharactersbackupxcustomparam
DROP TABLE IF EXISTS `dolcharactersbackupxcustomparam`;
CREATE TABLE IF NOT EXISTS `dolcharactersbackupxcustomparam` (
  `DOLCharactersObjectId` varchar(255) NOT NULL,
  `KeyName` varchar(100) NOT NULL,
  `Value` varchar(255) DEFAULT NULL,
  `CustomParamID` int(11) NOT NULL AUTO_INCREMENT,
  `LastTimeRowUpdated` datetime NOT NULL DEFAULT '2000-01-01 00:00:00',
  PRIMARY KEY (`CustomParamID`),
  KEY `I_DOLCharactersBackupXCustomParam_DOLCharactersObjectId` (`DOLCharactersObjectId`),
  KEY `I_DOLCharactersBackupXCustomParam_KeyName` (`KeyName`)
) ENGINE=InnoDB DEFAULT CHARSET=utf8;

-- Dumping data for table soidaoc.dolcharactersbackupxcustomparam: ~0 rows (approximately)
DELETE FROM `dolcharactersbackupxcustomparam`;
/*!40000 ALTER TABLE `dolcharactersbackupxcustomparam` DISABLE KEYS */;
/*!40000 ALTER TABLE `dolcharactersbackupxcustomparam` ENABLE KEYS */;

-- Dumping structure for table soidaoc.dolcharactersxcustomparam
DROP TABLE IF EXISTS `dolcharactersxcustomparam`;
CREATE TABLE IF NOT EXISTS `dolcharactersxcustomparam` (
  `DOLCharactersObjectId` varchar(255) NOT NULL,
  `KeyName` varchar(100) NOT NULL,
  `Value` varchar(255) DEFAULT NULL,
  `CustomParamID` int(11) NOT NULL AUTO_INCREMENT,
  `LastTimeRowUpdated` datetime NOT NULL DEFAULT '2000-01-01 00:00:00',
  PRIMARY KEY (`CustomParamID`),
  KEY `I_DOLCharactersXCustomParam_DOLCharactersObjectId` (`DOLCharactersObjectId`),
  KEY `I_DOLCharactersXCustomParam_KeyName` (`KeyName`)
) ENGINE=InnoDB DEFAULT CHARSET=utf8;

-- Dumping data for table soidaoc.dolcharactersxcustomparam: ~0 rows (approximately)
DELETE FROM `dolcharactersxcustomparam`;
/*!40000 ALTER TABLE `dolcharactersxcustomparam` DISABLE KEYS */;
/*!40000 ALTER TABLE `dolcharactersxcustomparam` ENABLE KEYS */;

-- Dumping structure for table soidaoc.guild
DROP TABLE IF EXISTS `guild`;
CREATE TABLE IF NOT EXISTS `guild` (
  `GuildID` varchar(255) DEFAULT NULL,
  `GuildName` varchar(255) DEFAULT NULL,
  `Realm` tinyint(3) unsigned DEFAULT NULL,
  `GuildBanner` tinyint(1) DEFAULT NULL,
  `GuildBannerLostTime` datetime NOT NULL DEFAULT '2000-01-01 00:00:00',
  `Motd` text DEFAULT NULL,
  `oMotd` text DEFAULT NULL,
  `AllianceID` varchar(255) DEFAULT NULL,
  `Emblem` int(11) DEFAULT NULL,
  `RealmPoints` bigint(20) DEFAULT NULL,
  `BountyPoints` bigint(20) DEFAULT NULL,
  `Webpage` text DEFAULT NULL,
  `Email` text DEFAULT NULL,
  `Dues` tinyint(1) DEFAULT NULL,
  `Bank` double DEFAULT NULL,
  `DuesPercent` bigint(20) DEFAULT NULL,
  `HaveGuildHouse` tinyint(1) NOT NULL DEFAULT 0,
  `GuildHouseNumber` int(11) NOT NULL DEFAULT 0,
  `GuildLevel` bigint(20) DEFAULT NULL,
  `BonusType` tinyint(3) unsigned DEFAULT NULL,
  `BonusStartTime` datetime NOT NULL DEFAULT '2000-01-01 00:00:00',
  `MeritPoints` bigint(20) NOT NULL DEFAULT 0,
  `LastTimeRowUpdated` datetime NOT NULL DEFAULT '2000-01-01 00:00:00',
  `Guild_ID` varchar(255) NOT NULL,
  PRIMARY KEY (`Guild_ID`),
  UNIQUE KEY `U_Guild_GuildID` (`GuildID`),
  KEY `I_Guild_GuildName` (`GuildName`),
  KEY `I_Guild_AllianceID` (`AllianceID`)
) ENGINE=InnoDB DEFAULT CHARSET=utf8;

-- Dumping data for table soidaoc.guild: ~5 rows (approximately)
DELETE FROM `guild`;
/*!40000 ALTER TABLE `guild` DISABLE KEYS */;
INSERT INTO `guild` (`GuildID`, `GuildName`, `Realm`, `GuildBanner`, `GuildBannerLostTime`, `Motd`, `oMotd`, `AllianceID`, `Emblem`, `RealmPoints`, `BountyPoints`, `Webpage`, `Email`, `Dues`, `Bank`, `DuesPercent`, `HaveGuildHouse`, `GuildHouseNumber`, `GuildLevel`, `BonusType`, `BonusStartTime`, `MeritPoints`, `LastTimeRowUpdated`, `Guild_ID`) VALUES
	('4a4b6e79-fe3a-4d09-87e5-cc8e15f59d30', 'Midgard Newbie Guild', 2, 0, '2000-01-01 00:00:00', 'Use /gu <text> to talk in this starter guild.', 'Type /gc quit to leave this starter guild.', NULL, 0, 0, 0, '', '', 0, 0, 0, 0, 0, 0, 0, '2000-01-01 00:00:00', 1103, '2020-11-26 17:30:44', '0d209a26-c11e-473a-bef0-4450abfc43d3'),
	('4aa92a81-4b7c-4cb4-85cf-51522db5680d', 'Celestial Empire', 3, 0, '2000-01-01 00:00:00', NULL, NULL, NULL, 125760, 0, 0, '', '', 0, 0, 0, 0, 0, 0, 0, '2000-01-01 00:00:00', 3909, '2020-11-26 05:56:31', '1d9dd319-45db-4bcc-bb2b-367a0770b876'),
	('1b58e5c6-007a-40e2-8548-b7eb5a2d8649', 'Albion Newbie Guild', 1, 0, '2000-01-01 00:00:00', 'Use /gu <text> to talk in this starter guild.', 'Type /gc quit to leave this starter guild.', NULL, 0, 0, 0, '', '', 0, 0, 0, 0, 0, 0, 0, '2000-01-01 00:00:00', 116, '2020-11-26 16:39:39', '7ca3a187-89b7-4db7-8982-7c95b27b5f18'),
	('984013fa-2647-4cae-8f9e-e905d58e5627', 'Hibernia Newbie Guild', 3, 0, '2000-01-01 00:00:00', 'Use /gu <text> to talk in this starter guild.', 'Type /gc quit to leave this starter guild.', NULL, 0, 0, 0, '', '', 0, 0, 0, 0, 0, 0, 0, '2000-01-01 00:00:00', 0, '2020-11-25 07:56:15', 'eca63cb6-c700-4743-98bd-9d243b9865d6'),
	('ea8535ac-4249-43ce-ae92-780a4c315a74', 'The Curse', 2, 0, '2000-01-01 00:00:00', NULL, NULL, NULL, 98104, 0, 0, '', '', 0, 0, 0, 0, 0, 0, 0, '2000-01-01 00:00:00', 558, '2020-11-26 17:32:32', 'ff943e72-4d8b-45fe-9dfe-cbbbc2e80138');
/*!40000 ALTER TABLE `guild` ENABLE KEYS */;

-- Dumping structure for table soidaoc.guildalliance
DROP TABLE IF EXISTS `guildalliance`;
CREATE TABLE IF NOT EXISTS `guildalliance` (
  `AllianceName` text DEFAULT NULL,
  `Motd` text DEFAULT NULL,
  `LeaderGuildID` varchar(255) DEFAULT NULL,
  `LastTimeRowUpdated` datetime NOT NULL DEFAULT '2000-01-01 00:00:00',
  `GuildAlliance_ID` varchar(255) NOT NULL,
  PRIMARY KEY (`GuildAlliance_ID`),
  UNIQUE KEY `U_GuildAlliance_LeaderGuildID` (`LeaderGuildID`)
) ENGINE=InnoDB DEFAULT CHARSET=utf8;

-- Dumping data for table soidaoc.guildalliance: ~0 rows (approximately)
DELETE FROM `guildalliance`;
/*!40000 ALTER TABLE `guildalliance` DISABLE KEYS */;
/*!40000 ALTER TABLE `guildalliance` ENABLE KEYS */;

-- Dumping structure for table soidaoc.guildrank
DROP TABLE IF EXISTS `guildrank`;
CREATE TABLE IF NOT EXISTS `guildrank` (
  `GuildID` varchar(255) DEFAULT NULL,
  `Title` text DEFAULT NULL,
  `RankLevel` tinyint(3) unsigned DEFAULT NULL,
  `Alli` tinyint(1) DEFAULT NULL,
  `Emblem` tinyint(1) DEFAULT NULL,
  `Buff` tinyint(1) DEFAULT NULL,
  `GcHear` tinyint(1) DEFAULT NULL,
  `GcSpeak` tinyint(1) DEFAULT NULL,
  `OcHear` tinyint(1) DEFAULT NULL,
  `OcSpeak` tinyint(1) DEFAULT NULL,
  `AcHear` tinyint(1) DEFAULT NULL,
  `AcSpeak` tinyint(1) DEFAULT NULL,
  `Invite` tinyint(1) DEFAULT NULL,
  `Promote` tinyint(1) DEFAULT NULL,
  `Remove` tinyint(1) DEFAULT NULL,
  `View` tinyint(1) DEFAULT NULL,
  `Claim` tinyint(1) DEFAULT NULL,
  `Upgrade` tinyint(1) DEFAULT NULL,
  `Release` tinyint(1) DEFAULT NULL,
  `Dues` tinyint(1) DEFAULT NULL,
  `Withdraw` tinyint(1) DEFAULT NULL,
  `LastTimeRowUpdated` datetime NOT NULL DEFAULT '2000-01-01 00:00:00',
  `GuildRank_ID` varchar(255) NOT NULL,
  PRIMARY KEY (`GuildRank_ID`),
  KEY `I_GuildRank_GuildID` (`GuildID`)
) ENGINE=InnoDB DEFAULT CHARSET=utf8;

-- Dumping data for table soidaoc.guildrank: ~50 rows (approximately)
DELETE FROM `guildrank`;
/*!40000 ALTER TABLE `guildrank` DISABLE KEYS */;
INSERT INTO `guildrank` (`GuildID`, `Title`, `RankLevel`, `Alli`, `Emblem`, `Buff`, `GcHear`, `GcSpeak`, `OcHear`, `OcSpeak`, `AcHear`, `AcSpeak`, `Invite`, `Promote`, `Remove`, `View`, `Claim`, `Upgrade`, `Release`, `Dues`, `Withdraw`, `LastTimeRowUpdated`, `GuildRank_ID`) VALUES
	('1b58e5c6-007a-40e2-8548-b7eb5a2d8649', 'Rank 3', 3, 0, 1, 0, 1, 1, 1, 1, 1, 1, 0, 0, 0, 1, 0, 0, 0, 0, 0, '2020-11-24 22:20:38', '06eb0759-e90c-41f6-9228-7c4909f79191'),
	('4aa92a81-4b7c-4cb4-85cf-51522db5680d', 'Rank 9', 9, 0, 0, 0, 1, 0, 0, 0, 0, 0, 0, 0, 0, 0, 0, 0, 0, 0, 0, '2020-11-24 22:58:49', '07d596a7-50a6-430d-90e2-70f64a8d6533'),
	('4aa92a81-4b7c-4cb4-85cf-51522db5680d', 'Rank 3', 3, 0, 1, 0, 1, 1, 1, 1, 1, 1, 0, 0, 0, 1, 0, 0, 0, 0, 0, '2020-11-24 22:58:49', '0a31e29b-8f9c-4f30-852f-371866397f87'),
	('4a4b6e79-fe3a-4d09-87e5-cc8e15f59d30', 'Rank 1', 1, 0, 1, 0, 1, 1, 1, 1, 1, 1, 1, 1, 0, 1, 1, 1, 1, 0, 0, '2020-11-24 22:20:38', '1239f37e-904c-411b-bb74-1f96000c4f69'),
	('1b58e5c6-007a-40e2-8548-b7eb5a2d8649', 'Rank 6', 6, 0, 1, 0, 1, 1, 0, 0, 1, 0, 0, 0, 0, 1, 0, 0, 0, 0, 0, '2020-11-24 22:20:38', '171f4de5-7742-478b-9941-84ae66fffc6c'),
	('4aa92a81-4b7c-4cb4-85cf-51522db5680d', 'Rank 2', 2, 0, 1, 0, 1, 1, 1, 1, 1, 1, 1, 1, 0, 1, 0, 0, 0, 0, 0, '2020-11-24 22:58:49', '17844da9-36e0-4cad-a6ae-70f2452acb16'),
	('1b58e5c6-007a-40e2-8548-b7eb5a2d8649', 'Rank 7', 7, 0, 1, 0, 1, 1, 0, 0, 0, 0, 0, 0, 0, 1, 0, 0, 0, 0, 0, '2020-11-24 22:20:38', '17a61ccc-389b-4147-b8a8-93767a813d32'),
	('1b58e5c6-007a-40e2-8548-b7eb5a2d8649', 'Rank 2', 2, 0, 1, 0, 1, 1, 1, 1, 1, 1, 1, 1, 0, 1, 0, 0, 0, 0, 0, '2020-11-24 22:20:38', '2852a073-ccc4-4386-ba22-01b354e59570'),
	('ea8535ac-4249-43ce-ae92-780a4c315a74', 'Rank 4', 4, 0, 1, 0, 1, 1, 1, 0, 1, 1, 0, 0, 0, 1, 0, 0, 0, 0, 0, '2020-11-25 22:34:50', '28f3ee42-499a-4f49-ba29-569bf4aebc3c'),
	('984013fa-2647-4cae-8f9e-e905d58e5627', 'Rank 3', 3, 0, 1, 0, 1, 1, 1, 1, 1, 1, 0, 0, 0, 1, 0, 0, 0, 0, 0, '2020-11-24 22:20:38', '28f443e6-3e38-4d4c-8703-c1cac93f924a'),
	('4a4b6e79-fe3a-4d09-87e5-cc8e15f59d30', 'Rank 7', 7, 0, 1, 0, 1, 1, 0, 0, 0, 0, 0, 0, 0, 1, 0, 0, 0, 0, 0, '2020-11-24 22:20:38', '30eb4d4b-53c9-4ee4-b433-199c65da360c'),
	('1b58e5c6-007a-40e2-8548-b7eb5a2d8649', 'Rank 5', 5, 0, 1, 0, 1, 1, 0, 0, 1, 1, 0, 0, 0, 1, 0, 0, 0, 0, 0, '2020-11-24 22:20:38', '33068e2b-838f-46ae-a882-3dc655239d77'),
	('4aa92a81-4b7c-4cb4-85cf-51522db5680d', 'Rank 1', 1, 0, 1, 0, 1, 1, 1, 1, 1, 1, 1, 1, 0, 1, 1, 1, 1, 0, 0, '2020-11-24 22:58:49', '3ed859bb-1900-4d5d-95e3-2134e7c6cb9b'),
	('4a4b6e79-fe3a-4d09-87e5-cc8e15f59d30', 'Rank 4', 4, 0, 1, 0, 1, 1, 1, 0, 1, 1, 0, 0, 0, 1, 0, 0, 0, 0, 0, '2020-11-24 22:20:38', '3fdf8920-0a13-4539-afe1-7dd311fe3f6b'),
	('4aa92a81-4b7c-4cb4-85cf-51522db5680d', 'Rank 8', 8, 0, 0, 0, 1, 1, 0, 0, 0, 0, 0, 0, 0, 1, 0, 0, 0, 0, 0, '2020-11-24 22:58:49', '4b56124f-ca99-4dfa-8ffb-e5bf623442fc'),
	('1b58e5c6-007a-40e2-8548-b7eb5a2d8649', 'Rank 1', 1, 0, 1, 0, 1, 1, 1, 1, 1, 1, 1, 1, 0, 1, 1, 1, 1, 0, 0, '2020-11-24 22:20:38', '50bd55d3-6300-4328-bbd7-0946092bb62e'),
	('984013fa-2647-4cae-8f9e-e905d58e5627', 'Rank 4', 4, 0, 1, 0, 1, 1, 1, 0, 1, 1, 0, 0, 0, 1, 0, 0, 0, 0, 0, '2020-11-24 22:20:38', '52e4e6ea-e165-4c49-bd2e-d49a39e9da90'),
	('984013fa-2647-4cae-8f9e-e905d58e5627', 'Rank 5', 5, 0, 1, 0, 1, 1, 0, 0, 1, 1, 0, 0, 0, 1, 0, 0, 0, 0, 0, '2020-11-24 22:20:38', '5324e0ea-bfbe-416d-9fc8-1187fbd3024c'),
	('ea8535ac-4249-43ce-ae92-780a4c315a74', 'Rank 7', 7, 0, 1, 0, 1, 1, 0, 0, 0, 0, 0, 0, 0, 1, 0, 0, 0, 0, 0, '2020-11-25 22:34:50', '5a404f6e-3d67-48ab-9f22-95f697f7142c'),
	('984013fa-2647-4cae-8f9e-e905d58e5627', 'Initiate', 8, 0, 0, 0, 1, 1, 1, 0, 0, 0, 0, 0, 0, 1, 0, 0, 0, 0, 0, '2020-11-24 22:30:25', '5e9b58d2-04f3-4af4-9106-079e09801ce3'),
	('ea8535ac-4249-43ce-ae92-780a4c315a74', 'Rank 1', 1, 0, 1, 0, 1, 1, 1, 1, 1, 1, 1, 1, 0, 1, 1, 1, 1, 0, 0, '2020-11-25 22:34:50', '6e8540c4-2880-4c10-b525-5963855ba80a'),
	('4a4b6e79-fe3a-4d09-87e5-cc8e15f59d30', 'Rank 2', 2, 0, 1, 0, 1, 1, 1, 1, 1, 1, 1, 1, 0, 1, 0, 0, 0, 0, 0, '2020-11-24 22:20:38', '6f49bdb7-1e39-496c-a73e-0437758d7a34'),
	('4aa92a81-4b7c-4cb4-85cf-51522db5680d', 'Rank 6', 6, 0, 1, 0, 1, 1, 0, 0, 1, 0, 0, 0, 0, 1, 0, 0, 0, 0, 0, '2020-11-24 22:58:49', '745dafff-2e13-420a-a960-464d963d0f50'),
	('1b58e5c6-007a-40e2-8548-b7eb5a2d8649', 'Rank 9', 9, 0, 0, 0, 1, 0, 0, 0, 0, 0, 0, 0, 0, 0, 0, 0, 0, 0, 0, '2020-11-24 22:20:38', '7c05cfe7-0935-4d30-afda-38d162283c0a'),
	('ea8535ac-4249-43ce-ae92-780a4c315a74', 'Rank 6', 6, 0, 1, 0, 1, 1, 0, 0, 1, 0, 0, 0, 0, 1, 0, 0, 0, 0, 0, '2020-11-25 22:34:50', '7d7dd7e0-c0db-41a0-b26e-7a259b78bf9b'),
	('4a4b6e79-fe3a-4d09-87e5-cc8e15f59d30', 'Guildmaster', 0, 1, 1, 1, 1, 1, 1, 1, 1, 1, 1, 1, 1, 1, 1, 1, 1, 1, 1, '2020-11-24 22:20:38', '81de235e-4004-46b4-b285-e387dc9adb2b'),
	('4a4b6e79-fe3a-4d09-87e5-cc8e15f59d30', 'Rank 9', 9, 0, 0, 0, 1, 0, 0, 0, 0, 0, 0, 0, 0, 0, 0, 0, 0, 0, 0, '2020-11-24 22:20:38', '83f5313e-1526-46d4-b70a-296ff5a35faf'),
	('ea8535ac-4249-43ce-ae92-780a4c315a74', 'Rank 8', 8, 0, 0, 0, 1, 1, 0, 0, 0, 0, 0, 0, 0, 1, 0, 0, 0, 0, 0, '2020-11-25 22:34:50', '8bd334ac-0c73-4bdc-b4cd-6117c67372aa'),
	('4aa92a81-4b7c-4cb4-85cf-51522db5680d', 'Rank 7', 7, 0, 1, 0, 1, 1, 0, 0, 0, 0, 0, 0, 0, 1, 0, 0, 0, 0, 0, '2020-11-24 22:58:49', '90d2f071-879f-4a04-b489-34b28944f1d2'),
	('4a4b6e79-fe3a-4d09-87e5-cc8e15f59d30', 'Initiate', 8, 0, 0, 0, 1, 1, 1, 0, 0, 0, 0, 0, 0, 1, 0, 0, 0, 0, 0, '2020-11-24 22:30:25', '9184d72f-9673-4ee8-b882-20042b01bc78'),
	('1b58e5c6-007a-40e2-8548-b7eb5a2d8649', 'Initiate', 8, 0, 0, 0, 1, 1, 1, 0, 0, 0, 0, 0, 0, 1, 0, 0, 0, 0, 0, '2020-11-24 22:30:25', '92aa0842-794d-4ccb-ab62-147cf12a1bbc'),
	('ea8535ac-4249-43ce-ae92-780a4c315a74', 'Guildmaster', 0, 1, 1, 1, 1, 1, 1, 1, 1, 1, 1, 1, 1, 1, 1, 1, 1, 1, 1, '2020-11-25 22:34:50', '9a640841-3036-428d-b032-70bf3d92686c'),
	('1b58e5c6-007a-40e2-8548-b7eb5a2d8649', 'Rank 4', 4, 0, 1, 0, 1, 1, 1, 0, 1, 1, 0, 0, 0, 1, 0, 0, 0, 0, 0, '2020-11-24 22:20:38', 'a3b17f8a-9134-41cc-80cf-bad263d55ea2'),
	('ea8535ac-4249-43ce-ae92-780a4c315a74', 'Rank 9', 9, 0, 0, 0, 1, 0, 0, 0, 0, 0, 0, 0, 0, 0, 0, 0, 0, 0, 0, '2020-11-25 22:34:50', 'a97ac29a-a336-4078-998d-a2607169eff0'),
	('ea8535ac-4249-43ce-ae92-780a4c315a74', 'Rank 5', 5, 0, 1, 0, 1, 1, 0, 0, 1, 1, 0, 0, 0, 1, 0, 0, 0, 0, 0, '2020-11-25 22:34:50', 'aa64b8d5-df56-458d-8a60-9fb894386003'),
	('984013fa-2647-4cae-8f9e-e905d58e5627', 'Rank 9', 9, 0, 0, 0, 1, 0, 0, 0, 0, 0, 0, 0, 0, 0, 0, 0, 0, 0, 0, '2020-11-24 22:20:38', 'aeb2a65d-9e87-4779-aeac-1fa5f325d9cd'),
	('ea8535ac-4249-43ce-ae92-780a4c315a74', 'Rank 3', 3, 0, 1, 0, 1, 1, 1, 1, 1, 1, 0, 0, 0, 1, 0, 0, 0, 0, 0, '2020-11-25 22:34:50', 'bb608164-cc09-4ac7-ad74-1f298cb047f5'),
	('4aa92a81-4b7c-4cb4-85cf-51522db5680d', 'Rank 5', 5, 0, 1, 0, 1, 1, 0, 0, 1, 1, 0, 0, 0, 1, 0, 0, 0, 0, 0, '2020-11-24 22:58:49', 'bd95513a-fe09-459a-9cd6-4587fb99af1b'),
	('1b58e5c6-007a-40e2-8548-b7eb5a2d8649', 'Guildmaster', 0, 1, 1, 1, 1, 1, 1, 1, 1, 1, 1, 1, 1, 1, 1, 1, 1, 1, 1, '2020-11-24 22:20:38', 'c319c5a8-a755-4ff5-885e-2c1674a2adc7'),
	('984013fa-2647-4cae-8f9e-e905d58e5627', 'Rank 7', 7, 0, 1, 0, 1, 1, 0, 0, 0, 0, 0, 0, 0, 1, 0, 0, 0, 0, 0, '2020-11-24 22:20:38', 'c7e84150-bf4a-4b25-9021-a488ee6fce6c'),
	('4a4b6e79-fe3a-4d09-87e5-cc8e15f59d30', 'Rank 3', 3, 0, 1, 0, 1, 1, 1, 1, 1, 1, 0, 0, 0, 1, 0, 0, 0, 0, 0, '2020-11-24 22:20:38', 'cac8d0b0-a0db-4ab5-b6e6-d08f87639919'),
	('984013fa-2647-4cae-8f9e-e905d58e5627', 'Rank 2', 2, 0, 1, 0, 1, 1, 1, 1, 1, 1, 1, 1, 0, 1, 0, 0, 0, 0, 0, '2020-11-24 22:20:38', 'cf918581-e177-4448-a04a-503df45ade75'),
	('984013fa-2647-4cae-8f9e-e905d58e5627', 'Rank 6', 6, 0, 1, 0, 1, 1, 0, 0, 1, 0, 0, 0, 0, 1, 0, 0, 0, 0, 0, '2020-11-24 22:20:38', 'd3cea609-595b-464f-9188-1e6ce19c2e37'),
	('4a4b6e79-fe3a-4d09-87e5-cc8e15f59d30', 'Rank 6', 6, 0, 1, 0, 1, 1, 0, 0, 1, 0, 0, 0, 0, 1, 0, 0, 0, 0, 0, '2020-11-24 22:20:38', 'd3f666bb-5154-4ce4-90ff-3a9723ccc859'),
	('984013fa-2647-4cae-8f9e-e905d58e5627', 'Rank 1', 1, 0, 1, 0, 1, 1, 1, 1, 1, 1, 1, 1, 0, 1, 1, 1, 1, 0, 0, '2020-11-24 22:20:38', 'd45e3440-21d0-4fd9-a2b8-8dd80ed726c3'),
	('4aa92a81-4b7c-4cb4-85cf-51522db5680d', 'Guildmaster', 0, 1, 1, 1, 1, 1, 1, 1, 1, 1, 1, 1, 1, 1, 1, 1, 1, 1, 1, '2020-11-24 22:58:49', 'dbeeea68-28b7-4bbe-b6d9-58e0f12d9383'),
	('4a4b6e79-fe3a-4d09-87e5-cc8e15f59d30', 'Rank 5', 5, 0, 1, 0, 1, 1, 0, 0, 1, 1, 0, 0, 0, 1, 0, 0, 0, 0, 0, '2020-11-24 22:20:38', 'e178fd3f-0b79-4172-94ed-1bf4c9a730d0'),
	('4aa92a81-4b7c-4cb4-85cf-51522db5680d', 'Rank 4', 4, 0, 1, 0, 1, 1, 1, 0, 1, 1, 0, 0, 0, 1, 0, 0, 0, 0, 0, '2020-11-24 22:58:49', 'e649ecc5-83de-4c6b-9015-a9a6c1850595'),
	('984013fa-2647-4cae-8f9e-e905d58e5627', 'Guildmaster', 0, 1, 1, 1, 1, 1, 1, 1, 1, 1, 1, 1, 1, 1, 1, 1, 1, 1, 1, '2020-11-24 22:20:38', 'f2000613-e9e5-4cef-9a2d-0a120758f6a0'),
	('ea8535ac-4249-43ce-ae92-780a4c315a74', 'Rank 2', 2, 0, 1, 0, 1, 1, 1, 1, 1, 1, 1, 1, 0, 1, 0, 0, 0, 0, 0, '2020-11-25 22:34:50', 'fa31e044-1c03-477a-ba46-fbd4b85d28f2');
/*!40000 ALTER TABLE `guildrank` ENABLE KEYS */;

-- Dumping structure for table soidaoc.inventory
DROP TABLE IF EXISTS `inventory`;
CREATE TABLE IF NOT EXISTS `inventory` (
  `OwnerID` varchar(255) NOT NULL,
  `OwnerLot` smallint(5) unsigned DEFAULT NULL,
  `ITemplate_Id` varchar(255) DEFAULT NULL,
  `UTemplate_Id` varchar(255) DEFAULT NULL,
  `IsCrafted` tinyint(1) DEFAULT NULL,
  `Creator` text DEFAULT NULL,
  `SlotPosition` int(11) DEFAULT NULL,
  `Count` int(11) DEFAULT NULL,
  `SellPrice` int(11) DEFAULT NULL,
  `Experience` bigint(20) DEFAULT NULL,
  `Color` int(11) DEFAULT NULL,
  `Emblem` int(11) DEFAULT NULL,
  `Extension` tinyint(3) unsigned DEFAULT NULL,
  `Condition` int(11) NOT NULL DEFAULT 0,
  `Durability` int(11) NOT NULL DEFAULT 0,
  `PoisonSpellID` int(11) DEFAULT NULL,
  `PoisonMaxCharges` int(11) DEFAULT NULL,
  `PoisonCharges` int(11) DEFAULT NULL,
  `Charges` int(11) DEFAULT NULL,
  `Charges1` int(11) DEFAULT NULL,
  `Cooldown` int(11) NOT NULL DEFAULT 0,
  `LastTimeRowUpdated` datetime NOT NULL DEFAULT '2000-01-01 00:00:00',
  `Inventory_ID` varchar(255) NOT NULL,
  PRIMARY KEY (`Inventory_ID`),
  KEY `I_Inventory_OwnerID` (`OwnerID`),
  KEY `I_Inventory_ITemplate_Id` (`ITemplate_Id`),
  KEY `I_Inventory_UTemplate_Id` (`UTemplate_Id`),
  KEY `I_Inventory_SlotPosition` (`SlotPosition`)
) ENGINE=InnoDB DEFAULT CHARSET=utf8;

-- Dumping data for table soidaoc.inventory: ~263 rows (approximately)
DELETE FROM `inventory`;
/*!40000 ALTER TABLE `inventory` DISABLE KEYS */;
INSERT INTO `inventory` (`OwnerID`, `OwnerLot`, `ITemplate_Id`, `UTemplate_Id`, `IsCrafted`, `Creator`, `SlotPosition`, `Count`, `SellPrice`, `Experience`, `Color`, `Emblem`, `Extension`, `Condition`, `Durability`, `PoisonSpellID`, `PoisonMaxCharges`, `PoisonCharges`, `Charges`, `Charges1`, `Cooldown`, `LastTimeRowUpdated`, `Inventory_ID`) VALUES
	('bb62869a-62df-431c-963a-1f3364119fc2', 0, 'Tomte_Round_Shield', NULL, 0, 'lair guard', 57, 1, 0, 0, 0, 0, 0, 50000, 50000, 0, 0, 0, 0, 0, 0, '2020-11-26 17:08:19', '00b3cdce-88c5-4e01-99d3-008d6dbd91f2'),
	('1c6c7709-4aaa-4fe0-ad1f-e6436cec9377', 0, 'bronze_studded_boots', NULL, 0, '', 23, 1, 0, 0, 0, 0, 0, 50000, 50000, 0, 0, 0, 0, 0, 0, '2020-11-25 07:42:00', '01bb5ea1-d871-4dba-8a90-0dba11fdcae7'),
	('f1f1a96f-5155-4856-8278-e40dd2ede148', 0, 'bronze_studded_boots', NULL, 0, '', 23, 1, 0, 0, 0, 0, 0, 50000, 50000, 0, 0, 0, 0, 0, 0, '2020-11-26 04:22:28', '01c48bb8-7981-4f21-9bcd-6a8f527fc6ff'),
	('bb62869a-62df-431c-963a-1f3364119fc2', 0, 'Tomte_Leather_Leggings', NULL, 0, 'lair guard', 56, 1, 0, 0, 0, 0, 3, 50000, 50000, 0, 0, 0, 0, 0, 0, '2020-11-26 17:07:29', '0291dbfc-2e2e-4611-a658-f9dcde496c09'),
	('6791c867-0b4d-42c1-aec0-8f2d6507e17f', 0, 'Personal_Bind_Recall_Stone', NULL, 0, '', 40, 1, 0, 0, 0, 0, 1, 50000, 50000, 0, 0, 0, 0, 0, 679, '2020-11-26 05:48:29', '02d8f3f4-8090-487b-abc7-b9682a59664d'),
	('4637c4a3-acca-40b1-84c9-22dfaf5f0340', 0, 'molvik_dagger_hib', NULL, 0, '', 11, 1, 0, 0, 70, 0, 0, 49851, 50000, 0, 0, 0, 0, 0, 0, '2020-11-26 05:31:55', '03b75741-eb56-4597-bc48-a2067334165e'),
	('2737e7a5-fd3c-44db-ba68-a45acd08fea1', 0, 'BonedancerEpicBoots', NULL, 0, '', 23, 1, 0, 0, 0, 0, 0, 50000, 50000, 0, 0, 0, 0, 0, 0, '2020-11-26 17:30:52', '040cc704-6caf-4446-b631-f7cabd1423fa'),
	('3b9667d3-9834-499b-a213-c6a6982cae84', 0, 'rawhide_roman_leather_jerkin', NULL, 0, '', 25, 1, 0, 0, 0, 0, 0, 50000, 50000, 0, 0, 0, 0, 0, 0, '2020-11-26 17:23:20', '04381c0a-3218-47a1-9360-b3f82d73702b'),
	('cbf9ff31-1201-4cba-b6aa-061e575a0812', 0, 'molvik_cloth_legs', NULL, 0, '', 27, 1, 0, 0, 73, 0, 0, 50000, 50000, 0, 0, 0, 0, 0, 0, '2020-11-26 05:26:29', '04cbea50-0255-43df-8922-5d6f77bede3b'),
	('27cde3a3-5cee-4a91-a48f-b1896293ab13', 0, 'rawhide_roman_leather_boots', NULL, 0, NULL, 23, 1, 0, 0, 0, 0, 0, 50000, 50000, 0, 0, 0, 0, 0, 0, '2020-11-24 22:43:46', '05cc73cd-2f6a-4bb7-ad78-34c70a58c1e9'),
	('739fb6fe-209e-4672-80f1-3009af8b0b81', 0, 'small_training_shield', NULL, 0, '', 11, 1, 0, 0, 0, 0, 0, 50000, 50000, 0, 0, 0, 0, 0, 0, '2020-11-26 00:44:49', '062535cb-6dc8-41da-b3ca-d7574092077c'),
	('bb62869a-62df-431c-963a-1f3364119fc2', 0, 'Ring_of_Hatred', NULL, 0, 'lair guard', 35, 1, 0, 0, 0, 0, 0, 50000, 50000, 0, 0, 0, 0, 0, 0, '2020-11-26 16:56:53', '069688fa-d9f7-4c86-932a-9ee64c0e8727'),
	('bb62869a-62df-431c-963a-1f3364119fc2', 0, 'bronze_studded_gauntlets', NULL, 0, '', 45, 1, 0, 0, 0, 0, 0, 49999, 50000, 0, 0, 0, 0, 0, 0, '2020-11-26 16:53:47', '072e43d2-19c2-4b5a-a782-dcf879602f6f'),
	('739fb6fe-209e-4672-80f1-3009af8b0b81', 0, 'training_axe', NULL, 0, '', 10, 1, 0, 0, 0, 0, 0, 50000, 50000, 0, 0, 0, 0, 0, 0, '2020-11-26 00:44:49', '07a37df3-4797-4983-927e-b0e08f99ff0f'),
	('ab405454-175d-4a0c-9bff-502107a33e0f', 0, 'bronze_studded_gauntlets', NULL, 0, '', 22, 1, 0, 0, 0, 0, 0, 50000, 50000, 0, 0, 0, 0, 0, 0, '2020-11-24 22:57:06', '080628fb-2311-4b89-9d33-a0a54e3761fc'),
	('bb62869a-62df-431c-963a-1f3364119fc2', 0, 'Starter_Cloak', NULL, 0, NULL, 26, 1, 0, 0, 0, 0, 0, 1, 1, 0, 0, 0, 0, 0, 0, '2020-11-26 16:40:52', '0b94e198-023f-499d-967e-96d8163f4ed5'),
	('28779d4b-1012-4f5e-80d6-f5e65c886895', 0, 'practice_dirk', NULL, 0, NULL, 10, 1, 0, 0, 0, 0, 0, 50000, 50000, 0, 0, 0, 0, 0, 0, '2020-11-24 22:44:48', '0bc30ccf-a3bb-4eb1-9304-8453be86d1b0'),
	('0306b258-9fa2-4133-87d0-15c94b355dde', 0, 'bronze_studded_gauntlets', NULL, 0, '', 22, 1, 0, 0, 0, 0, 0, 50000, 50000, 0, 0, 0, 0, 0, 0, '2020-11-26 17:22:03', '0ca85d72-f9f7-4e02-b636-ba8dd50f935f'),
	('8470cee2-2e55-4bfb-bfe7-ea186e2c2a59', 0, 'bronze_studded_arms', NULL, 0, NULL, 28, 1, 0, 0, 0, 0, 0, 50000, 50000, 0, 0, 0, 0, 0, 0, '2020-11-26 16:40:04', '0cc1382b-a16e-4d43-85d2-e37eba14c0be'),
	('1183687b-926b-4462-aef1-1386cb65932a', 0, 'Bracer_of_Valor', NULL, 0, 'rattling skeleton', 33, 1, 0, 0, 0, 0, 0, 50000, 50000, 0, 0, 0, 0, 0, 0, '2020-11-26 17:26:31', '0e994661-1a42-4930-aa41-5dd4a96e4289'),
	('28779d4b-1012-4f5e-80d6-f5e65c886895', 0, 'rawhide_roman_leather_jerkin', NULL, 0, NULL, 25, 1, 0, 0, 0, 0, 0, 50000, 50000, 0, 0, 0, 0, 0, 0, '2020-11-24 22:44:48', '0f2136a0-d752-4fc3-8f33-c63c07f9f986'),
	('739fb6fe-209e-4672-80f1-3009af8b0b81', 0, 'bronze_studded_boots', NULL, 0, '', 23, 1, 0, 0, 0, 0, 0, 50000, 50000, 0, 0, 0, 0, 0, 0, '2020-11-26 00:44:49', '11a27b56-bca4-48a6-b696-d8549b179085'),
	('2737e7a5-fd3c-44db-ba68-a45acd08fea1', 0, 'BonedancerEpicLegs', NULL, 0, '', 27, 1, 0, 0, 0, 0, 0, 50000, 50000, 0, 0, 0, 0, 0, 0, '2020-11-26 17:30:52', '11c04029-65d5-4bc2-a2cf-6fbb8264ede3'),
	('642d135a-2b33-4114-8a27-33cea066fdfb', 0, 'molvik_chain_legs_hib', NULL, 0, '', 27, 1, 0, 0, 73, 0, 0, 50000, 50000, 0, 0, 0, 0, 0, 0, '2020-11-26 04:26:25', '12d55c1d-c7a6-478d-ac61-b722a4725281'),
	('24d4994b-1df6-40b5-8942-fa8d5b666acb', 0, 'practice_sword', NULL, 0, NULL, 10, 1, 0, 0, 0, 0, 0, 50000, 50000, 0, 0, 0, 0, 0, 0, '2020-11-24 22:43:02', '13b2c9d8-72b4-4154-8f40-a3d6adc049a9'),
	('62619664-3bd5-4ff0-b487-9f4070a4c58e', 0, 'woolen_cloth_pants', NULL, 0, '', 27, 1, 0, 0, 0, 0, 0, 50000, 50000, 0, 0, 0, 0, 0, 0, '2020-11-26 16:36:45', '13c8f6e0-61a8-4451-afa1-4739a343d7b7'),
	('cbf9ff31-1201-4cba-b6aa-061e575a0812', 0, 'molvik_cloth_helm_hib', NULL, 0, '', 21, 1, 0, 0, 73, 0, 0, 49998, 50000, 0, 0, 0, 0, 0, 0, '2020-11-26 05:36:30', '149d506e-598d-4b2d-b060-e2fe5a9d0440'),
	('62619664-3bd5-4ff0-b487-9f4070a4c58e', 0, 'woolen_cloth_boots', NULL, 0, '', 23, 1, 0, 0, 0, 0, 0, 50000, 50000, 0, 0, 0, 0, 0, 0, '2020-11-26 16:36:45', '159f7ef6-90c2-457b-a6d2-d2ac10a1c614'),
	('520b9710-10b7-42c3-9d2d-b32e47b9e741', 0, 'small_training_shield', NULL, 0, '', 11, 1, 0, 0, 0, 0, 0, 50000, 50000, 0, 0, 0, 0, 0, 0, '2020-11-26 17:29:29', '15b9836b-ce8c-4af3-bfc6-7148c1a306b9'),
	('c46ed86b-2a83-4261-bca3-f17ed736b52c', 0, 'training_hammer', NULL, 0, '', 10, 1, 0, 0, 0, 0, 0, 50000, 50000, 0, 0, 0, 0, 0, 0, '2020-11-26 17:34:12', '169ea16b-a8ad-4b99-970c-d34d8bc09c20'),
	('bb62869a-62df-431c-963a-1f3364119fc2', 0, 'small_training_shield', NULL, 0, '', 49, 1, 0, 0, 0, 0, 0, 49993, 50000, 0, 0, 0, 0, 0, 0, '2020-11-26 17:01:37', '170ac274-58f6-40c1-abb8-fc7e7497b1ce'),
	('f1f1a96f-5155-4856-8278-e40dd2ede148', 0, 'training_axe', NULL, 0, '', 10, 1, 0, 0, 0, 0, 0, 49989, 50000, 0, 0, 0, 0, 0, 0, '2020-11-26 04:26:25', '17ad23f5-19b6-4447-8668-94dea4c24d54'),
	('520b9710-10b7-42c3-9d2d-b32e47b9e741', 0, 'bronze_studded_gauntlets', NULL, 0, '', 22, 1, 0, 0, 0, 0, 0, 50000, 50000, 0, 0, 0, 0, 0, 0, '2020-11-26 17:29:29', '17c6e2ef-9199-4290-968c-f643817a4d61'),
	('0306b258-9fa2-4133-87d0-15c94b355dde', 0, 'bronze_studded_arms', NULL, 0, '', 28, 1, 0, 0, 0, 0, 0, 50000, 50000, 0, 0, 0, 0, 0, 0, '2020-11-26 17:22:03', '18e6b113-7a66-4297-a197-3f96c3a87831'),
	('642d135a-2b33-4114-8a27-33cea066fdfb', 0, 'DufytsNecklaceofUltimatePower', NULL, 0, '', 29, 1, 0, 0, 0, 0, 0, 50000, 50000, 0, 0, 0, 0, 0, 0, '2020-11-26 04:26:25', '1aec1f40-d692-43bf-a929-1ff6a9a54954'),
	('2737e7a5-fd3c-44db-ba68-a45acd08fea1', 0, 'BonedancerEpicVest', NULL, 0, '', 25, 1, 0, 0, 0, 0, 0, 50000, 50000, 0, 0, 0, 0, 0, 0, '2020-11-26 17:30:52', '1c10edb8-7a05-4a88-9d76-ddd9907e516c'),
	('bb62869a-62df-431c-963a-1f3364119fc2', 0, 'Tomte_War_Hammer', NULL, 0, 'lair guard', 10, 1, 0, 0, 0, 0, 0, 49966, 50000, 0, 0, 0, 0, 0, 0, '2020-11-26 17:16:00', '1edcce10-a029-4cae-8ca5-86510b270663'),
	('bb62869a-62df-431c-963a-1f3364119fc2', 0, 'Tomte_Round_Shield', NULL, 0, 'lair guard', 11, 1, 0, 0, 0, 0, 0, 49997, 50000, 0, 0, 0, 0, 0, 0, '2020-11-26 17:13:14', '1ee79045-1fa8-489d-b761-211291b4924d'),
	('4637c4a3-acca-40b1-84c9-22dfaf5f0340', 0, 'TornCloakofPower', NULL, 0, '', 26, 1, 0, 0, 0, 125760, 0, 50000, 50000, 0, 0, 0, 0, 0, 0, '2020-11-26 04:16:24', '21b8f2be-e2dc-4c43-9abb-8aa81a4483c7'),
	('f1f1a96f-5155-4856-8278-e40dd2ede148', 0, 'bronze_studded_legs', NULL, 0, '', 27, 1, 0, 0, 0, 0, 0, 49996, 50000, 0, 0, 0, 0, 0, 0, '2020-11-26 04:26:25', '23476444-065c-42cc-a4a8-004ff5a93a85'),
	('5321acd6-ce18-4773-aade-0b308ab49e23', 0, 'training_staff', NULL, 0, '', 12, 1, 0, 0, 0, 0, 0, 50000, 50000, 0, 0, 0, 0, 0, 0, '2020-11-25 07:51:30', '25bea5ec-7674-42d2-8db0-0d100be93099'),
	('62619664-3bd5-4ff0-b487-9f4070a4c58e', 0, 'Woolen_Torn_Boots_alb', NULL, 0, 'bandit hopeful', 45, 1, 0, 0, 0, 0, 0, 50000, 50000, 0, 0, 0, 0, 0, 0, '2020-11-26 16:37:01', '25c60f63-0563-4c9c-84d7-8d9e9d2a470d'),
	('52945ac4-d886-4d6c-a259-df29dd158201', 0, 'woolen_cloth_gloves', NULL, 0, NULL, 22, 1, 0, 0, 0, 0, 0, 50000, 50000, 0, 0, 0, 0, 0, 0, '2020-11-24 22:45:22', '27595c65-681e-4323-a415-c2ac1ed4619c'),
	('ab405454-175d-4a0c-9bff-502107a33e0f', 0, 'bronze_studded_legs', NULL, 0, '', 27, 1, 0, 0, 0, 0, 0, 50000, 50000, 0, 0, 0, 0, 0, 0, '2020-11-24 22:57:06', '283af82f-1d0f-4b55-b699-cf91862ef47a'),
	('4637c4a3-acca-40b1-84c9-22dfaf5f0340', 0, 'token_many', NULL, 0, NULL, 43, 2, 0, 0, 0, 0, 0, 50000, 50000, 0, 0, 0, 0, 0, 0, '2020-11-26 05:31:55', '29cca678-06c1-488e-adee-d9d856195b13'),
	('642d135a-2b33-4114-8a27-33cea066fdfb', 0, 'TrollstoneRing', NULL, 0, '', 36, 1, 0, 0, 0, 0, 0, 50000, 50000, 0, 0, 0, 0, 0, 0, '2020-11-26 04:26:25', '29d0acb5-d203-4665-9349-6c6f987ea0a9'),
	('642d135a-2b33-4114-8a27-33cea066fdfb', 0, 'molvik_runic_hammer_hib', NULL, 0, '', 10, 1, 0, 0, 70, 0, 0, 49907, 50000, 0, 0, 0, 0, 0, 0, '2020-11-26 04:26:25', '2a423d8e-cdca-40fa-807b-44acd372bbce'),
	('4637c4a3-acca-40b1-84c9-22dfaf5f0340', 0, 'molvik_rapier_hib', NULL, 0, '', 10, 1, 0, 0, 70, 0, 0, 49415, 50000, 0, 0, 0, 0, 0, 0, '2020-11-26 05:31:55', '2c904f2c-3f7c-4986-a016-6d9c9f90e0f2'),
	('0306b258-9fa2-4133-87d0-15c94b355dde', 0, 'small_training_shield', NULL, 0, '', 11, 1, 0, 0, 0, 0, 0, 50000, 50000, 0, 0, 0, 0, 0, 0, '2020-11-26 17:22:03', '2ccddfd7-2561-4f73-a4f4-9ce2ee1cffa2'),
	('ab405454-175d-4a0c-9bff-502107a33e0f', 0, 'training_sword_hib', NULL, 0, '', 10, 1, 0, 0, 0, 0, 0, 50000, 50000, 0, 0, 0, 0, 0, 0, '2020-11-24 22:57:06', '2f592afa-7ab7-48ee-8f9e-ea9a60ad8803'),
	('2737e7a5-fd3c-44db-ba68-a45acd08fea1', 0, 'Dull_Asterite_Hammer', NULL, 0, 'svartalf arbetare', 45, 1, 0, 0, 0, 0, 0, 50000, 50000, 0, 0, 0, 0, 0, 0, '2020-11-26 17:30:52', '308102fa-5454-4fc0-9c37-f89f8dfd6274'),
	('2737e7a5-fd3c-44db-ba68-a45acd08fea1', 0, 'Lustrous_Braided_Silksteel_Leggings', NULL, 0, 'arachite krigare', 51, 1, 0, 0, 85, 0, 0, 50000, 50000, 0, 0, 0, 0, 0, 0, '2020-11-26 17:30:52', '31cc467f-aa27-4834-b6fd-ae8e8dbc40dd'),
	('62619664-3bd5-4ff0-b487-9f4070a4c58e', 0, 'Bronze_Torn_Pants_alb', NULL, 0, 'bandit hopeful', 44, 1, 0, 0, 68, 0, 0, 50000, 50000, 0, 0, 0, 0, 0, 0, '2020-11-26 16:36:45', '322ab9c2-4341-4be9-a21e-83d8d4a5df5d'),
	('bb62869a-62df-431c-963a-1f3364119fc2', 0, 'Personal_Bind_Recall_Stone', NULL, 0, '', 40, 1, 0, 0, 0, 0, 1, 50000, 50000, 0, 0, 0, 0, 0, 0, '2020-11-26 17:16:00', '335d544b-6783-459b-aaea-dc6d974cede8'),
	('8470cee2-2e55-4bfb-bfe7-ea186e2c2a59', 0, 'bronze_studded_vest', NULL, 0, NULL, 25, 1, 0, 0, 0, 0, 0, 50000, 50000, 0, 0, 0, 0, 0, 0, '2020-11-26 16:40:04', '34388c3d-c2cd-474a-ac45-c9aeebca6bb5'),
	('62619664-3bd5-4ff0-b487-9f4070a4c58e', 0, 'woolen_cloth_arms', NULL, 0, '', 28, 1, 0, 0, 0, 0, 0, 50000, 50000, 0, 0, 0, 0, 0, 0, '2020-11-26 16:36:45', '3441baf5-3387-4831-81ba-1a504de81add'),
	('739fb6fe-209e-4672-80f1-3009af8b0b81', 0, 'bronze_studded_gauntlets', NULL, 0, '', 22, 1, 0, 0, 0, 0, 0, 50000, 50000, 0, 0, 0, 0, 0, 0, '2020-11-26 00:44:49', '3564eaed-dc77-4b47-8727-128111b8bbc1'),
	('1c6c7709-4aaa-4fe0-ad1f-e6436cec9377', 0, 'practice_sword', NULL, 0, '', 10, 1, 0, 0, 0, 0, 0, 50000, 50000, 0, 0, 0, 0, 0, 0, '2020-11-25 07:42:00', '35b1bdfe-ea00-41ad-8c67-7fc89b69947c'),
	('3b9667d3-9834-499b-a213-c6a6982cae84', 0, 'training_hammer', NULL, 0, '', 10, 1, 0, 0, 0, 0, 0, 50000, 50000, 0, 0, 0, 0, 0, 0, '2020-11-26 17:23:20', '36510303-9d0b-421b-94ac-155369a08b61'),
	('642d135a-2b33-4114-8a27-33cea066fdfb', 0, 'molvik_chain_vest_hib', NULL, 0, '', 25, 1, 0, 0, 73, 0, 0, 49995, 50000, 0, 0, 0, 0, 0, 0, '2020-11-26 04:56:27', '36f3f6c9-4c18-47f5-a718-4c89bc5c21b7'),
	('c46ed86b-2a83-4261-bca3-f17ed736b52c', 0, 'small_training_shield', NULL, 0, '', 11, 1, 0, 0, 0, 0, 0, 50000, 50000, 0, 0, 0, 0, 0, 0, '2020-11-26 17:34:12', '373fd730-2e6d-4e67-97a0-bf51b95fd3d7'),
	('bb62869a-62df-431c-963a-1f3364119fc2', 0, 'bronze_studded_boots', NULL, 0, '', 42, 1, 0, 0, 0, 0, 0, 50000, 50000, 0, 0, 0, 0, 0, 0, '2020-11-26 16:52:34', '378f8410-4308-4e83-8211-f6ba909ff51f'),
	('62619664-3bd5-4ff0-b487-9f4070a4c58e', 0, 'trimmed_branch', NULL, 0, '', 12, 1, 0, 0, 0, 0, 0, 50000, 50000, 0, 0, 0, 0, 0, 0, '2020-11-26 16:36:45', '380f7e98-8245-4e50-a2ea-8c01d469749e'),
	('2737e7a5-fd3c-44db-ba68-a45acd08fea1', 0, 'EpicCasterStaff', NULL, 0, '', 12, 1, 0, 0, 0, 0, 0, 50000, 50000, 0, 0, 0, 0, 0, 0, '2020-11-26 17:30:52', '38a79ab9-078e-4375-be7f-a6ec2ab69d26'),
	('642d135a-2b33-4114-8a27-33cea066fdfb', 0, 'TrollstoneRing', NULL, 0, '', 35, 1, 0, 0, 0, 0, 0, 50000, 50000, 0, 0, 0, 0, 0, 0, '2020-11-26 04:26:25', '38eb8db6-b4f1-47ea-80e7-883e73aa08af'),
	('8470cee2-2e55-4bfb-bfe7-ea186e2c2a59', 0, 'bronze_studded_boots', NULL, 0, NULL, 23, 1, 0, 0, 0, 0, 0, 50000, 50000, 0, 0, 0, 0, 0, 0, '2020-11-26 16:40:04', '3928280a-6d8e-4f5c-82e4-d2cdf386e6ae'),
	('0306b258-9fa2-4133-87d0-15c94b355dde', 0, 'bronze_studded_boots', NULL, 0, '', 23, 1, 0, 0, 0, 0, 0, 50000, 50000, 0, 0, 0, 0, 0, 0, '2020-11-26 17:22:03', '3a5e11ba-3be6-482b-979c-a1235f6297e1'),
	('1c6c7709-4aaa-4fe0-ad1f-e6436cec9377', 0, 'bronze_studded_gauntlets', NULL, 0, '', 22, 1, 0, 0, 0, 0, 0, 50000, 50000, 0, 0, 0, 0, 0, 0, '2020-11-25 07:42:00', '3b0f982f-3399-4ed3-9512-96cabe3e0fe0'),
	('1c6c7709-4aaa-4fe0-ad1f-e6436cec9377', 0, 'bronze_studded_legs', NULL, 0, '', 27, 1, 0, 0, 0, 0, 0, 50000, 50000, 0, 0, 0, 0, 0, 0, '2020-11-25 07:42:00', '3b15180a-b848-4f7d-8f54-93b028ef3a90'),
	('cbf9ff31-1201-4cba-b6aa-061e575a0812', 0, 'molvik_cloth_boots', NULL, 0, '', 23, 1, 0, 0, 73, 0, 0, 49999, 50000, 0, 0, 0, 0, 0, 0, '2020-11-26 05:26:29', '3c48f8f4-f29f-4a60-b941-ab5dbb08b2ea'),
	('cbf9ff31-1201-4cba-b6aa-061e575a0812', 0, 'SapphireSeal', NULL, 0, '', 41, 21, 0, 0, 0, 0, 0, 50000, 50000, 0, 0, 0, 0, 0, 0, '2020-11-26 05:56:31', '3f4ffddc-412a-4521-bcce-5bce970848a1'),
	('7f669be6-3f23-4e27-8f4a-faaa215f32e0', 0, 'trimmed_branch', NULL, 0, '', 12, 1, 0, 0, 0, 0, 0, 50000, 50000, 0, 0, 0, 0, 0, 0, '2020-11-25 07:44:19', '417acb8d-01a5-4bae-9a41-78a24037a641'),
	('f1f1a96f-5155-4856-8278-e40dd2ede148', 0, 'Personal_Bind_Recall_Stone', NULL, 0, '', 40, 1, 0, 0, 0, 0, 1, 50000, 50000, 0, 0, 0, 0, 0, 0, '2020-11-26 04:29:35', '41b5a25e-3a18-4ee5-ba41-cf7ddc8efccd'),
	('f1f1a96f-5155-4856-8278-e40dd2ede148', 0, 'Starter_Cloak', NULL, 0, NULL, 26, 1, 0, 0, 0, 0, 0, 1, 1, 0, 0, 0, 0, 0, 0, '2020-11-26 04:19:57', '4234d84f-0eed-4690-8254-c11dfda82de7'),
	('bb62869a-62df-431c-963a-1f3364119fc2', 0, 'Tomte_War_Axe', NULL, 0, 'tomte cutthroat', 41, 1, 0, 0, 0, 0, 0, 49992, 50000, 0, 0, 0, 0, 0, 0, '2020-11-26 17:01:01', '423c5ea4-1165-4ff5-8dc0-0c45138f059d'),
	('52945ac4-d886-4d6c-a259-df29dd158201', 0, 'trimmed_branch', NULL, 0, NULL, 12, 1, 0, 0, 0, 0, 0, 50000, 50000, 0, 0, 0, 0, 0, 0, '2020-11-24 22:45:22', '42a51771-936f-4fa6-afd3-5f4843cfd981'),
	('1c6c7709-4aaa-4fe0-ad1f-e6436cec9377', 0, 'small_training_shield', NULL, 0, '', 11, 1, 0, 0, 0, 0, 0, 50000, 50000, 0, 0, 0, 0, 0, 0, '2020-11-25 07:42:00', '44396094-a0ee-43a6-90a9-8364f45e6820'),
	('62619664-3bd5-4ff0-b487-9f4070a4c58e', 0, 'Bronze_Torn_Cap_alb', NULL, 0, 'bandit hopeful', 47, 1, 0, 0, 0, 0, 0, 50000, 50000, 0, 0, 0, 0, 0, 0, '2020-11-26 16:37:42', '4688ef05-6c3e-42c6-a317-7374b5b2841e'),
	('6791c867-0b4d-42c1-aec0-8f2d6507e17f', 0, 'Rawhide_Torn_Vest_alb', NULL, 0, 'bandit recruit', 25, 1, 0, 0, 62, 0, 0, 49997, 50000, 0, 0, 0, 0, 0, 0, '2020-11-26 05:26:29', '47f98fe5-5d2d-4999-a760-958f8ee2f64b'),
	('3b9667d3-9834-499b-a213-c6a6982cae84', 0, 'small_training_shield', NULL, 0, '', 11, 1, 0, 0, 0, 0, 0, 50000, 50000, 0, 0, 0, 0, 0, 0, '2020-11-26 17:23:20', '480c4996-8430-4465-ba4e-40ed286e5eb8'),
	('bb62869a-62df-431c-963a-1f3364119fc2', 0, 'Tomte_Studded_Sleeves', NULL, 0, 'lair guard', 28, 1, 0, 0, 0, 0, 0, 50000, 50000, 0, 0, 0, 0, 0, 0, '2020-11-26 17:00:42', '49baeb57-75e3-4aed-a05c-5f86976bcf74'),
	('62619664-3bd5-4ff0-b487-9f4070a4c58e', 0, 'woolen_cloth_vest', NULL, 0, '', 25, 1, 0, 0, 0, 0, 0, 50000, 50000, 0, 0, 0, 0, 0, 0, '2020-11-26 16:36:45', '4b474f3a-1491-4501-9176-15d5d591c6e1'),
	('5321acd6-ce18-4773-aade-0b308ab49e23', 0, 'woolen_cloth_gloves', NULL, 0, '', 22, 1, 0, 0, 0, 0, 0, 50000, 50000, 0, 0, 0, 0, 0, 0, '2020-11-25 07:51:30', '4b6682f3-0143-4295-bac7-b9de43182973'),
	('2737e7a5-fd3c-44db-ba68-a45acd08fea1', 0, 'Weighted_Asterite_Large_Hammer', NULL, 0, 'svartalf arbetare', 47, 1, 0, 0, 0, 0, 0, 50000, 50000, 0, 0, 0, 0, 0, 0, '2020-11-26 17:30:52', '4e7a99d5-bd64-4088-a996-7c9bcb9042ba'),
	('62619664-3bd5-4ff0-b487-9f4070a4c58e', 0, 'Bronze_Torn_Sleeves_alb', NULL, 0, 'bandit hopeful', 43, 1, 0, 0, 0, 0, 0, 50000, 50000, 0, 0, 0, 0, 0, 0, '2020-11-26 16:36:45', '4f5a4b11-f186-4f31-a92f-87c34eb2a089'),
	('62619664-3bd5-4ff0-b487-9f4070a4c58e', 0, 'Rawhide_Torn_Gloves_alb', NULL, 0, 'bandit hopeful', 42, 1, 0, 0, 61, 0, 0, 50000, 50000, 0, 0, 0, 0, 0, 0, '2020-11-26 16:36:45', '4fc65d13-056f-4136-9332-fa3dab8df8d9'),
	('c46ed86b-2a83-4261-bca3-f17ed736b52c', 0, 'rawhide_roman_leather_jerkin', NULL, 0, '', 25, 1, 0, 0, 0, 0, 0, 49999, 50000, 0, 0, 0, 0, 0, 0, '2020-11-26 17:34:12', '53504484-0239-40d0-92e7-a50f04c092de'),
	('52945ac4-d886-4d6c-a259-df29dd158201', 0, 'woolen_cloth_vest', NULL, 0, NULL, 25, 1, 0, 0, 0, 0, 0, 50000, 50000, 0, 0, 0, 0, 0, 0, '2020-11-24 22:45:22', '55161958-14b6-4691-9447-68abcea20b68'),
	('c46ed86b-2a83-4261-bca3-f17ed736b52c', 0, 'Ring_of_Hatred', NULL, 0, 'lair guard', 35, 1, 0, 0, 0, 0, 0, 50000, 50000, 0, 0, 0, 0, 0, 0, '2020-11-26 17:34:12', '565402cb-c548-4fab-b730-20d33db7c5c1'),
	('cbf9ff31-1201-4cba-b6aa-061e575a0812', 0, 'molvik_staff_hib', NULL, 0, '', 12, 1, 0, 0, 70, 0, 0, 50000, 50000, 0, 0, 0, 0, 0, 0, '2020-11-26 05:26:29', '57039804-d401-437f-83b6-a5ee3d05292b'),
	('27cde3a3-5cee-4a91-a48f-b1896293ab13', 0, 'rawhide_roman_leather_leggings', NULL, 0, NULL, 27, 1, 0, 0, 0, 0, 0, 50000, 50000, 0, 0, 0, 0, 0, 0, '2020-11-24 22:43:46', '573899bd-7e14-4ba2-bb80-0b0c01c7c179'),
	('4637c4a3-acca-40b1-84c9-22dfaf5f0340', 0, 'SapphireSeal', NULL, 0, NULL, 42, 21, 0, 0, 0, 0, 0, 50000, 50000, 0, 0, 0, 0, 0, 0, '2020-11-26 05:56:31', '5a07ccbd-e9ee-4368-895c-b91f57452416'),
	('6791c867-0b4d-42c1-aec0-8f2d6507e17f', 0, 'Old Headsman`s Axe', NULL, 0, 'Mithra initiate', 12, 1, 0, 0, 0, 0, 0, 50000, 50000, 0, 0, 0, 0, 0, 0, '2020-11-26 05:26:29', '5ab54111-62fa-4968-8e41-4f341d93e77f'),
	('bb62869a-62df-431c-963a-1f3364119fc2', 0, 'Tomte_Bow', NULL, 0, 'lair guard', 54, 1, 0, 0, 0, 0, 0, 50000, 50000, 0, 0, 0, 0, 0, 0, '2020-11-26 17:05:44', '5d4c617d-97cd-4742-94b7-1ed293218aca'),
	('cbf9ff31-1201-4cba-b6aa-061e575a0812', 0, 'molvik_cloth_arms', NULL, 0, '', 28, 1, 0, 0, 73, 0, 0, 50000, 50000, 0, 0, 0, 0, 0, 0, '2020-11-26 05:26:29', '60aba40f-cc79-448e-b6c9-897be689cba7'),
	('739fb6fe-209e-4672-80f1-3009af8b0b81', 0, 'bronze_studded_legs', NULL, 0, '', 27, 1, 0, 0, 0, 0, 0, 50000, 50000, 0, 0, 0, 0, 0, 0, '2020-11-26 00:44:49', '6350cedf-8f4d-43c5-87b7-7423ce9cf5cf'),
	('24d4994b-1df6-40b5-8942-fa8d5b666acb', 0, 'bronze_studded_boots', NULL, 0, NULL, 23, 1, 0, 0, 0, 0, 0, 50000, 50000, 0, 0, 0, 0, 0, 0, '2020-11-24 22:43:02', '6394d201-d77a-4859-9d32-f73511df58fb'),
	('6791c867-0b4d-42c1-aec0-8f2d6507e17f', 0, 'bronze_studded_arms', NULL, 0, '', 28, 1, 0, 0, 0, 0, 0, 49996, 50000, 0, 0, 0, 0, 0, 0, '2020-11-26 05:26:29', '65416c29-303c-4b52-b288-bd6110a8e333'),
	('4637c4a3-acca-40b1-84c9-22dfaf5f0340', 0, 'molvik_leather_boots', NULL, 0, '', 23, 1, 0, 0, 73, 0, 0, 49981, 50000, 0, 0, 0, 0, 0, 0, '2020-11-26 05:31:55', '65565400-7d05-47a7-b80a-ecce290fc4f9'),
	('642d135a-2b33-4114-8a27-33cea066fdfb', 0, 'molvik_harp_alb', NULL, 0, '', 12, 1, 0, 0, 67, 0, 0, 50000, 50000, 0, 0, 0, 0, 0, 0, '2020-11-26 04:26:25', '66e7ec71-b70b-412d-bc77-1dd5d7d3b41e'),
	('27cde3a3-5cee-4a91-a48f-b1896293ab13', 0, 'rawhide_roman_leather_sleeves', NULL, 0, NULL, 28, 1, 0, 0, 0, 0, 0, 50000, 50000, 0, 0, 0, 0, 0, 0, '2020-11-24 22:43:46', '67a95806-4060-4fd9-b3df-a49d0cb2d1f0'),
	('28779d4b-1012-4f5e-80d6-f5e65c886895', 0, 'Personal_Bind_Recall_Stone', NULL, 0, NULL, 40, 1, 0, 0, 0, 0, 1, 50000, 50000, 0, 0, 0, 0, 0, 0, '2020-11-24 22:44:48', '686b3a2f-92d0-4352-9aad-83c3aece3516'),
	('f1f1a96f-5155-4856-8278-e40dd2ede148', 0, 'bronze_studded_arms', NULL, 0, '', 28, 1, 0, 0, 0, 0, 0, 50000, 50000, 0, 0, 0, 0, 0, 0, '2020-11-26 04:22:28', '68cd4d5d-3266-4893-ba7a-ab308556d8d1'),
	('24d4994b-1df6-40b5-8942-fa8d5b666acb', 0, 'bronze_studded_arms', NULL, 0, NULL, 28, 1, 0, 0, 0, 0, 0, 50000, 50000, 0, 0, 0, 0, 0, 0, '2020-11-24 22:43:02', '6a7a47b0-a3a3-45ae-b89f-3ee19a01c1c8'),
	('bb62869a-62df-431c-963a-1f3364119fc2', 0, 'Tomte_Rune_Staff', NULL, 0, 'lair guard', 59, 1, 0, 0, 0, 0, 0, 50000, 50000, 0, 0, 0, 0, 0, 0, '2020-11-26 17:10:47', '6d98c2ac-9059-45a0-a1dd-88ebeef5f23f'),
	('7f669be6-3f23-4e27-8f4a-faaa215f32e0', 0, 'Personal_Bind_Recall_Stone', NULL, 0, '', 40, 1, 0, 0, 0, 0, 1, 50000, 50000, 0, 0, 0, 0, 0, 0, '2020-11-25 07:44:19', '6dfbdea0-93ea-449d-9f97-64bb709ef45c'),
	('52945ac4-d886-4d6c-a259-df29dd158201', 0, 'woolen_cloth_boots', NULL, 0, NULL, 23, 1, 0, 0, 0, 0, 0, 50000, 50000, 0, 0, 0, 0, 0, 0, '2020-11-24 22:45:22', '6e4802ba-f4fd-4ade-8fea-0a1bca20d59f'),
	('bb62869a-62df-431c-963a-1f3364119fc2', 0, 'vom_rawhide_torn_sleeves', NULL, 0, 'rattling skeleton', 48, 1, 0, 0, 10, 0, 0, 49999, 50000, 0, 0, 0, 0, 0, 0, '2020-11-26 17:00:42', '6e748573-e22d-42c9-b776-241efe404649'),
	('bb62869a-62df-431c-963a-1f3364119fc2', 0, 'Traitors_Bane', NULL, 0, 'rattling skeleton', 12, 1, 0, 0, 0, 0, 0, 50000, 50000, 0, 0, 0, 0, 0, 0, '2020-11-26 16:43:09', '6ef9ede6-fec8-4779-929a-b9a4bd62a966'),
	('2737e7a5-fd3c-44db-ba68-a45acd08fea1', 0, 'BonedancerEpicGloves', NULL, 0, '', 22, 1, 0, 0, 0, 0, 0, 50000, 50000, 0, 0, 0, 0, 0, 0, '2020-11-26 17:30:52', '6f823eb3-fb4d-499f-ba72-d1f15969a7c4'),
	('739fb6fe-209e-4672-80f1-3009af8b0b81', 0, 'bronze_studded_arms', NULL, 0, '', 28, 1, 0, 0, 0, 0, 0, 50000, 50000, 0, 0, 0, 0, 0, 0, '2020-11-26 00:44:49', '70c1608d-ecdd-4d9d-b40e-e44be69b6363'),
	('2737e7a5-fd3c-44db-ba68-a45acd08fea1', 0, 'BPFull_Buffs_Token', NULL, 0, '', 41, 1, 0, 0, 0, 0, 0, 1, 1, 0, 0, 0, 0, 0, 0, '2020-11-26 17:30:52', '72642a28-488f-42a7-983f-56ede1ab2576'),
	('ab405454-175d-4a0c-9bff-502107a33e0f', 0, 'bronze_studded_arms', NULL, 0, '', 28, 1, 0, 0, 0, 0, 0, 50000, 50000, 0, 0, 0, 0, 0, 0, '2020-11-24 22:57:06', '72cb8149-6780-4023-ad35-8b8c03744f82'),
	('520b9710-10b7-42c3-9d2d-b32e47b9e741', 0, 'bronze_studded_vest', NULL, 0, '', 25, 1, 0, 0, 0, 0, 0, 50000, 50000, 0, 0, 0, 0, 0, 0, '2020-11-26 17:29:29', '73adeebb-b1d7-47a7-a60b-3704d7b5d71e'),
	('1183687b-926b-4462-aef1-1386cb65932a', 0, 'trimmed_branch', NULL, 0, '', 12, 1, 0, 0, 0, 0, 0, 49888, 50000, 0, 0, 0, 0, 0, 0, '2020-11-26 17:26:31', '748227a3-94b2-433b-bbd5-b9797592b58b'),
	('24d4994b-1df6-40b5-8942-fa8d5b666acb', 0, 'bronze_studded_vest', NULL, 0, NULL, 25, 1, 0, 0, 0, 0, 0, 50000, 50000, 0, 0, 0, 0, 0, 0, '2020-11-24 22:43:02', '74e17720-d4fb-46ec-8b97-b4917f9446eb'),
	('642d135a-2b33-4114-8a27-33cea066fdfb', 0, 'SapphireSeal', NULL, 0, NULL, 41, 15, 0, 0, 0, 0, 0, 50000, 50000, 0, 0, 0, 0, 0, 0, '2020-11-26 05:56:31', '7551e6f0-cb7d-455b-9168-92fd553d7394'),
	('1183687b-926b-4462-aef1-1386cb65932a', 0, 'Personal_Bind_Recall_Stone', NULL, 0, '', 40, 1, 0, 0, 0, 0, 1, 50000, 50000, 0, 0, 0, 0, 0, 0, '2020-11-26 17:27:48', '760adb15-8877-4bca-b130-307912865340'),
	('520b9710-10b7-42c3-9d2d-b32e47b9e741', 0, 'bronze_studded_arms', NULL, 0, '', 28, 1, 0, 0, 0, 0, 0, 50000, 50000, 0, 0, 0, 0, 0, 0, '2020-11-26 17:29:29', '76ddcc87-5bff-4ddf-9df8-d3717f7d1238'),
	('28779d4b-1012-4f5e-80d6-f5e65c886895', 0, 'rawhide_roman_leather_boots', NULL, 0, NULL, 23, 1, 0, 0, 0, 0, 0, 50000, 50000, 0, 0, 0, 0, 0, 0, '2020-11-24 22:44:48', '780794ce-fd99-4cee-a9fa-d4d997cb9315'),
	('b80b4719-5422-435f-baae-c9a64bc233b8', 0, 'rawhide_roman_leather_boots', NULL, 0, NULL, 23, 1, 0, 0, 0, 0, 0, 50000, 50000, 0, 0, 0, 0, 0, 0, '2020-11-24 22:47:27', '792ad57f-889b-4fee-84c2-3521bdfb077b'),
	('0306b258-9fa2-4133-87d0-15c94b355dde', 0, 'Personal_Bind_Recall_Stone', NULL, 0, '', 40, 1, 0, 0, 0, 0, 1, 50000, 50000, 0, 0, 0, 0, 0, 0, '2020-11-26 17:23:17', '7cbd0012-7214-44e3-9dd9-46075b5f9e95'),
	('0306b258-9fa2-4133-87d0-15c94b355dde', 0, 'Lost_Memories_Melee', NULL, 0, '', 24, 1, 0, 0, 0, 0, 1, 50000, 50000, 0, 0, 0, 0, 0, 0, '2020-11-26 17:23:17', '7cbd0012-7214-44e3-9dd9-46075b5f9e95za'),
	('3b9667d3-9834-499b-a213-c6a6982cae84', 0, 'Lost_Memories_Caster', NULL, 0, '', 24, 1, 0, 0, 0, 0, 1, 50000, 50000, 0, 0, 0, 0, 0, 0, '2020-11-26 17:23:20', '7cbd0012-7214-44e3-9dd9-46075b5f9e95zaa'),
	('24d4994b-1df6-40b5-8942-fa8d5b666acb', 0, 'Lost_Memories_Melee', NULL, 0, '', 41, 1, 0, 0, 0, 0, 1, 50000, 50000, 0, 0, 0, 0, 0, 0, '2020-11-24 22:36:42', '7cbd0012-7214-44e3-9dd9-46075b5f9e95zh'),
	('27cde3a3-5cee-4a91-a48f-b1896293ab13', 0, 'Lost_Memories_Caster', NULL, 0, '', 41, 1, 0, 0, 0, 0, 1, 50000, 50000, 0, 0, 0, 0, 0, 0, '2020-11-24 22:36:42', '7cbd0012-7214-44e3-9dd9-46075b5f9e95zhh'),
	('ab405454-175d-4a0c-9bff-502107a33e0f', 0, 'Lost_Memories_Melee', NULL, 0, '', 24, 1, 0, 0, 0, 0, 1, 50000, 50000, 0, 0, 0, 0, 0, 0, '2020-11-24 23:01:54', '7cbd0012-7214-44e3-9dd9-46075b5f9e95zm'),
	('b80b4719-5422-435f-baae-c9a64bc233b8', 0, 'Lost_Memories_Caster', NULL, 0, '', 41, 1, 0, 0, 0, 0, 1, 50000, 50000, 0, 0, 0, 0, 0, 0, '2020-11-24 22:36:42', '7cbd0012-7214-44e3-9dd9-46075b5f9e95zmm'),
	('cbf9ff31-1201-4cba-b6aa-061e575a0812', 0, 'Personal_Bind_Recall_Stone', NULL, 0, '', 40, 1, 0, 0, 0, 0, 1, 50000, 50000, 0, 0, 0, 0, 0, 0, '2020-11-26 05:56:31', '7e5f883c-c15a-40ad-91cc-bbb22d5ad439'),
	('28779d4b-1012-4f5e-80d6-f5e65c886895', 0, 'rawhide_roman_leather_sleeves', NULL, 0, NULL, 28, 1, 0, 0, 0, 0, 0, 50000, 50000, 0, 0, 0, 0, 0, 0, '2020-11-24 22:44:48', '7eb72124-a978-4599-b4da-05832d627374'),
	('2737e7a5-fd3c-44db-ba68-a45acd08fea1', 0, 'BonedancerEpicHelm', NULL, 0, '', 42, 1, 0, 0, 0, 0, 0, 50000, 50000, 0, 0, 0, 0, 0, 0, '2020-11-26 17:30:52', '807c8e76-e40c-4e40-bec7-a0d37965cef9'),
	('2737e7a5-fd3c-44db-ba68-a45acd08fea1', 0, 'Brilliant_Weighted_Asterite_Runed_Staff', NULL, 0, 'svartalf arbetare', 44, 1, 0, 0, 0, 0, 0, 50000, 50000, 0, 0, 0, 0, 0, 0, '2020-11-26 17:30:52', '80817adc-8288-4727-a428-d7ff0627a750'),
	('642d135a-2b33-4114-8a27-33cea066fdfb', 0, 'CloakoftheArchEtheralist', NULL, 0, '', 26, 1, 0, 0, 0, 125760, 0, 50000, 50000, 0, 0, 0, 0, 0, 0, '2020-11-26 04:26:25', '81111968-8587-4908-a62c-870ae54e5201'),
	('62619664-3bd5-4ff0-b487-9f4070a4c58e', 0, 'Personal_Bind_Recall_Stone', NULL, 0, '', 40, 1, 0, 0, 0, 0, 1, 50000, 50000, 0, 0, 0, 0, 0, 0, '2020-11-26 16:39:02', '811c7be0-474c-46b6-8980-4d96cc7ce923'),
	('4637c4a3-acca-40b1-84c9-22dfaf5f0340', 0, 'lesser_lethal_venom', NULL, 0, '', 41, 74, 0, 0, 0, 0, 0, 50000, 50000, 30029, 1, 1, 1, 0, 0, '2020-11-26 05:31:55', '83cdb25e-9e90-40d5-880b-cc0081cb09d9'),
	('4637c4a3-acca-40b1-84c9-22dfaf5f0340', 0, 'TrollstoneRing', NULL, 0, '', 36, 1, 0, 0, 0, 0, 0, 50000, 50000, 0, 0, 0, 0, 0, 0, '2020-11-26 04:16:24', '8455724d-2764-4b0c-bb1d-5a4ce580d4bf'),
	('27cde3a3-5cee-4a91-a48f-b1896293ab13', 0, 'rawhide_roman_leather_jerkin', NULL, 0, NULL, 25, 1, 0, 0, 0, 0, 0, 50000, 50000, 0, 0, 0, 0, 0, 0, '2020-11-24 22:43:46', '864c4de0-e656-41de-9cd0-7918e9909570'),
	('7f669be6-3f23-4e27-8f4a-faaa215f32e0', 0, 'woolen_cloth_vest', NULL, 0, '', 25, 1, 0, 0, 0, 0, 0, 50000, 50000, 0, 0, 0, 0, 0, 0, '2020-11-25 07:44:19', '879517d1-6c70-4d7c-9319-e41a2d20ac2d'),
	('2737e7a5-fd3c-44db-ba68-a45acd08fea1', 0, '2_LLGT_1hSword', NULL, 0, 'blindsnake', 49, 1, 0, 0, 0, 0, 0, 50000, 50000, 0, 0, 0, 0, 0, 0, '2020-11-26 17:30:52', '87bc7df6-dbee-46aa-ac89-69f14781ce79'),
	('739fb6fe-209e-4672-80f1-3009af8b0b81', 0, 'Personal_Bind_Recall_Stone', NULL, 0, '', 40, 1, 0, 0, 0, 0, 1, 50000, 50000, 0, 0, 0, 0, 0, 0, '2020-11-26 00:44:49', '889a13c4-2cf6-4df0-a012-92f7802248ad'),
	('ab405454-175d-4a0c-9bff-502107a33e0f', 0, 'Personal_Bind_Recall_Stone', NULL, 0, '', 40, 1, 0, 0, 0, 0, 1, 50000, 50000, 0, 0, 0, 0, 0, 0, '2020-11-24 23:01:54', '8a31f5f2-0362-445a-b647-aef5c69843be'),
	('ab405454-175d-4a0c-9bff-502107a33e0f', 0, 'bronze_studded_vest', NULL, 0, '', 25, 1, 0, 0, 0, 0, 0, 50000, 50000, 0, 0, 0, 0, 0, 0, '2020-11-24 22:57:06', '8ab2e493-2554-4278-8ef8-03c188d38233'),
	('3b9667d3-9834-499b-a213-c6a6982cae84', 0, 'rawhide_roman_leather_sleeves', NULL, 0, '', 28, 1, 0, 0, 0, 0, 0, 50000, 50000, 0, 0, 0, 0, 0, 0, '2020-11-26 17:23:20', '8b5c5db2-9879-4a30-95ea-8e41499c7f07'),
	('8470cee2-2e55-4bfb-bfe7-ea186e2c2a59', 0, 'training_axe', NULL, 0, NULL, 10, 1, 0, 0, 0, 0, 0, 50000, 50000, 0, 0, 0, 0, 0, 0, '2020-11-26 16:40:04', '8c8ec5c4-c366-4ed7-83c5-bab4482892dc'),
	('bb62869a-62df-431c-963a-1f3364119fc2', 0, 'Tomte_Leather_Jerkin', NULL, 0, 'tomte cutthroat', 25, 1, 0, 0, 0, 0, 0, 49991, 50000, 0, 0, 0, 0, 0, 0, '2020-11-26 17:09:41', '8d7711bd-3701-4eb0-9ff1-7e64b8301ddd'),
	('b80b4719-5422-435f-baae-c9a64bc233b8', 0, 'rawhide_roman_leather_leggings', NULL, 0, NULL, 27, 1, 0, 0, 0, 0, 0, 50000, 50000, 0, 0, 0, 0, 0, 0, '2020-11-24 22:47:27', '8e5ff8d0-ca94-480c-be9b-faf708aa5653'),
	('b80b4719-5422-435f-baae-c9a64bc233b8', 0, 'rawhide_roman_leather_gloves', NULL, 0, NULL, 22, 1, 0, 0, 0, 0, 0, 50000, 50000, 0, 0, 0, 0, 0, 0, '2020-11-24 22:47:27', '8e855cd1-086c-4021-94ef-f2137670282e'),
	('f1f1a96f-5155-4856-8278-e40dd2ede148', 0, 'bronze_studded_gauntlets', NULL, 0, '', 22, 1, 0, 0, 0, 0, 0, 50000, 50000, 0, 0, 0, 0, 0, 0, '2020-11-26 04:22:28', '8fdef0c6-8562-4e0f-b737-faa9542ad30a'),
	('27cde3a3-5cee-4a91-a48f-b1896293ab13', 0, 'Personal_Bind_Recall_Stone', NULL, 0, NULL, 40, 1, 0, 0, 0, 0, 1, 50000, 50000, 0, 0, 0, 0, 0, 0, '2020-11-24 22:43:46', '907052eb-c31d-4e15-be19-37cc89dcf716'),
	('4637c4a3-acca-40b1-84c9-22dfaf5f0340', 0, 'TheShoesBracer', NULL, 0, '', 33, 1, 0, 0, 0, 0, 0, 50000, 50000, 0, 0, 0, 0, 0, 0, '2020-11-26 04:16:24', '9216ca3c-1fb2-42b1-8844-7df7735e7fbc'),
	('27cde3a3-5cee-4a91-a48f-b1896293ab13', 0, 'rawhide_roman_leather_gloves', NULL, 0, NULL, 22, 1, 0, 0, 0, 0, 0, 50000, 50000, 0, 0, 0, 0, 0, 0, '2020-11-24 22:43:46', '927d88e2-0e8e-4f29-bae2-757f6d49e6b3'),
	('bb62869a-62df-431c-963a-1f3364119fc2', 0, 'RawhideTornVest', NULL, 0, 'rattling skeleton', 43, 1, 0, 0, 62, 0, 0, 49998, 50000, 0, 0, 0, 0, 0, 0, '2020-11-26 16:52:48', '93f36f84-dacc-4dbc-b583-18ea2c3d4a9f'),
	('c46ed86b-2a83-4261-bca3-f17ed736b52c', 0, 'rawhide_roman_leather_boots', NULL, 0, '', 23, 1, 0, 0, 0, 0, 0, 50000, 50000, 0, 0, 0, 0, 0, 0, '2020-11-26 17:34:12', '93fe2343-bbd6-4375-984a-c163cde5a2d0'),
	('f1f1a96f-5155-4856-8278-e40dd2ede148', 0, 'small_training_shield', NULL, 0, '', 11, 1, 0, 0, 0, 0, 0, 49996, 50000, 0, 0, 0, 0, 0, 0, '2020-11-26 04:26:25', '94837af7-d934-4107-89eb-cb6b7a19c092'),
	('4637c4a3-acca-40b1-84c9-22dfaf5f0340', 0, 'Personal_Bind_Recall_Stone', NULL, 0, '', 40, 1, 0, 0, 0, 0, 1, 50000, 50000, 0, 0, 0, 0, 0, 0, '2020-11-26 05:56:31', '94ae5794-4354-4d65-a762-a735d99cae68'),
	('4637c4a3-acca-40b1-84c9-22dfaf5f0340', 0, 'YraerynsBracer', NULL, 0, '', 34, 1, 0, 0, 0, 0, 0, 50000, 50000, 0, 0, 0, 0, 0, 0, '2020-11-26 04:16:24', '953fb757-ee82-4e2a-bd7f-a0e3ee5c0999'),
	('bb62869a-62df-431c-963a-1f3364119fc2', 0, 'Bracer_of_Malevolence', NULL, 0, 'lair guard', 33, 1, 0, 0, 0, 0, 0, 50000, 50000, 0, 0, 0, 0, 0, 0, '2020-11-26 16:55:14', '9ac562e7-8849-44c6-b957-de2e880a1017'),
	('c46ed86b-2a83-4261-bca3-f17ed736b52c', 0, 'rawhide_roman_leather_gloves', NULL, 0, '', 22, 1, 0, 0, 0, 0, 0, 50000, 50000, 0, 0, 0, 0, 0, 0, '2020-11-26 17:34:12', '9b6b149c-6869-4aae-8d13-c3ed3ff4943d'),
	('3b9667d3-9834-499b-a213-c6a6982cae84', 0, 'rawhide_roman_leather_leggings', NULL, 0, '', 27, 1, 0, 0, 0, 0, 0, 50000, 50000, 0, 0, 0, 0, 0, 0, '2020-11-26 17:23:20', '9c08403f-b82b-4046-bd6b-301baaef4e47'),
	('24d4994b-1df6-40b5-8942-fa8d5b666acb', 0, 'bronze_studded_gauntlets', NULL, 0, NULL, 22, 1, 0, 0, 0, 0, 0, 50000, 50000, 0, 0, 0, 0, 0, 0, '2020-11-24 22:43:02', '9d1dd9d0-550f-44b5-8cc2-385566d80d13'),
	('6791c867-0b4d-42c1-aec0-8f2d6507e17f', 0, 'Starter_Cloak', NULL, 0, '', 26, 1, 0, 0, 0, 0, 0, 1, 1, 0, 0, 0, 0, 0, 0, '2020-11-26 05:26:29', '9e345abc-9ccd-4000-aa03-3f990adef9cb'),
	('520b9710-10b7-42c3-9d2d-b32e47b9e741', 0, 'bronze_studded_legs', NULL, 0, '', 27, 1, 0, 0, 0, 0, 0, 50000, 50000, 0, 0, 0, 0, 0, 0, '2020-11-26 17:29:29', 'a0036bdd-f8d7-4fcc-9aa6-e7898e6d8d9d'),
	('b80b4719-5422-435f-baae-c9a64bc233b8', 0, 'Personal_Bind_Recall_Stone', NULL, 0, NULL, 40, 1, 0, 0, 0, 0, 1, 50000, 50000, 0, 0, 0, 0, 0, 0, '2020-11-24 22:47:27', 'a0ad1fc0-5929-4f24-b33d-3a171ec12425'),
	('c46ed86b-2a83-4261-bca3-f17ed736b52c', 0, 'rawhide_roman_leather_leggings', NULL, 0, '', 27, 1, 0, 0, 0, 0, 0, 50000, 50000, 0, 0, 0, 0, 0, 0, '2020-11-26 17:34:12', 'a15cca34-4650-4258-bfda-da2c2563056d'),
	('0306b258-9fa2-4133-87d0-15c94b355dde', 0, 'bronze_studded_vest', NULL, 0, '', 25, 1, 0, 0, 0, 0, 0, 50000, 50000, 0, 0, 0, 0, 0, 0, '2020-11-26 17:22:03', 'a1f1a996-eff2-4dd5-b832-ca6a2bd6031a'),
	('28779d4b-1012-4f5e-80d6-f5e65c886895', 0, 'scout_item', NULL, 0, NULL, 13, 1, 0, 0, 0, 0, 0, 50000, 50000, 0, 0, 0, 0, 0, 0, '2020-11-24 22:44:48', 'a21116f6-1d51-4166-ab0a-5aaa9fd18fd3'),
	('bb62869a-62df-431c-963a-1f3364119fc2', 0, 'Tomte_Studded_Helm', NULL, 0, 'lair guard', 46, 1, 0, 0, 0, 0, 0, 50000, 50000, 0, 0, 0, 0, 0, 0, '2020-11-26 16:56:10', 'a5ffb4fb-d43e-47c5-b6bb-c56337265257'),
	('4637c4a3-acca-40b1-84c9-22dfaf5f0340', 0, 'molvik_leather_gloves', NULL, 0, '', 22, 1, 0, 0, 73, 0, 0, 49985, 50000, 0, 0, 0, 0, 0, 0, '2020-11-26 04:16:24', 'a7d3e7df-eee5-4c02-a6d7-bb5f48212d40'),
	('cbf9ff31-1201-4cba-b6aa-061e575a0812', 0, 'molvik_cloth_vest', NULL, 0, '', 25, 1, 0, 0, 73, 0, 0, 49998, 50000, 0, 0, 0, 0, 0, 0, '2020-11-26 05:26:29', 'ab65f55a-32ae-4187-9116-b96fbc77cedd'),
	('4637c4a3-acca-40b1-84c9-22dfaf5f0340', 0, 'molvik_leather_vest', NULL, 0, '', 25, 1, 0, 0, 73, 0, 0, 49901, 50000, 0, 0, 0, 0, 0, 0, '2020-11-26 05:31:55', 'ac5960d4-7ccb-482b-bece-331f433ed905'),
	('bb62869a-62df-431c-963a-1f3364119fc2', 0, 'Tomte_Padded_Gloves', NULL, 0, 'lair guard', 62, 1, 0, 0, 0, 0, 0, 50000, 50000, 0, 0, 0, 0, 0, 0, '2020-11-26 17:13:41', 'aebc284e-7a51-4346-ba35-46830fa902de'),
	('5321acd6-ce18-4773-aade-0b308ab49e23', 0, 'woolen_cloth_pants', NULL, 0, '', 27, 1, 0, 0, 0, 0, 0, 50000, 50000, 0, 0, 0, 0, 0, 0, '2020-11-25 07:51:30', 'afb6a239-c914-4002-905f-a96a4ee901f5'),
	('1183687b-926b-4462-aef1-1386cb65932a', 0, 'woolen_cloth_boots', NULL, 0, '', 23, 1, 0, 0, 0, 0, 0, 49999, 50000, 0, 0, 0, 0, 0, 0, '2020-11-26 17:26:31', 'b00808bb-878e-46ec-9f81-b9c342a56fe5'),
	('f1f1a96f-5155-4856-8278-e40dd2ede148', 0, 'Bronze_Torn_Cap', NULL, 0, 'rattling skeleton', 21, 1, 0, 0, 0, 0, 0, 50000, 50000, 0, 0, 0, 0, 0, 0, '2020-11-26 04:21:47', 'b01fcbdb-2e27-4802-aff2-2a18e577ec2b'),
	('28779d4b-1012-4f5e-80d6-f5e65c886895', 0, 'rawhide_roman_leather_gloves', NULL, 0, NULL, 22, 1, 0, 0, 0, 0, 0, 50000, 50000, 0, 0, 0, 0, 0, 0, '2020-11-24 22:44:48', 'b1352a07-135b-4eca-b4fd-f66fba656acf'),
	('4637c4a3-acca-40b1-84c9-22dfaf5f0340', 0, 'NysyksNecklaceofNiceties', NULL, 0, '', 29, 1, 0, 0, 0, 0, 0, 50000, 50000, 0, 0, 0, 0, 0, 0, '2020-11-26 04:16:24', 'b14c680b-fc14-4262-9518-d110a2a17542'),
	('2737e7a5-fd3c-44db-ba68-a45acd08fea1', 0, 'BonedancerEpicArms', NULL, 0, '', 28, 1, 0, 0, 0, 0, 0, 50000, 50000, 0, 0, 0, 0, 0, 0, '2020-11-26 17:30:52', 'b16cd8d8-b8b8-4812-bc26-cdf6b877fcb6'),
	('8470cee2-2e55-4bfb-bfe7-ea186e2c2a59', 0, 'bronze_studded_legs', NULL, 0, NULL, 27, 1, 0, 0, 0, 0, 0, 50000, 50000, 0, 0, 0, 0, 0, 0, '2020-11-26 16:40:04', 'b4e29a9b-7996-4389-bc49-ccd07f86bc62'),
	('0306b258-9fa2-4133-87d0-15c94b355dde', 0, 'bronze_studded_legs', NULL, 0, '', 27, 1, 0, 0, 0, 0, 0, 50000, 50000, 0, 0, 0, 0, 0, 0, '2020-11-26 17:22:03', 'b5453a79-cd23-4172-bdeb-53c38f347b34'),
	('6791c867-0b4d-42c1-aec0-8f2d6507e17f', 0, 'practice_sword', NULL, 0, '', 10, 1, 0, 0, 0, 0, 0, 49962, 50000, 0, 0, 0, 0, 0, 0, '2020-11-26 05:46:30', 'b55c5823-3b96-4114-a85d-1c9c3d112b75'),
	('2737e7a5-fd3c-44db-ba68-a45acd08fea1', 0, 'Dull_Asterite_Runed_Staff', NULL, 0, 'svartalf arbetare', 48, 1, 0, 0, 0, 0, 0, 50000, 50000, 0, 0, 0, 0, 0, 0, '2020-11-26 17:30:52', 'b5edb1b9-be24-4208-9cf5-f9e4e7e11c72'),
	('f1f1a96f-5155-4856-8278-e40dd2ede148', 0, 'Black_Mauler_Cub_Pelt', NULL, 0, 'black mauler cub', 41, 1, 0, 0, 0, 0, 0, 50000, 50000, 0, 0, 0, 0, 0, 0, '2020-11-26 04:23:43', 'b6211691-3f9e-46ec-bdfe-42248ef8fe29'),
	('7f669be6-3f23-4e27-8f4a-faaa215f32e0', 0, 'woolen_cloth_pants', NULL, 0, '', 27, 1, 0, 0, 0, 0, 0, 50000, 50000, 0, 0, 0, 0, 0, 0, '2020-11-25 07:44:19', 'b6add47b-dd46-45fd-9e8a-5a565019ba31'),
	('0306b258-9fa2-4133-87d0-15c94b355dde', 0, 'training_axe', NULL, 0, '', 10, 1, 0, 0, 0, 0, 0, 50000, 50000, 0, 0, 0, 0, 0, 0, '2020-11-26 17:22:03', 'b80a0732-938b-4f78-9860-d051c804a1eb'),
	('ab405454-175d-4a0c-9bff-502107a33e0f', 0, 'bronze_studded_boots', NULL, 0, '', 23, 1, 0, 0, 0, 0, 0, 50000, 50000, 0, 0, 0, 0, 0, 0, '2020-11-24 22:57:06', 'b82eb978-55d1-4bd5-a70a-a91989d083b5'),
	('4637c4a3-acca-40b1-84c9-22dfaf5f0340', 0, 'Lost_Memories_Melee', NULL, 0, '', 24, 1, 0, 500218658, 0, 0, 0, 50000, 50000, 0, 0, 0, 0, 0, 0, '2020-11-26 05:56:31', 'b887sdu8f-9xxz9zs9-s008-kljdkljlx908098'),
	('4637c4a3-acca-40b1-84c9-22dfaf5f0340', 0, 'Ring_of_Unyielding_Will', NULL, 0, '', 35, 1, 0, 500218658, 0, 0, 0, 50000, 50000, 0, 0, 0, 0, 0, 0, '2020-11-26 05:56:31', 'b887sdu8f-9xxz9zs9-s008-kljdkljlx90809x'),
	('4637c4a3-acca-40b1-84c9-22dfaf5f0340', 0, 'Orions_Belt_Melee', NULL, 0, '', 32, 1, 0, 500218658, 0, 0, 0, 50000, 50000, 0, 0, 0, 0, 0, 0, '2020-11-26 05:56:31', 'b887sdu8f-9xxz9zs9-s008-kljdkljlx90809z'),
	('bb62869a-62df-431c-963a-1f3364119fc2', 0, 'Tomte_Bow', NULL, 0, 'lair guard', 58, 1, 0, 0, 0, 0, 0, 50000, 50000, 0, 0, 0, 0, 0, 0, '2020-11-26 17:09:34', 'b8b879ff-6f5b-42e8-b81e-4b95c9f4e2d1'),
	('2737e7a5-fd3c-44db-ba68-a45acd08fea1', 0, 'Weighted_Asterite_Large_Hammer', NULL, 0, 'svartalf arbetare', 46, 1, 0, 0, 0, 0, 0, 50000, 50000, 0, 0, 0, 0, 0, 0, '2020-11-26 17:30:52', 'b99b1c32-3cee-4429-8699-d335e28c18b7'),
	('6791c867-0b4d-42c1-aec0-8f2d6507e17f', 0, 'small_training_shield', NULL, 0, '', 11, 1, 0, 0, 0, 0, 0, 49993, 50000, 0, 0, 0, 0, 0, 0, '2020-11-26 05:26:29', 'b9c56e77-49bb-4e2e-9925-af0ccfd9402b'),
	('642d135a-2b33-4114-8a27-33cea066fdfb', 0, 'Personal_Bind_Recall_Stone', NULL, 0, '', 40, 1, 0, 0, 0, 0, 1, 50000, 50000, 0, 0, 0, 0, 0, 0, '2020-11-26 05:56:31', 'bc74aa3b-2d6b-4e5e-a4c7-092c6c1ef1ff'),
	('8470cee2-2e55-4bfb-bfe7-ea186e2c2a59', 0, 'Personal_Bind_Recall_Stone', NULL, 0, NULL, 40, 1, 0, 0, 0, 0, 1, 50000, 50000, 0, 0, 0, 0, 0, 0, '2020-11-26 16:40:04', 'bdbffcca-b454-4e8e-81b3-921799852514'),
	('bb62869a-62df-431c-963a-1f3364119fc2', 0, 'RawhideTornPants', NULL, 0, 'rattling skeleton', 27, 1, 0, 0, 62, 0, 0, 49998, 50000, 0, 0, 0, 0, 0, 0, '2020-11-26 17:09:41', 'bdc2b0d5-e92a-4346-9ff3-fb977aedabb5'),
	('62619664-3bd5-4ff0-b487-9f4070a4c58e', 0, 'Rawhide_Torn_Cap_alb', NULL, 0, 'bandit hopeful', 46, 1, 0, 0, 61, 0, 0, 50000, 50000, 0, 0, 0, 0, 0, 0, '2020-11-26 16:37:12', 'be49ee53-e05f-46e2-80f0-6e60f8256866'),
	('b80b4719-5422-435f-baae-c9a64bc233b8', 0, 'training_club', NULL, 0, NULL, 10, 1, 0, 0, 0, 0, 0, 50000, 50000, 0, 0, 0, 0, 0, 0, '2020-11-24 22:47:27', 'c0e0301f-e5cd-4069-bd7c-a011dfd221ef'),
	('642d135a-2b33-4114-8a27-33cea066fdfb', 0, 'molvik_chain_gloves_hib', NULL, 0, '', 22, 1, 0, 0, 73, 0, 0, 49995, 50000, 0, 0, 0, 0, 0, 0, '2020-11-26 04:56:27', 'c2b56327-2865-48c5-878c-29d1617a7cfd'),
	('1183687b-926b-4462-aef1-1386cb65932a', 0, 'woolen_cloth_pants', NULL, 0, '', 27, 1, 0, 0, 0, 0, 0, 50000, 50000, 0, 0, 0, 0, 0, 0, '2020-11-26 17:26:31', 'c328fea1-27f1-43d6-8c63-37f2b3565fb1'),
	('642d135a-2b33-4114-8a27-33cea066fdfb', 0, 'token_many', NULL, 0, NULL, 42, 1, 0, 0, 0, 0, 0, 50000, 50000, 0, 0, 0, 0, 0, 0, '2020-11-26 05:28:40', 'c34d1d15-8b54-4a9c-93c7-8a18c1c78f25'),
	('520b9710-10b7-42c3-9d2d-b32e47b9e741', 0, 'Personal_Bind_Recall_Stone', NULL, 0, '', 40, 1, 0, 0, 0, 0, 1, 50000, 50000, 0, 0, 0, 0, 0, 0, '2020-11-26 17:35:00', 'c4338cfa-7b2f-4c06-89d8-87bbaf1cc8e1'),
	('642d135a-2b33-4114-8a27-33cea066fdfb', 0, 'molvik_chain_arms_hib', NULL, 0, '', 28, 1, 0, 0, 73, 0, 0, 50000, 50000, 0, 0, 0, 0, 0, 0, '2020-11-26 04:26:25', 'c45193c7-c7c7-4e50-b312-cf441f5812a0'),
	('52945ac4-d886-4d6c-a259-df29dd158201', 0, 'woolen_cloth_pants', NULL, 0, NULL, 27, 1, 0, 0, 0, 0, 0, 50000, 50000, 0, 0, 0, 0, 0, 0, '2020-11-24 22:45:22', 'c4812dde-f5d1-4409-b334-a5615f785779'),
	('1c6c7709-4aaa-4fe0-ad1f-e6436cec9377', 0, 'Personal_Bind_Recall_Stone', NULL, 0, '', 40, 1, 0, 0, 0, 0, 1, 50000, 50000, 0, 0, 0, 0, 0, 0, '2020-11-25 07:42:00', 'c4e723f7-cc6c-4fcb-b478-54f6d43d416a'),
	('c46ed86b-2a83-4261-bca3-f17ed736b52c', 0, 'Personal_Bind_Recall_Stone', NULL, 0, '', 40, 1, 0, 0, 0, 0, 1, 50000, 50000, 0, 0, 0, 0, 0, 0, '2020-11-26 17:34:58', 'c69c890e-482f-4265-bc16-1e5656dc670b'),
	('bb62869a-62df-431c-963a-1f3364119fc2', 0, 'Tomte_Round_Shield', NULL, 0, 'lair guard', 53, 1, 0, 0, 0, 0, 0, 50000, 50000, 0, 0, 0, 0, 0, 0, '2020-11-26 17:04:43', 'c6b36754-0b69-4b54-bf86-f4c9c14c4271'),
	('24d4994b-1df6-40b5-8942-fa8d5b666acb', 0, 'small_training_shield', NULL, 0, NULL, 11, 1, 0, 0, 0, 0, 0, 50000, 50000, 0, 0, 0, 0, 0, 0, '2020-11-24 22:43:02', 'c75e6fc9-c6a3-45cc-96c7-41162ba1b679'),
	('4637c4a3-acca-40b1-84c9-22dfaf5f0340', 0, 'molvik_leather_legs', NULL, 0, '', 27, 1, 0, 0, 73, 0, 0, 49912, 50000, 0, 0, 0, 0, 0, 0, '2020-11-26 04:16:24', 'c871fae7-f1bf-4248-8709-07dd0e8c2faf'),
	('1183687b-926b-4462-aef1-1386cb65932a', 0, 'Tomte_Padded_Gloves', NULL, 0, 'lair guard', 22, 1, 0, 0, 0, 0, 0, 50000, 50000, 0, 0, 0, 0, 0, 0, '2020-11-26 17:26:31', 'ca75cfd9-7116-4be3-bb73-ed9d57c1a329'),
	('5321acd6-ce18-4773-aade-0b308ab49e23', 0, 'woolen_cloth_arms', NULL, 0, '', 28, 1, 0, 0, 0, 0, 0, 50000, 50000, 0, 0, 0, 0, 0, 0, '2020-11-25 07:51:30', 'cab15a1f-d79f-4882-b695-b8b9693de7ed'),
	('642d135a-2b33-4114-8a27-33cea066fdfb', 0, 'Crested_Glow_Worm_Carapace', NULL, 0, 'glow worm', 11, 1, 0, 0, 0, 0, 0, 50000, 50000, 0, 0, 0, 0, 0, 0, '2020-11-26 04:30:39', 'ccdbb3d2-f388-453b-94ad-99cf74c42897'),
	('bb62869a-62df-431c-963a-1f3364119fc2', 0, 'Tomte_Chain_Gloves', NULL, 0, 'tomte cutthroat', 22, 1, 0, 0, 0, 0, 0, 50000, 50000, 0, 0, 0, 0, 0, 0, '2020-11-26 16:53:47', 'cdca3672-4305-49ac-97b9-4a5f37a7187e'),
	('2737e7a5-fd3c-44db-ba68-a45acd08fea1', 0, 'Black_Silksteel_Cloak', NULL, 0, 'svartalf thrall', 50, 1, 0, 0, 43, 0, 0, 50000, 50000, 0, 0, 0, 0, 0, 0, '2020-11-26 17:30:52', 'ce35b8c8-d1c1-4474-84ea-601cbeb53db3'),
	('8470cee2-2e55-4bfb-bfe7-ea186e2c2a59', 0, 'small_training_shield', NULL, 0, NULL, 11, 1, 0, 0, 0, 0, 0, 50000, 50000, 0, 0, 0, 0, 0, 0, '2020-11-26 16:40:04', 'ce8088f1-4d72-4a69-aee4-863f273ea981'),
	('520b9710-10b7-42c3-9d2d-b32e47b9e741', 0, 'bronze_studded_boots', NULL, 0, '', 23, 1, 0, 0, 0, 0, 0, 50000, 50000, 0, 0, 0, 0, 0, 0, '2020-11-26 17:29:29', 'cea307ed-984a-4045-a4db-0a579580a457'),
	('24d4994b-1df6-40b5-8942-fa8d5b666acb', 0, 'Personal_Bind_Recall_Stone', NULL, 0, NULL, 40, 1, 0, 0, 0, 0, 1, 50000, 50000, 0, 0, 0, 0, 0, 0, '2020-11-24 22:43:02', 'cecd2132-377b-4918-a049-4f14565dca9e'),
	('27cde3a3-5cee-4a91-a48f-b1896293ab13', 0, 'small_training_shield', NULL, 0, NULL, 11, 1, 0, 0, 0, 0, 0, 50000, 50000, 0, 0, 0, 0, 0, 0, '2020-11-24 22:43:46', 'd0f346e1-31c7-4b0b-929f-9cca22a15ca7'),
	('7f669be6-3f23-4e27-8f4a-faaa215f32e0', 0, 'woolen_cloth_arms', NULL, 0, '', 28, 1, 0, 0, 0, 0, 0, 50000, 50000, 0, 0, 0, 0, 0, 0, '2020-11-25 07:44:19', 'd15a515a-a670-4da7-978f-52663fdfb23e'),
	('6791c867-0b4d-42c1-aec0-8f2d6507e17f', 0, 'HeadbandOfFocus', NULL, 0, 'undead filidh', 21, 1, 0, 0, 62, 0, 0, 50000, 50000, 0, 0, 0, 0, 0, 0, '2020-11-26 05:27:55', 'd1928041-7893-4160-91a8-e779e412ef71'),
	('b80b4719-5422-435f-baae-c9a64bc233b8', 0, 'rawhide_roman_leather_jerkin', NULL, 0, NULL, 25, 1, 0, 0, 0, 0, 0, 50000, 50000, 0, 0, 0, 0, 0, 0, '2020-11-24 22:47:27', 'd1dea2ff-620a-4601-bc59-a0430ba4b351'),
	('bb62869a-62df-431c-963a-1f3364119fc2', 0, 'Tomte_Chain_Coif', NULL, 0, 'lair guard', 61, 1, 0, 0, 0, 0, 0, 50000, 50000, 0, 0, 0, 0, 0, 0, '2020-11-26 17:12:36', 'd353f1d5-5970-4f09-9124-8d628abc8f24'),
	('5321acd6-ce18-4773-aade-0b308ab49e23', 0, 'woolen_cloth_boots', NULL, 0, '', 23, 1, 0, 0, 0, 0, 0, 50000, 50000, 0, 0, 0, 0, 0, 0, '2020-11-25 07:51:30', 'd3a2fc73-c2ca-450b-a3a2-e45a2c6f8690'),
	('f1f1a96f-5155-4856-8278-e40dd2ede148', 0, 'RawhideTornPants', NULL, 0, 'Votan', 42, 1, 0, 0, 62, 0, 0, 50000, 50000, 0, 0, 0, 0, 0, 0, '2020-11-26 04:26:15', 'd3ee0180-b0cd-4afb-956e-a87583bdb9db'),
	('739fb6fe-209e-4672-80f1-3009af8b0b81', 0, 'bronze_studded_vest', NULL, 0, '', 25, 1, 0, 0, 0, 0, 0, 50000, 50000, 0, 0, 0, 0, 0, 0, '2020-11-26 00:44:49', 'd503671b-c943-4506-904f-02911d8f5848'),
	('b80b4719-5422-435f-baae-c9a64bc233b8', 0, 'rawhide_roman_leather_sleeves', NULL, 0, NULL, 28, 1, 0, 0, 0, 0, 0, 50000, 50000, 0, 0, 0, 0, 0, 0, '2020-11-24 22:47:27', 'd5c248bb-d112-4b63-86af-2671a7aa7ec4'),
	('27cde3a3-5cee-4a91-a48f-b1896293ab13', 0, 'training_mace', NULL, 0, NULL, 10, 1, 0, 0, 0, 0, 0, 50000, 50000, 0, 0, 0, 0, 0, 0, '2020-11-24 22:43:46', 'd65e474a-b622-4c8e-81fe-9842f7a38351'),
	('642d135a-2b33-4114-8a27-33cea066fdfb', 0, 'BracerofUnity', NULL, 0, '', 34, 1, 0, 0, 0, 0, 0, 50000, 50000, 0, 0, 0, 0, 0, 0, '2020-11-26 04:26:25', 'd676eb8f-36bb-46b2-9872-1b1c6211793f'),
	('bb62869a-62df-431c-963a-1f3364119fc2', 0, 'Tomte_Summoning_Staff', NULL, 0, 'tomte cutthroat', 44, 1, 0, 0, 0, 0, 0, 50000, 50000, 0, 0, 0, 0, 0, 0, '2020-11-26 16:53:19', 'd765241e-c441-48f6-a69b-8cb1c18168a1'),
	('5321acd6-ce18-4773-aade-0b308ab49e23', 0, 'Personal_Bind_Recall_Stone', NULL, 0, '', 40, 1, 0, 0, 0, 0, 1, 50000, 50000, 0, 0, 0, 0, 0, 0, '2020-11-25 07:51:30', 'd970368e-56c4-41ce-ac47-adbe07c69598'),
	('3b9667d3-9834-499b-a213-c6a6982cae84', 0, 'rawhide_roman_leather_gloves', NULL, 0, '', 22, 1, 0, 0, 0, 0, 0, 50000, 50000, 0, 0, 0, 0, 0, 0, '2020-11-26 17:23:20', 'da84a638-38ee-4976-acbf-2fcd173c19da'),
	('7f669be6-3f23-4e27-8f4a-faaa215f32e0', 0, 'woolen_cloth_boots', NULL, 0, '', 23, 1, 0, 0, 0, 0, 0, 50000, 50000, 0, 0, 0, 0, 0, 0, '2020-11-25 07:44:19', 'dae8692c-ff84-48a8-9ea1-0ee561ad88f1'),
	('bb62869a-62df-431c-963a-1f3364119fc2', 0, 'Tomte_Bow', NULL, 0, 'lair guard', 55, 1, 0, 0, 0, 0, 0, 50000, 50000, 0, 0, 0, 0, 0, 0, '2020-11-26 17:06:33', 'dbe720b8-8ed0-428b-92f8-47925e34c616'),
	('1183687b-926b-4462-aef1-1386cb65932a', 0, 'woolen_cloth_arms', NULL, 0, '', 28, 1, 0, 0, 0, 0, 0, 50000, 50000, 0, 0, 0, 0, 0, 0, '2020-11-26 17:26:31', 'dc7d5967-61cb-4a94-9cb5-3ad8a4952f2a'),
	('642d135a-2b33-4114-8a27-33cea066fdfb', 0, 'YraerynsBracer', NULL, 0, '', 33, 1, 0, 0, 0, 0, 0, 50000, 50000, 0, 0, 0, 0, 0, 0, '2020-11-26 04:26:25', 'dc7da300-8ce1-48df-b270-f55a390fe6e5'),
	('8470cee2-2e55-4bfb-bfe7-ea186e2c2a59', 0, 'bronze_studded_gauntlets', NULL, 0, NULL, 22, 1, 0, 0, 0, 0, 0, 50000, 50000, 0, 0, 0, 0, 0, 0, '2020-11-26 16:40:04', 'dcb9ba28-fe1d-499d-a946-35b41e4da2d6'),
	('62619664-3bd5-4ff0-b487-9f4070a4c58e', 0, 'woolen_cloth_gloves', NULL, 0, '', 22, 1, 0, 0, 0, 0, 0, 50000, 50000, 0, 0, 0, 0, 0, 0, '2020-11-26 16:36:45', 'dcf38612-c99c-4501-be65-8cb717a726ae'),
	('7f669be6-3f23-4e27-8f4a-faaa215f32e0', 0, 'woolen_cloth_gloves', NULL, 0, '', 22, 1, 0, 0, 0, 0, 0, 50000, 50000, 0, 0, 0, 0, 0, 0, '2020-11-25 07:44:19', 'dd23d794-315d-4d58-842d-df9a8cea79c8'),
	('bb62869a-62df-431c-963a-1f3364119fc2', 0, 'Dwarf-skin_Cloak', NULL, 0, 'lair guard', 60, 1, 0, 0, 0, 0, 0, 50000, 50000, 0, 0, 0, 0, 0, 0, '2020-11-26 17:11:42', 'dd2d0d0f-b837-4773-8649-75513f9d85da'),
	('2737e7a5-fd3c-44db-ba68-a45acd08fea1', 0, 'Lustrous_Braided_Silksteel_Leggings', NULL, 0, 'arachite krigare', 43, 1, 0, 0, 85, 0, 0, 50000, 50000, 0, 0, 0, 0, 0, 0, '2020-11-26 17:30:52', 'defcd90c-be0b-4b3b-af0f-25e066aa8995'),
	('b80b4719-5422-435f-baae-c9a64bc233b8', 0, 'training_shield', NULL, 0, NULL, 11, 1, 0, 0, 0, 0, 0, 50000, 50000, 0, 0, 0, 0, 0, 0, '2020-11-24 22:47:27', 'e18f93af-3bc9-4f05-936e-edd87a3c7f8a'),
	('ab405454-175d-4a0c-9bff-502107a33e0f', 0, 'training_shield', NULL, 0, '', 11, 1, 0, 0, 0, 0, 0, 50000, 50000, 0, 0, 0, 0, 0, 0, '2020-11-24 22:57:06', 'e1d3ad7f-02f9-4436-8c19-ae63b1236cf3'),
	('bb62869a-62df-431c-963a-1f3364119fc2', 0, 'Tomte_Padded_Boots', NULL, 0, 'tomte cutthroat', 51, 1, 0, 0, 0, 0, 0, 50000, 50000, 0, 0, 0, 0, 0, 0, '2020-11-26 17:02:59', 'e600c00e-3f0e-441a-971c-34d9fd1bad28'),
	('24d4994b-1df6-40b5-8942-fa8d5b666acb', 0, 'bronze_studded_legs', NULL, 0, NULL, 27, 1, 0, 0, 0, 0, 0, 50000, 50000, 0, 0, 0, 0, 0, 0, '2020-11-24 22:43:02', 'e8041aa8-1308-4ea7-9ac8-55309dcc18f7'),
	('bb62869a-62df-431c-963a-1f3364119fc2', 0, 'Tomte_Chain_Boots', NULL, 0, 'lair guard', 23, 1, 0, 0, 0, 0, 4, 50000, 50000, 0, 0, 0, 0, 0, 0, '2020-11-26 17:02:59', 'e86410c7-ba73-4abe-87e4-fbda1146bdb0'),
	('6791c867-0b4d-42c1-aec0-8f2d6507e17f', 0, 'Rawhide Slightly Torn Pants', NULL, 0, 'bandit recruiter', 27, 1, 0, 0, 1, 0, 0, 49998, 50000, 0, 0, 0, 0, 0, 0, '2020-11-26 05:26:29', 'ec2b6c16-d138-430e-90f8-f4e7aa5d6e8f'),
	('bb62869a-62df-431c-963a-1f3364119fc2', 0, 'Tomte_Leather_Helm', NULL, 0, 'lair guard', 52, 1, 0, 0, 0, 0, 0, 50000, 50000, 0, 0, 0, 0, 0, 0, '2020-11-26 17:03:48', 'edb1f743-a151-4d54-a398-4936305c36d7'),
	('f1f1a96f-5155-4856-8278-e40dd2ede148', 0, 'bronze_studded_vest', NULL, 0, '', 25, 1, 0, 0, 0, 0, 0, 50000, 50000, 0, 0, 0, 0, 0, 0, '2020-11-26 04:22:28', 'edc434df-fbc6-4a03-b433-154f0b82ac4e'),
	('1c6c7709-4aaa-4fe0-ad1f-e6436cec9377', 0, 'bronze_studded_arms', NULL, 0, '', 28, 1, 0, 0, 0, 0, 0, 50000, 50000, 0, 0, 0, 0, 0, 0, '2020-11-25 07:42:00', 'eea006a8-f6fa-420b-9b50-2265c15e4178'),
	('1c6c7709-4aaa-4fe0-ad1f-e6436cec9377', 0, 'bronze_studded_vest', NULL, 0, '', 25, 1, 0, 0, 0, 0, 0, 50000, 50000, 0, 0, 0, 0, 0, 0, '2020-11-25 07:42:00', 'eedc6597-7f3c-420a-b9d8-a3860b34e4dc'),
	('62619664-3bd5-4ff0-b487-9f4070a4c58e', 0, 'Starter_Cloak', NULL, 0, '', 41, 1, 0, 0, 0, 0, 0, 1, 1, 0, 0, 0, 0, 0, 0, '2020-11-26 16:36:45', 'eef9788d-6712-4d83-ae04-b5ef22f7e7bd'),
	('52945ac4-d886-4d6c-a259-df29dd158201', 0, 'Personal_Bind_Recall_Stone', NULL, 0, NULL, 40, 1, 0, 0, 0, 0, 1, 50000, 50000, 0, 0, 0, 0, 0, 0, '2020-11-24 22:45:22', 'eefa5532-736b-44a4-9b6e-6a599d672b4b'),
	('c46ed86b-2a83-4261-bca3-f17ed736b52c', 0, 'rawhide_roman_leather_sleeves', NULL, 0, '', 28, 1, 0, 0, 0, 0, 0, 50000, 50000, 0, 0, 0, 0, 0, 0, '2020-11-26 17:34:12', 'f0147af4-c0c2-4cdb-b0e8-42b9c23e9ca7'),
	('4637c4a3-acca-40b1-84c9-22dfaf5f0340', 0, 'EmeraldSeal', NULL, 0, NULL, 42, 13, 0, 0, 0, 0, 0, 50000, 50000, 0, 0, 0, 0, 0, 0, '2020-11-25 01:24:16', 'f0ea7dd4-7d1e-462b-9832-37fd4522855b'),
	('6791c867-0b4d-42c1-aec0-8f2d6507e17f', 0, 'Bronze_Torn_Boots_Alb', NULL, 0, 'bandit recruit', 23, 1, 0, 0, 0, 0, 0, 50000, 50000, 0, 0, 0, 0, 0, 0, '2020-11-26 05:26:29', 'f0fddd48-3633-416e-9fd9-fe399771ab97'),
	('52945ac4-d886-4d6c-a259-df29dd158201', 0, 'woolen_cloth_arms', NULL, 0, NULL, 28, 1, 0, 0, 0, 0, 0, 50000, 50000, 0, 0, 0, 0, 0, 0, '2020-11-24 22:45:22', 'f17b24a4-8391-49ee-b1f5-42d95ad7d217'),
	('5321acd6-ce18-4773-aade-0b308ab49e23', 0, 'woolen_cloth_vest', NULL, 0, '', 25, 1, 0, 0, 0, 0, 0, 50000, 50000, 0, 0, 0, 0, 0, 0, '2020-11-25 07:51:30', 'f1f3e22f-bd59-4923-a126-9028dc6ad867'),
	('2737e7a5-fd3c-44db-ba68-a45acd08fea1', 0, 'BPFull_Buffs_Token', NULL, 0, NULL, 42, 1, 0, 0, 0, 0, 0, 1, 1, 0, 0, 0, 0, 0, 0, '2020-11-26 07:24:58', 'f2c26065-8378-4198-8273-fff4f4c5bb35'),
	('28779d4b-1012-4f5e-80d6-f5e65c886895', 0, 'rawhide_roman_leather_leggings', NULL, 0, NULL, 27, 1, 0, 0, 0, 0, 0, 50000, 50000, 0, 0, 0, 0, 0, 0, '2020-11-24 22:44:48', 'f3ac87d0-301e-4785-82cf-3b4f20d0c451'),
	('1183687b-926b-4462-aef1-1386cb65932a', 0, 'woolen_cloth_vest', NULL, 0, '', 25, 1, 0, 0, 0, 0, 0, 49996, 50000, 0, 0, 0, 0, 0, 0, '2020-11-26 17:26:31', 'f5065dfd-26e4-4761-a06b-4880ff0a3e77'),
	('3b9667d3-9834-499b-a213-c6a6982cae84', 0, 'Personal_Bind_Recall_Stone', NULL, 0, '', 40, 1, 0, 0, 0, 0, 1, 50000, 50000, 0, 0, 0, 0, 0, 0, '2020-11-26 17:23:20', 'f5369a9d-f69b-49ff-8e6c-0478c3391c3e'),
	('4637c4a3-acca-40b1-84c9-22dfaf5f0340', 0, 'molvik_leather_helm_hib', NULL, 0, '', 21, 1, 0, 0, 73, 0, 0, 49995, 50000, 0, 0, 0, 0, 0, 0, '2020-11-26 04:16:24', 'f6451b12-274b-4155-a659-419dea2e1d2c'),
	('6791c867-0b4d-42c1-aec0-8f2d6507e17f', 0, 'bronze_studded_gauntlets', NULL, 0, '', 22, 1, 0, 0, 0, 0, 0, 50000, 50000, 0, 0, 0, 0, 0, 0, '2020-11-26 05:26:29', 'f6aab675-39a3-40a7-a7fd-7569fbd6ca98'),
	('bb62869a-62df-431c-963a-1f3364119fc2', 0, 'Tomte_Necklace_of_Agitation', NULL, 0, 'lair guard', 29, 1, 0, 0, 0, 0, 0, 50000, 50000, 0, 0, 0, 0, 0, 0, '2020-11-26 16:59:44', 'f8f31fda-898a-4fe6-aa5d-6b759fa0365c'),
	('bb62869a-62df-431c-963a-1f3364119fc2', 0, 'Tomte_Studded_Helm', NULL, 0, 'lair guard', 47, 1, 0, 0, 0, 0, 0, 50000, 50000, 0, 0, 0, 0, 0, 0, '2020-11-26 16:58:24', 'f96f5144-62ff-4bf8-bfd7-747a5935a3a9'),
	('4637c4a3-acca-40b1-84c9-22dfaf5f0340', 0, 'molvik_leather_arms', NULL, 0, '', 28, 1, 0, 0, 73, 0, 0, 49970, 50000, 0, 0, 0, 0, 0, 0, '2020-11-26 04:16:24', 'f9bbea0b-ffa3-4eb1-9dd5-1fab9cd4fe11'),
	('642d135a-2b33-4114-8a27-33cea066fdfb', 0, NULL, 'Unique_01d57f24-a663-46bd-aedd-0ab91bd70090', 0, NULL, 21, 1, 0, 0, 73, 0, 0, 50000, 50000, 0, 0, 0, 0, 0, 0, '2020-11-26 05:46:18', 'fa5acfdc-c871-4622-b970-34d439b68c70'),
	('520b9710-10b7-42c3-9d2d-b32e47b9e741', 0, 'training_sword_mid', NULL, 0, '', 10, 1, 0, 0, 0, 0, 0, 50000, 50000, 0, 0, 0, 0, 0, 0, '2020-11-26 17:29:29', 'fab7b2bf-392b-4bc7-9f42-2da679a6957e'),
	('3b9667d3-9834-499b-a213-c6a6982cae84', 0, 'rawhide_roman_leather_boots', NULL, 0, '', 23, 1, 0, 0, 0, 0, 0, 50000, 50000, 0, 0, 0, 0, 0, 0, '2020-11-26 17:23:21', 'fb5712e1-501f-4fcf-83d7-faae42f236e1'),
	('642d135a-2b33-4114-8a27-33cea066fdfb', 0, 'molvik_chain_boots_hib', NULL, 0, '', 23, 1, 0, 0, 73, 0, 0, 50000, 50000, 0, 0, 0, 0, 0, 0, '2020-11-26 04:26:25', 'fd17cfe2-42dc-480b-bbe5-1ab7af9bcafa'),
	('2737e7a5-fd3c-44db-ba68-a45acd08fea1', 0, 'Personal_Bind_Recall_Stone', NULL, 0, '', 40, 1, 0, 0, 0, 0, 1, 50000, 50000, 0, 0, 0, 0, 0, 0, '2020-11-26 17:30:52', 'fd8e3b8f-35ce-4e50-8ece-99a5c470c40d'),
	('cbf9ff31-1201-4cba-b6aa-061e575a0812', 0, 'molvik_cloth_gloves', NULL, 0, '', 22, 1, 0, 0, 73, 0, 0, 50000, 50000, 0, 0, 0, 0, 0, 0, '2020-11-26 05:26:29', 'fd9e6627-55e8-40e5-9bef-1fd2671aaa93'),
	('bb62869a-62df-431c-963a-1f3364119fc2', 0, 'steel_small_hammer', NULL, 0, NULL, 50, 1, 0, 0, 0, 0, 0, 49965, 50000, 0, 0, 0, 0, 0, 0, '2020-11-26 17:02:22', 'ff873188-300c-4d30-85ff-b01bd3142dd0');
/*!40000 ALTER TABLE `inventory` ENABLE KEYS */;

-- Dumping structure for table soidaoc.itemunique
DROP TABLE IF EXISTS `itemunique`;
CREATE TABLE IF NOT EXISTS `itemunique` (
  `Id_nb` varchar(255) NOT NULL,
  `TranslationId` text DEFAULT NULL,
  `Name` text NOT NULL,
  `ExamineArticle` text DEFAULT NULL,
  `MessageArticle` text DEFAULT NULL,
  `Level` int(11) NOT NULL DEFAULT 0,
  `Durability` int(11) DEFAULT NULL,
  `MaxDurability` int(11) DEFAULT NULL,
  `IsNotLosingDur` tinyint(1) DEFAULT NULL,
  `Condition` int(11) DEFAULT NULL,
  `MaxCondition` int(11) DEFAULT NULL,
  `Quality` int(11) DEFAULT NULL,
  `DPS_AF` int(11) DEFAULT NULL,
  `SPD_ABS` int(11) DEFAULT NULL,
  `Hand` int(11) DEFAULT NULL,
  `Type_Damage` int(11) DEFAULT NULL,
  `Object_Type` int(11) DEFAULT NULL,
  `Item_Type` int(11) DEFAULT NULL,
  `Color` int(11) DEFAULT NULL,
  `Emblem` int(11) DEFAULT NULL,
  `Effect` int(11) DEFAULT NULL,
  `Weight` int(11) DEFAULT NULL,
  `Model` int(11) NOT NULL DEFAULT 0,
  `Extension` tinyint(3) unsigned DEFAULT NULL,
  `Bonus` int(11) DEFAULT NULL,
  `Bonus1` int(11) DEFAULT NULL,
  `Bonus2` int(11) DEFAULT NULL,
  `Bonus3` int(11) DEFAULT NULL,
  `Bonus4` int(11) DEFAULT NULL,
  `Bonus5` int(11) DEFAULT NULL,
  `Bonus6` int(11) DEFAULT NULL,
  `Bonus7` int(11) DEFAULT NULL,
  `Bonus8` int(11) DEFAULT NULL,
  `Bonus9` int(11) DEFAULT NULL,
  `Bonus10` int(11) DEFAULT NULL,
  `ExtraBonus` int(11) DEFAULT NULL,
  `Bonus1Type` int(11) DEFAULT NULL,
  `Bonus2Type` int(11) DEFAULT NULL,
  `Bonus3Type` int(11) DEFAULT NULL,
  `Bonus4Type` int(11) DEFAULT NULL,
  `Bonus5Type` int(11) DEFAULT NULL,
  `Bonus6Type` int(11) DEFAULT NULL,
  `Bonus7Type` int(11) DEFAULT NULL,
  `Bonus8Type` int(11) DEFAULT NULL,
  `Bonus9Type` int(11) DEFAULT NULL,
  `Bonus10Type` int(11) DEFAULT NULL,
  `ExtraBonusType` int(11) DEFAULT NULL,
  `CanUseEvery` int(11) NOT NULL DEFAULT 0,
  `SpellID` int(11) DEFAULT NULL,
  `Charges` int(11) DEFAULT NULL,
  `MaxCharges` int(11) DEFAULT NULL,
  `SpellID1` int(11) DEFAULT NULL,
  `Charges1` int(11) DEFAULT NULL,
  `MaxCharges1` int(11) DEFAULT NULL,
  `ProcChance` tinyint(3) unsigned DEFAULT NULL,
  `ProcSpellID` int(11) DEFAULT NULL,
  `ProcSpellID1` int(11) DEFAULT NULL,
  `PoisonSpellID` int(11) DEFAULT NULL,
  `PoisonCharges` int(11) DEFAULT NULL,
  `PoisonMaxCharges` int(11) DEFAULT NULL,
  `IsPickable` tinyint(1) DEFAULT NULL,
  `IsDropable` tinyint(1) DEFAULT NULL,
  `CanDropAsLoot` tinyint(1) DEFAULT NULL,
  `IsTradable` tinyint(1) DEFAULT NULL,
  `Price` bigint(20) DEFAULT NULL,
  `MaxCount` int(11) DEFAULT NULL,
  `IsIndestructible` tinyint(1) DEFAULT NULL,
  `PackSize` int(11) DEFAULT NULL,
  `Realm` int(11) DEFAULT NULL,
  `AllowedClasses` text NOT NULL,
  `Flags` int(11) DEFAULT NULL,
  `BonusLevel` int(11) DEFAULT NULL,
  `LevelRequirement` int(11) DEFAULT NULL,
  `PackageID` text DEFAULT NULL,
  `Description` text DEFAULT NULL,
  `ClassType` varchar(255) DEFAULT NULL,
  `SalvageYieldID` int(11) DEFAULT NULL,
  `LastTimeRowUpdated` datetime NOT NULL DEFAULT '2000-01-01 00:00:00',
  `ItemUnique_ID` varchar(255) DEFAULT NULL,
  PRIMARY KEY (`Id_nb`),
  UNIQUE KEY `U_ItemUnique_ItemUnique_ID` (`ItemUnique_ID`)
) ENGINE=InnoDB DEFAULT CHARSET=utf8;

-- Dumping data for table soidaoc.itemunique: ~1 rows (approximately)
DELETE FROM `itemunique`;
/*!40000 ALTER TABLE `itemunique` DISABLE KEYS */;
INSERT INTO `itemunique` (`Id_nb`, `TranslationId`, `Name`, `ExamineArticle`, `MessageArticle`, `Level`, `Durability`, `MaxDurability`, `IsNotLosingDur`, `Condition`, `MaxCondition`, `Quality`, `DPS_AF`, `SPD_ABS`, `Hand`, `Type_Damage`, `Object_Type`, `Item_Type`, `Color`, `Emblem`, `Effect`, `Weight`, `Model`, `Extension`, `Bonus`, `Bonus1`, `Bonus2`, `Bonus3`, `Bonus4`, `Bonus5`, `Bonus6`, `Bonus7`, `Bonus8`, `Bonus9`, `Bonus10`, `ExtraBonus`, `Bonus1Type`, `Bonus2Type`, `Bonus3Type`, `Bonus4Type`, `Bonus5Type`, `Bonus6Type`, `Bonus7Type`, `Bonus8Type`, `Bonus9Type`, `Bonus10Type`, `ExtraBonusType`, `CanUseEvery`, `SpellID`, `Charges`, `MaxCharges`, `SpellID1`, `Charges1`, `MaxCharges1`, `ProcChance`, `ProcSpellID`, `ProcSpellID1`, `PoisonSpellID`, `PoisonCharges`, `PoisonMaxCharges`, `IsPickable`, `IsDropable`, `CanDropAsLoot`, `IsTradable`, `Price`, `MaxCount`, `IsIndestructible`, `PackSize`, `Realm`, `AllowedClasses`, `Flags`, `BonusLevel`, `LevelRequirement`, `PackageID`, `Description`, `ClassType`, `SalvageYieldID`, `LastTimeRowUpdated`, `ItemUnique_ID`) VALUES
	('Unique_01d57f24-a663-46bd-aedd-0ab91bd70090', '', 'Molvik Chain Helm', '', '', 39, 50000, 50000, 0, 50000, 50000, 99, 82, 27, 0, 0, 37, 21, 73, 0, 796, 8, 4600, 0, 15, 21, 6, 6, 7, 0, 0, 0, 0, 0, 0, 0, 1, 3, 18, 16, 0, 0, 0, 0, 0, 0, 0, 0, 0, 0, 0, 0, 0, 0, 5, 65533, 0, 0, 0, 0, 1, 1, 0, 1, 50, 1, 0, 1, 0, '0', 0, 22, 1, 'Public_DB', '', '', 0, '2020-11-26 05:46:18', '03d5d709-0381-4740-9931-271cf78fc81c');
/*!40000 ALTER TABLE `itemunique` ENABLE KEYS */;

-- Dumping structure for table soidaoc.playerboats
DROP TABLE IF EXISTS `playerboats`;
CREATE TABLE IF NOT EXISTS `playerboats` (
  `BoatID` text NOT NULL,
  `BoatOwner` text NOT NULL,
  `BoatName` varchar(255) NOT NULL,
  `BoatModel` smallint(5) unsigned NOT NULL DEFAULT 0,
  `BoatMaxSpeedBase` smallint(6) NOT NULL DEFAULT 0,
  `LastTimeRowUpdated` datetime NOT NULL DEFAULT '2000-01-01 00:00:00',
  `PlayerBoats_ID` varchar(255) DEFAULT NULL,
  PRIMARY KEY (`BoatName`),
  UNIQUE KEY `U_PlayerBoats_PlayerBoats_ID` (`PlayerBoats_ID`)
) ENGINE=InnoDB DEFAULT CHARSET=utf8;

-- Dumping data for table soidaoc.playerboats: ~0 rows (approximately)
DELETE FROM `playerboats`;
/*!40000 ALTER TABLE `playerboats` DISABLE KEYS */;
/*!40000 ALTER TABLE `playerboats` ENABLE KEYS */;

-- Dumping structure for table soidaoc.playerinfo
DROP TABLE IF EXISTS `playerinfo`;
CREATE TABLE IF NOT EXISTS `playerinfo` (
  `Name` text DEFAULT NULL,
  `LastName` text DEFAULT NULL,
  `Guild` text DEFAULT NULL,
  `Race` text DEFAULT NULL,
  `Class` text DEFAULT NULL,
  `Alive` text DEFAULT NULL,
  `Realm` text DEFAULT NULL,
  `Region` text DEFAULT NULL,
  `Level` int(11) DEFAULT NULL,
  `X` int(11) DEFAULT NULL,
  `Y` int(11) DEFAULT NULL,
  `LastTimeRowUpdated` datetime NOT NULL DEFAULT '2000-01-01 00:00:00',
  `PlayerInfo_ID` varchar(255) NOT NULL,
  PRIMARY KEY (`PlayerInfo_ID`)
) ENGINE=InnoDB DEFAULT CHARSET=utf8;

-- Dumping data for table soidaoc.playerinfo: ~0 rows (approximately)
DELETE FROM `playerinfo`;
/*!40000 ALTER TABLE `playerinfo` DISABLE KEYS */;
/*!40000 ALTER TABLE `playerinfo` ENABLE KEYS */;

-- Dumping structure for table soidaoc.playerxeffect
DROP TABLE IF EXISTS `playerxeffect`;
CREATE TABLE IF NOT EXISTS `playerxeffect` (
  `IsHandler` tinyint(1) DEFAULT NULL,
  `Var6` int(11) DEFAULT NULL,
  `Var5` int(11) DEFAULT NULL,
  `Var4` int(11) DEFAULT NULL,
  `Var3` int(11) DEFAULT NULL,
  `Var2` int(11) DEFAULT NULL,
  `Var1` int(11) DEFAULT NULL,
  `Duration` int(11) DEFAULT NULL,
  `EffectType` text DEFAULT NULL,
  `SpellLine` text DEFAULT NULL,
  `ChardID` varchar(255) DEFAULT NULL,
  `LastTimeRowUpdated` datetime NOT NULL DEFAULT '2000-01-01 00:00:00',
  `PlayerXEffect_ID` varchar(255) NOT NULL,
  PRIMARY KEY (`PlayerXEffect_ID`),
  KEY `I_PlayerXEffect_ChardID` (`ChardID`)
) ENGINE=InnoDB DEFAULT CHARSET=utf8;

-- Dumping data for table soidaoc.playerxeffect: ~0 rows (approximately)
DELETE FROM `playerxeffect`;
/*!40000 ALTER TABLE `playerxeffect` DISABLE KEYS */;
/*!40000 ALTER TABLE `playerxeffect` ENABLE KEYS */;

-- Dumping structure for table soidaoc.pvpkillslog
DROP TABLE IF EXISTS `pvpkillslog`;
CREATE TABLE IF NOT EXISTS `pvpkillslog` (
  `ID` bigint(20) NOT NULL AUTO_INCREMENT,
  `DateKilled` datetime NOT NULL DEFAULT '2000-01-01 00:00:00',
  `KilledName` text NOT NULL,
  `KillerName` text NOT NULL,
  `KillerIP` text NOT NULL,
  `KilledIP` text NOT NULL,
  `KilledRealm` text NOT NULL,
  `KillerRealm` text NOT NULL,
  `RPReward` int(11) NOT NULL DEFAULT 0,
  `SameIP` tinyint(3) unsigned NOT NULL DEFAULT 0,
  `RegionName` text DEFAULT NULL,
  `IsInstance` tinyint(1) DEFAULT NULL,
  `LastTimeRowUpdated` datetime NOT NULL DEFAULT '2000-01-01 00:00:00',
  PRIMARY KEY (`ID`)
) ENGINE=InnoDB DEFAULT CHARSET=utf8;

-- Dumping data for table soidaoc.pvpkillslog: ~0 rows (approximately)
DELETE FROM `pvpkillslog`;
/*!40000 ALTER TABLE `pvpkillslog` DISABLE KEYS */;
/*!40000 ALTER TABLE `pvpkillslog` ENABLE KEYS */;

/*!40101 SET SQL_MODE=IFNULL(@OLD_SQL_MODE, '') */;
/*!40014 SET FOREIGN_KEY_CHECKS=IF(@OLD_FOREIGN_KEY_CHECKS IS NULL, 1, @OLD_FOREIGN_KEY_CHECKS) */;
/*!40101 SET CHARACTER_SET_CLIENT=@OLD_CHARACTER_SET_CLIENT */;
