-- --------------------------------------------------------
-- Host:                         127.0.0.1
-- Server version:               10.3.10-MariaDB - mariadb.org binary distribution
-- Server OS:                    Win64
-- HeidiSQL Version:             9.4.0.5125
-- --------------------------------------------------------

/*!40101 SET @OLD_CHARACTER_SET_CLIENT=@@CHARACTER_SET_CLIENT */;
/*!40101 SET NAMES utf8 */;
/*!50503 SET NAMES utf8mb4 */;
/*!40014 SET @OLD_FOREIGN_KEY_CHECKS=@@FOREIGN_KEY_CHECKS, FOREIGN_KEY_CHECKS=0 */;
/*!40101 SET @OLD_SQL_MODE=@@SQL_MODE, SQL_MODE='NO_AUTO_VALUE_ON_ZERO' */;

-- Dumping structure for table soidaoc.account
DROP TABLE IF EXISTS `account`;
CREATE TABLE IF NOT EXISTS `account` (
  `Name` varchar(255) NOT NULL,
  `Password` text NOT NULL,
  `CreationDate` datetime NOT NULL DEFAULT '2000-01-01 00:00:00',
  `LastLogin` datetime DEFAULT NULL,
  `Realm` int(11) DEFAULT NULL,
  `PrivLevel` int(10) unsigned DEFAULT NULL,
  `Status` int(11) DEFAULT NULL,
  `Mail` text DEFAULT NULL,
  `LastLoginIP` varchar(255) DEFAULT NULL,
  `LastClientVersion` text DEFAULT NULL,
  `Language` text DEFAULT NULL,
  `IsMuted` tinyint(1) DEFAULT NULL,
  `LastTimeRowUpdated` datetime NOT NULL DEFAULT '2000-01-01 00:00:00',
  `Account_ID` varchar(255) DEFAULT NULL,
  PRIMARY KEY (`Name`),
  UNIQUE KEY `U_Account_Account_ID` (`Account_ID`),
  KEY `I_Account_LastLoginIP` (`LastLoginIP`)
) ENGINE=InnoDB DEFAULT CHARSET=utf8;

-- Dumping data for table soidaoc.account: ~10 rows (approximately)
DELETE FROM `account`;
/*!40000 ALTER TABLE `account` DISABLE KEYS */;
INSERT INTO `account` (`Name`, `Password`, `CreationDate`, `LastLogin`, `Realm`, `PrivLevel`, `Status`, `Mail`, `LastLoginIP`, `LastClientVersion`, `Language`, `IsMuted`, `LastTimeRowUpdated`, `Account_ID`) VALUES
	('admin', '##88D0F2EE32FC6B42E6CDEAA8871CAC5', '2020-11-24 17:21:02', '2020-11-27 10:11:02', 2, 3, 0, NULL, '127.0.0.1', '1127', 'EN', 0, '2020-11-27 15:11:02', 'admin'),
	('andrewkirk1', '##88D0F2EE32FC6B42E6CDEAA8871CAC5', '2020-11-24 17:25:31', '2020-11-26 20:53:01', 1, 1, 0, NULL, '127.0.0.1', '1127', 'EN', 0, '2020-11-27 01:53:01', 'andrewkirk1'),
	('andrewkirk2', '##88D0F2EE32FC6B42E6CDEAA8871CAC5', '2020-11-24 17:25:52', '2020-11-26 20:53:07', 1, 1, 0, NULL, '127.0.0.1', '1127', 'EN', 0, '2020-11-27 01:53:07', 'andrewkirk2'),
	('korindar', '##2728BD40AAE9A1436AECFEEE85C065C5', '2020-11-25 23:19:14', '2020-11-26 20:36:58', 2, 1, 0, NULL, '99.147.228.221', '1127', 'EN', 0, '2020-11-27 01:36:58', 'korindar'),
	('korindar1', '##2728BD40AAE9A1436AECFEEE85C065C5', '2020-11-26 18:42:44', '2020-11-26 22:06:51', 0, 1, 0, NULL, '99.147.228.221', '1127', 'EN', 0, '2020-11-27 03:06:51', 'korindar1'),
	('morphy', '##75CD9C5F3E455927D1D891E53137DE95', '2020-11-26 14:39:29', '2020-11-26 14:52:52', 0, 1, 0, NULL, '0.0.0.1', '1127', 'EN', 0, '2020-11-26 19:52:52', 'morphy'),
	('morphy1', '##75CD9C5F3E455927D1D891E53137DE95', '2020-11-26 14:41:05', '2020-11-26 14:41:05', 0, 1, 0, NULL, '0.0.0.1', '1127', 'EN', 0, '2020-11-26 20:00:35', 'a2f84625-c34c-4d4d-8de1-f242b2604d80'),
	('morphy2', '##75CD9C5F3E455927D1D891E53137DE95', '2020-11-26 15:06:35', '2020-11-26 15:06:35', 0, 1, 0, NULL, '90.48.163.128', '1127', 'EN', 0, '2020-11-26 20:35:34', '9347bbf9-217b-4f4b-b5ae-09f9b097eba4'),
	('morphy4', '##75CD9C5F3E455927D1D891E53137DE95', '2020-11-26 15:38:22', '2020-11-26 15:38:22', 0, 1, 0, NULL, '90.48.163.128', '1127', 'EN', 0, '2020-11-26 20:38:22', '5c8a3266-0fc0-4a29-9430-2461c7fdc4cf'),
	('necro01', '##7B652FB9EE94A3F825165936CBB0B15F', '2020-11-25 02:28:33', '2020-11-25 05:51:50', 0, 1, 0, NULL, '0.0.0.2', '1124', 'EN', 0, '2020-11-25 10:51:50', 'necro01');
/*!40000 ALTER TABLE `account` ENABLE KEYS */;

-- Dumping structure for table soidaoc.accountxcustomparam
DROP TABLE IF EXISTS `accountxcustomparam`;
CREATE TABLE IF NOT EXISTS `accountxcustomparam` (
  `Name` varchar(255) NOT NULL,
  `KeyName` varchar(100) NOT NULL,
  `Value` varchar(255) DEFAULT NULL,
  `CustomParamID` int(11) NOT NULL AUTO_INCREMENT,
  `LastTimeRowUpdated` datetime NOT NULL DEFAULT '2000-01-01 00:00:00',
  PRIMARY KEY (`CustomParamID`),
  KEY `I_AccountXCustomParam_Name` (`Name`),
  KEY `I_AccountXCustomParam_KeyName` (`KeyName`)
) ENGINE=InnoDB DEFAULT CHARSET=utf8;

-- Dumping data for table soidaoc.accountxcustomparam: ~0 rows (approximately)
DELETE FROM `accountxcustomparam`;
/*!40000 ALTER TABLE `accountxcustomparam` DISABLE KEYS */;
/*!40000 ALTER TABLE `accountxcustomparam` ENABLE KEYS */;

-- Dumping structure for table soidaoc.dolcharacters
DROP TABLE IF EXISTS `dolcharacters`;
CREATE TABLE IF NOT EXISTS `dolcharacters` (
  `HasGravestone` tinyint(1) DEFAULT NULL,
  `GravestoneRegion` int(11) DEFAULT NULL,
  `Constitution` int(11) DEFAULT NULL,
  `Dexterity` int(11) DEFAULT NULL,
  `Strength` int(11) DEFAULT NULL,
  `Quickness` int(11) DEFAULT NULL,
  `Intelligence` int(11) DEFAULT NULL,
  `Piety` int(11) DEFAULT NULL,
  `Empathy` int(11) DEFAULT NULL,
  `Charisma` int(11) DEFAULT NULL,
  `BountyPoints` bigint(20) DEFAULT NULL,
  `RealmPoints` bigint(20) DEFAULT NULL,
  `RealmLevel` int(11) DEFAULT NULL,
  `Experience` bigint(20) DEFAULT NULL,
  `MaxEndurance` int(11) DEFAULT NULL,
  `Health` int(11) DEFAULT NULL,
  `Mana` int(11) DEFAULT NULL,
  `Endurance` int(11) DEFAULT NULL,
  `Concentration` int(11) DEFAULT NULL,
  `AccountName` varchar(255) NOT NULL,
  `AccountSlot` int(11) DEFAULT NULL,
  `CreationDate` datetime NOT NULL DEFAULT '2000-01-01 00:00:00',
  `LastPlayed` datetime DEFAULT NULL,
  `Name` varchar(255) NOT NULL,
  `LastName` text DEFAULT NULL,
  `GuildID` varchar(255) DEFAULT NULL,
  `Gender` int(11) NOT NULL DEFAULT 0,
  `Race` int(11) NOT NULL DEFAULT 0,
  `Level` int(11) NOT NULL DEFAULT 0,
  `Class` int(11) NOT NULL DEFAULT 0,
  `Realm` int(11) NOT NULL DEFAULT 0,
  `CreationModel` int(11) NOT NULL DEFAULT 0,
  `CurrentModel` int(11) NOT NULL DEFAULT 0,
  `Region` int(11) NOT NULL DEFAULT 0,
  `ActiveWeaponSlot` tinyint(3) unsigned NOT NULL DEFAULT 0,
  `Xpos` int(11) NOT NULL DEFAULT 0,
  `Ypos` int(11) NOT NULL DEFAULT 0,
  `Zpos` int(11) NOT NULL DEFAULT 0,
  `BindXpos` int(11) DEFAULT NULL,
  `BindYpos` int(11) DEFAULT NULL,
  `BindZpos` int(11) DEFAULT NULL,
  `BindRegion` int(11) DEFAULT NULL,
  `BindHeading` int(11) DEFAULT NULL,
  `BindHouseXpos` int(11) DEFAULT NULL,
  `BindHouseYpos` int(11) DEFAULT NULL,
  `BindHouseZpos` int(11) DEFAULT NULL,
  `BindHouseRegion` int(11) DEFAULT NULL,
  `BindHouseHeading` int(11) DEFAULT NULL,
  `DeathCount` tinyint(3) unsigned DEFAULT NULL,
  `ConLostAtDeath` int(11) DEFAULT NULL,
  `Direction` int(11) NOT NULL DEFAULT 0,
  `MaxSpeed` int(11) NOT NULL DEFAULT 0,
  `Copper` int(11) DEFAULT NULL,
  `Silver` int(11) DEFAULT NULL,
  `Gold` int(11) DEFAULT NULL,
  `Platinum` int(11) DEFAULT NULL,
  `Mithril` int(11) DEFAULT NULL,
  `SerializedCraftingSkills` text DEFAULT NULL,
  `SerializedAbilities` text DEFAULT NULL,
  `SerializedSpecs` text DEFAULT NULL,
  `SerializedRealmAbilities` text DEFAULT NULL,
  `DisabledSpells` text DEFAULT NULL,
  `DisabledAbilities` text DEFAULT NULL,
  `SerializedFriendsList` text DEFAULT NULL,
  `SerializedIgnoreList` text DEFAULT NULL,
  `IsCloakHoodUp` tinyint(1) DEFAULT NULL,
  `IsCloakInvisible` tinyint(1) NOT NULL DEFAULT 0,
  `IsHelmInvisible` tinyint(1) NOT NULL DEFAULT 0,
  `SpellQueue` tinyint(1) DEFAULT NULL,
  `IsLevelSecondStage` tinyint(1) DEFAULT NULL,
  `FlagClassName` tinyint(1) DEFAULT NULL,
  `Advisor` tinyint(1) DEFAULT NULL,
  `GuildRank` smallint(5) unsigned DEFAULT NULL,
  `PlayedTime` bigint(20) DEFAULT NULL,
  `DeathTime` bigint(20) DEFAULT NULL,
  `RespecAmountAllSkill` int(11) DEFAULT NULL,
  `RespecAmountSingleSkill` int(11) DEFAULT NULL,
  `RespecAmountRealmSkill` int(11) DEFAULT NULL,
  `RespecAmountDOL` int(11) DEFAULT NULL,
  `RespecAmountChampionSkill` int(11) DEFAULT NULL,
  `IsLevelRespecUsed` tinyint(1) DEFAULT NULL,
  `RespecBought` int(11) DEFAULT NULL,
  `SafetyFlag` tinyint(1) DEFAULT NULL,
  `CraftingPrimarySkill` int(11) DEFAULT NULL,
  `CancelStyle` tinyint(1) DEFAULT NULL,
  `IsAnonymous` tinyint(1) DEFAULT NULL,
  `CustomisationStep` tinyint(3) unsigned DEFAULT NULL,
  `EyeSize` tinyint(3) unsigned DEFAULT NULL,
  `LipSize` tinyint(3) unsigned DEFAULT NULL,
  `EyeColor` tinyint(3) unsigned DEFAULT NULL,
  `HairColor` tinyint(3) unsigned DEFAULT NULL,
  `FaceType` tinyint(3) unsigned DEFAULT NULL,
  `HairStyle` tinyint(3) unsigned DEFAULT NULL,
  `MoodType` tinyint(3) unsigned DEFAULT NULL,
  `UsedLevelCommand` tinyint(1) DEFAULT NULL,
  `CurrentTitleType` text DEFAULT NULL,
  `KillsAlbionPlayers` int(11) DEFAULT NULL,
  `KillsMidgardPlayers` int(11) DEFAULT NULL,
  `KillsHiberniaPlayers` int(11) DEFAULT NULL,
  `KillsAlbionDeathBlows` int(11) DEFAULT NULL,
  `KillsMidgardDeathBlows` int(11) DEFAULT NULL,
  `KillsHiberniaDeathBlows` int(11) DEFAULT NULL,
  `KillsAlbionSolo` int(11) DEFAULT NULL,
  `KillsMidgardSolo` int(11) DEFAULT NULL,
  `KillsHiberniaSolo` int(11) DEFAULT NULL,
  `CapturedKeeps` int(11) DEFAULT NULL,
  `CapturedTowers` int(11) DEFAULT NULL,
  `CapturedRelics` int(11) DEFAULT NULL,
  `KillsDragon` int(11) DEFAULT NULL,
  `DeathsPvP` int(11) DEFAULT NULL,
  `KillsLegion` int(11) DEFAULT NULL,
  `KillsEpicBoss` int(11) DEFAULT NULL,
  `GainXP` tinyint(1) DEFAULT NULL,
  `GainRP` tinyint(1) DEFAULT NULL,
  `Autoloot` tinyint(1) DEFAULT NULL,
  `LastFreeLeveled` datetime DEFAULT NULL,
  `LastFreeLevel` int(11) DEFAULT NULL,
  `GuildNote` text DEFAULT NULL,
  `ShowXFireInfo` tinyint(1) DEFAULT NULL,
  `NoHelp` tinyint(1) DEFAULT NULL,
  `ShowGuildLogins` tinyint(1) DEFAULT NULL,
  `Champion` tinyint(1) DEFAULT NULL,
  `ChampionLevel` int(11) DEFAULT NULL,
  `ChampionExperience` bigint(20) DEFAULT NULL,
  `ML` tinyint(3) unsigned NOT NULL DEFAULT 0,
  `MLExperience` bigint(20) NOT NULL DEFAULT 0,
  `MLLevel` int(11) NOT NULL DEFAULT 0,
  `MLGranted` tinyint(1) NOT NULL DEFAULT 0,
  `RPFlag` tinyint(1) DEFAULT NULL,
  `IgnoreStatistics` tinyint(1) DEFAULT NULL,
  `NotDisplayedInHerald` tinyint(3) unsigned DEFAULT NULL,
  `ActiveSaddleBags` tinyint(3) unsigned DEFAULT NULL,
  `LastTimeRowUpdated` datetime NOT NULL DEFAULT '2000-01-01 00:00:00',
  `DOLCharacters_ID` varchar(255) NOT NULL,
  PRIMARY KEY (`DOLCharacters_ID`),
  UNIQUE KEY `U_DOLCharacters_Name` (`Name`),
  KEY `I_DOLCharacters_AccountName` (`AccountName`),
  KEY `I_DOLCharacters_GuildID` (`GuildID`)
) ENGINE=InnoDB DEFAULT CHARSET=utf8;

-- Dumping data for table soidaoc.dolcharacters: ~29 rows (approximately)
DELETE FROM `dolcharacters`;
/*!40000 ALTER TABLE `dolcharacters` DISABLE KEYS */;
INSERT INTO `dolcharacters` (`HasGravestone`, `GravestoneRegion`, `Constitution`, `Dexterity`, `Strength`, `Quickness`, `Intelligence`, `Piety`, `Empathy`, `Charisma`, `BountyPoints`, `RealmPoints`, `RealmLevel`, `Experience`, `MaxEndurance`, `Health`, `Mana`, `Endurance`, `Concentration`, `AccountName`, `AccountSlot`, `CreationDate`, `LastPlayed`, `Name`, `LastName`, `GuildID`, `Gender`, `Race`, `Level`, `Class`, `Realm`, `CreationModel`, `CurrentModel`, `Region`, `ActiveWeaponSlot`, `Xpos`, `Ypos`, `Zpos`, `BindXpos`, `BindYpos`, `BindZpos`, `BindRegion`, `BindHeading`, `BindHouseXpos`, `BindHouseYpos`, `BindHouseZpos`, `BindHouseRegion`, `BindHouseHeading`, `DeathCount`, `ConLostAtDeath`, `Direction`, `MaxSpeed`, `Copper`, `Silver`, `Gold`, `Platinum`, `Mithril`, `SerializedCraftingSkills`, `SerializedAbilities`, `SerializedSpecs`, `SerializedRealmAbilities`, `DisabledSpells`, `DisabledAbilities`, `SerializedFriendsList`, `SerializedIgnoreList`, `IsCloakHoodUp`, `IsCloakInvisible`, `IsHelmInvisible`, `SpellQueue`, `IsLevelSecondStage`, `FlagClassName`, `Advisor`, `GuildRank`, `PlayedTime`, `DeathTime`, `RespecAmountAllSkill`, `RespecAmountSingleSkill`, `RespecAmountRealmSkill`, `RespecAmountDOL`, `RespecAmountChampionSkill`, `IsLevelRespecUsed`, `RespecBought`, `SafetyFlag`, `CraftingPrimarySkill`, `CancelStyle`, `IsAnonymous`, `CustomisationStep`, `EyeSize`, `LipSize`, `EyeColor`, `HairColor`, `FaceType`, `HairStyle`, `MoodType`, `UsedLevelCommand`, `CurrentTitleType`, `KillsAlbionPlayers`, `KillsMidgardPlayers`, `KillsHiberniaPlayers`, `KillsAlbionDeathBlows`, `KillsMidgardDeathBlows`, `KillsHiberniaDeathBlows`, `KillsAlbionSolo`, `KillsMidgardSolo`, `KillsHiberniaSolo`, `CapturedKeeps`, `CapturedTowers`, `CapturedRelics`, `KillsDragon`, `DeathsPvP`, `KillsLegion`, `KillsEpicBoss`, `GainXP`, `GainRP`, `Autoloot`, `LastFreeLeveled`, `LastFreeLevel`, `GuildNote`, `ShowXFireInfo`, `NoHelp`, `ShowGuildLogins`, `Champion`, `ChampionLevel`, `ChampionExperience`, `ML`, `MLExperience`, `MLLevel`, `MLGranted`, `RPFlag`, `IgnoreStatistics`, `NotDisplayedInHerald`, `ActiveSaddleBags`, `LastTimeRowUpdated`, `DOLCharacters_ID`) VALUES
	(0, 0, 85, 35, 118, 35, 60, 60, 60, 85, 0, 0, 1, 0, 100, 416, 135, 100, 100, 'andrewkirk1', 200, '2020-11-24 17:28:50', '2020-11-26 12:23:17', 'Mudpile', NULL, 'ea8535ac-4249-43ce-ae92-780a4c315a74', 0, 6, 20, 24, 2, 26764, 26764, 100, 0, 803681, 726146, 4723, 802869, 726016, 4699, 100, 1399, 0, 0, 0, 0, 0, 0, 0, 4079, 191, 0, 0, 0, 750, 0, '1|1;2|1;3|1;4|1;6|1;7|1;8|1;9|1;10|1;11|1;12|1;13|1;14|1;15|1', 'Sprint|0;Weaponry: Staves|0;Weaponry: Hammers|0;Weaponry: Axes|0;MidArmor|4;Weaponry: Swords|0;Tireless|0;Shield|2;Protect|2;Evade|1', 'Battlesongs|1;Axe|1;Sword|1;Parry|1;Hammer|1', '', '', '', '', '', 0, 0, 0, 1, 0, 1, 0, 0, 141, -9223372036854775808, 0, 1, 2, 0, 0, 0, 0, 1, 15, 0, 0, 2, 68, 68, 16, 0, 10, 16, 16, 0, '', 0, 0, 0, 0, 0, 0, 0, 0, 0, 0, 0, 0, 0, 0, 0, 0, 1, 1, 1, '2020-11-24 17:28:50', 0, '', 0, 0, 0, 0, 0, 0, 0, 0, 0, 0, 0, 0, 0, 0, '2020-11-26 17:23:17', '0306b258-9fa2-4133-87d0-15c94b355dde'),
	(1, 220, 78, 82, 70, 45, 116, 60, 60, 60, 5000, 0, 0, 17018693468, 100, 590, 271, 100, 100, 'morphy', 300, '2020-11-26 14:53:35', '2020-11-26 16:24:53', 'Ederrak', NULL, '984013fa-2647-4cae-8f9e-e905d58e5627', 0, 15, 41, 55, 3, 10942, 10942, 200, 1, 347279, 489681, 5200, 347279, 489681, 5200, 200, 2332, 0, 0, 0, 0, 0, 2, 2, 2332, 191, 42, 59, 62, 10, 0, '1|1;2|1;3|1;4|1;6|1;7|1;8|1;9|1;10|1;11|1;12|1;13|1;14|1;15|1', 'Sprint|0;Weaponry: Staves|0;HibArmor|1;QuickCast|0;Augmented Dexterity|1', 'Arboreal Path|41;Creeping Path|1;Verdant Path|1', 'Augmented Dexterity|1', '', '', '', '', 1, 0, 0, 1, 1, 1, 0, 8, 5461, 5040, 0, 0, 2, 0, 0, 1, 0, 1, 15, 0, 0, 2, 68, 68, 0, 7, 48, 80, 0, 0, '', 0, 0, 0, 0, 0, 0, 0, 0, 0, 0, 0, 0, 0, 0, 0, 0, 1, 1, 1, '2020-11-26 14:53:35', 0, '', 0, 0, 0, 0, 0, 0, 0, 0, 0, 0, 0, 0, 0, 0, '2020-11-26 21:24:53', '0af9a999-8b94-4cfa-a269-6c5c0d6dc539'),
	(0, 0, 50, 118, 50, 75, 115, 60, 60, 60, 2463, 0, 0, 173819739648, 100, 665, 408, 100, 100, 'admin', 100, '2020-11-26 12:45:30', '2020-11-26 20:52:21', 'Adminx', NULL, NULL, 0, 4, 50, 12, 1, 43487, 43487, 10, 1, 37818, 30029, 8002, 562418, 512268, 2500, 1, 2980, 0, 0, 0, 0, 0, 1, 0, 146, 191, 66, 67, 63, 0, 0, '1|1;2|1;3|1;4|1;6|1;7|1;8|1;9|1;10|1;11|1;12|1;13|1;14|1;15|1', 'Sprint|0;Weaponry: Staves|0;AlbArmor|1', 'Deathsight|1;Painworking|31;Death Servant|44', '', '', '', '', '', 0, 0, 0, 1, 0, 1, 0, 0, 27834, 1941, 0, 0, 2, 0, 0, 1, 0, 1, 15, 0, 0, 2, 68, 68, 0, 0, 0, 32, 128, 0, 'GameServerScripts.Titles.AdministratorTitle', 0, 0, 0, 0, 0, 0, 0, 0, 0, 0, 0, 0, 0, 0, 0, 0, 1, 1, 1, '2020-11-26 12:45:30', 0, '', 0, 0, 0, 1, 0, 0, 1, 0, 10, 1, 0, 1, 0, 0, '2020-11-27 01:52:21', '13559b1b-6717-44a3-882b-896971453a26'),
	(0, 0, 60, 80, 60, 60, 60, 70, 60, 60, 0, 0, 0, 0, 100, 35, 25, 100, 100, 'necro01', 109, '2020-11-25 02:41:12', '2020-11-25 02:42:00', 'Usynsin', NULL, '1b58e5c6-007a-40e2-8548-b7eb5a2d8649', 0, 4, 1, 1, 1, 45104, 45104, 1, 0, 562418, 512268, 2501, 562418, 512268, 2500, 1, 2980, 0, 0, 0, 0, 0, 0, 0, 2980, 191, 0, 0, 0, 0, 0, '1|1;2|1;3|1;4|1;6|1;7|1;8|1;9|1;10|1;11|1;12|1;13|1;14|1;15|1', 'Sprint|0;Weaponry: Staves|0;Weaponry: Slashing|0;Weaponry: Thrusting|0;Shield|3;AlbArmor|5;Weaponry: Crushing|0;Tireless|0;Weaponry: Two Handed|0', 'Slash|1;Thrust|1;Crush|1;Two Handed|1;Chants|1;Shields|1;Parry|1', '', '', '', '', '', 0, 0, 0, 1, 0, 1, 0, 8, 44, -9223372036854775808, 0, 0, 2, 0, 0, 1, 0, 1, 15, 0, 0, 2, 68, 68, 0, 0, 0, 16, 0, 0, '', 0, 0, 0, 0, 0, 0, 0, 0, 0, 0, 0, 0, 0, 0, 0, 0, 1, 1, 1, '2020-11-25 02:41:12', 0, '', 0, 0, 0, 0, 0, 0, 0, 0, 0, 0, 0, 0, 0, 0, '2020-11-25 07:42:00', '1c6c7709-4aaa-4fe0-ad1f-e6436cec9377'),
	(0, 0, 60, 90, 60, 60, 60, 60, 60, 60, 2900, 0, 0, 0, 100, 490, 131, 100, 100, 'andrewkirk1', 100, '2020-11-24 17:43:02', '2020-11-26 20:51:59', 'Mudpilex', NULL, '23f92d3f-8fcc-4046-987d-f3e51caafc60', 0, 4, 20, 19, 1, 43487, 43487, 10, 0, 37825, 30067, 8002, 562418, 512268, 2500, 1, 2980, 0, 0, 0, 0, 0, 0, 0, 3294, 191, 25, 48, 836, 750, 0, '1|1101;2|1105;3|1101;4|1101;6|1105;7|1105;8|1105;9|1101;10|1101;11|1101;12|1101;13|1101;14|1101;15|1', 'Sprint|0;Weaponry: Staves|0;Weaponry: Slashing|0;Weaponry: Thrusting|0;Shield|3;AlbArmor|4;Weaponry: Crushing|0;Tireless|0;Weaponry: Flexible|0;Protect|2;Evade|1', 'Slash|1;Thrust|1;Crush|1;Flexible|20;Shields|1;Soulrending|20;Parry|1', '', '', '', '', '', 1, 0, 0, 1, 0, 1, 0, 0, 5230, -9223372036854775808, 0, 0, 2, 0, 0, 1, 0, 1, 15, 0, 0, 2, 68, 68, 0, 0, 0, 32, 16, 0, '', 0, 0, 0, 0, 0, 0, 0, 0, 0, 0, 0, 0, 0, 0, 0, 0, 1, 1, 1, '2020-11-24 17:43:02', 0, '', 0, 0, 0, 0, 0, 0, 0, 0, 0, 0, 0, 0, 0, 0, '2020-11-27 01:51:59', '24d4994b-1df6-40b5-8942-fa8d5b666acb'),
	(0, 0, 50, 108, 50, 85, 60, 115, 60, 60, 176, 0, 0, 169999999950, 100, 721, 349, 100, 100, 'admin', 200, '2020-11-26 01:09:30', '2020-11-27 10:20:36', 'Admin', NULL, NULL, 0, 8, 50, 30, 2, 27154, 27154, 91, 1, 32503, 30949, 15733, 802869, 726016, 4699, 100, 1399, 0, 0, 0, 0, 0, 1, 0, 18, 191, 4, 20, 7, 0, 0, '1|1;2|1;3|1;4|1;6|1;7|1;8|1;9|1;10|1;11|1;12|1;13|1;14|1;15|1', 'Sprint|0;Weaponry: Staves|0;MidArmor|1;QuickCast|0', 'Darkness|1;Suppression|48;Bone Army|24', '', '', '', '', '', 0, 0, 0, 1, 0, 1, 0, 0, 37823, 36319, 0, 0, 2, 0, 0, 1, 0, 1, 15, 0, 0, 2, 68, 68, 0, 1, 0, 32, 0, 0, '', 0, 0, 0, 0, 0, 0, 0, 0, 0, 0, 0, 0, 0, 0, 0, 0, 1, 1, 1, '2020-11-26 01:09:30', 0, '', 0, 0, 0, 0, 0, 0, 0, 0, 0, 0, 0, 1, 0, 0, '2020-11-27 15:20:36', '2737e7a5-fd3c-44db-ba68-a45acd08fea1'),
	(0, 0, 60, 75, 60, 60, 60, 70, 60, 60, 0, 0, 0, 0, 100, 0, 0, 100, 100, 'andrewkirk2', 100, '2020-11-24 17:43:46', '2020-11-24 17:43:46', 'Inkstainx', NULL, '1b58e5c6-007a-40e2-8548-b7eb5a2d8649', 0, 1, 20, 6, 1, 10711, 10711, 1, 0, 562418, 512268, 2500, 562418, 512268, 2500, 1, 2980, 0, 0, 0, 0, 0, 0, 0, 2980, 191, 0, 0, 0, 0, 0, '1|1;2|1;3|1;4|1;6|1;7|1;8|1;9|1;10|1;11|1;12|1;13|1;14|1;15|1', '', '', '', '', '', '', '', 0, 0, 0, 1, 0, 1, 0, 8, 0, -9223372036854775808, 0, 0, 2, 0, 0, 1, 0, 1, 15, 0, 0, 2, 68, 68, 0, 15, 0, 16, 112, 0, '', 0, 0, 0, 0, 0, 0, 0, 0, 0, 0, 0, 0, 0, 0, 0, 0, 1, 1, 1, '2020-11-24 17:43:46', 0, '', 0, 0, 0, 0, 0, 0, 0, 0, 0, 0, 0, 0, 0, 0, '2020-11-24 22:43:47', '27cde3a3-5cee-4a91-a48f-b1896293ab13'),
	(0, 0, 88, 65, 65, 50, 60, 85, 60, 60, 0, 0, 1, 0, 100, 401, 135, 100, 100, 'andrewkirk2', 200, '2020-11-24 17:38:17', '2020-11-26 12:23:20', 'Inkstain', NULL, 'ea8535ac-4249-43ce-ae92-780a4c315a74', 0, 7, 20, 28, 2, 27146, 27146, 100, 0, 803617, 726256, 4736, 802869, 726016, 4699, 100, 1399, 0, 0, 0, 0, 0, 0, 0, 2622, 191, 0, 0, 10, 0, 0, '1|1;2|1;3|1;4|1;6|1;7|1;8|1;9|1;10|1;11|1;12|1;13|1;14|1;15|1', 'Sprint|0;Weaponry: Staves|0;Weaponry: Hammers|0;Shield|1;MidArmor|4', 'Mending|1;Augmentation|1;Subterranean|1', '', '', '', '', '', 0, 0, 0, 1, 0, 1, 0, 0, 479, -9223372036854775808, 0, 1, 2, 0, 0, 0, 0, 1, 15, 0, 0, 2, 68, 68, 0, 11, 0, 48, 112, 0, '', 0, 0, 0, 0, 0, 0, 0, 0, 0, 0, 0, 0, 0, 0, 0, 0, 1, 1, 1, '2020-11-24 17:38:17', 0, '', 0, 0, 0, 0, 0, 0, 0, 0, 0, 0, 0, 0, 0, 0, '2020-11-26 17:23:20', '3b9667d3-9834-499b-a213-c6a6982cae84'),
	(1, 249, 40, 140, 65, 103, 60, 60, 60, 60, 1609, 2562, 7, 170488898510, 100, 1377, 422, 104, 100, 'andrewkirk1', 301, '2020-11-24 17:46:34', '2020-11-27 00:18:00', 'Puddlez', NULL, '4aa92a81-4b7c-4cb4-85cf-51522db5680d', 0, 12, 50, 49, 3, 10786, 10786, 163, 0, 530437, 411359, 9498, 347279, 489681, 5200, 200, 2332, 0, 0, 0, 0, 0, 1, 0, 1662, 191, 74, 70, 385, 0, 0, '1|1;2|1;3|1;4|1;6|1;7|1;8|1;9|1;10|1;11|1;12|1;13|1;14|1;15|1', 'Sprint|0;Weaponry: Staves|0;HibArmor|2;Weaponry: Blades|0;Evade|7;Weaponry: Piercing|0;Tireless|0;Shield|1;Distraction|0;Danger Sense|0;Safe Fall|3;Caltrops|0;Long Wind|1;Subtle Kills|0;Remedy|0;Detect Hidden|0;Climb Walls|0;Climbing|0;Viper|1', 'Stealth|39;Piercing|21;Blades|1;Celtic Dual|1;Critical Strike|45;Envenom|50', 'Long Wind|1;Viper|1', '', '', '', '', 1, 0, 0, 1, 0, 1, 0, 1, 44208, 39998, 0, 1, 2, 0, 0, 0, 3, 1, 15, 0, 0, 2, 68, 68, 0, 3, 0, 80, 96, 0, '', 0, 0, 0, 0, 0, 0, 0, 0, 0, 1, 1, 0, 0, 0, 0, 0, 1, 1, 1, '2020-11-24 17:46:34', 0, '', 0, 0, 0, 0, 0, 0, 0, 0, 0, 0, 0, 0, 0, 0, '2020-11-27 05:18:00', '4637c4a3-acca-40b1-84c9-22dfaf5f0340'),
	(0, 0, 50, 93, 50, 76, 60, 86, 60, 60, 0, 0, 1, 39579072, 100, 451, 212, 100, 100, 'korindar', 201, '2020-11-26 15:21:50', '2020-11-26 18:10:45', 'Drbones', NULL, '4a4b6e79-fe3a-4d09-87e5-cc8e15f59d30', 0, 8, 21, 30, 2, 55825, 55825, 91, 1, 31174, 30886, 15733, 802869, 726016, 4699, 100, 1399, 0, 0, 0, 0, 0, 0, 0, 508, 191, 53, 1, 53, 0, 0, '1|1;2|1;3|1;4|1;6|1;7|1;8|1;9|1;10|1;11|1;12|1;13|1;14|1;15|1', 'Sprint|0;Weaponry: Staves|0;MidArmor|1;QuickCast|0', 'Darkness|1;Suppression|19;Bone Army|1', '', '', '', '', '', 0, 0, 0, 1, 0, 1, 0, 8, 9606, -9223372036854775808, 0, 0, 2, 0, 0, 0, 0, 1, 15, 0, 0, 2, 68, 68, 0, 0, 0, 16, 0, 0, '', 0, 0, 0, 0, 0, 0, 0, 0, 0, 0, 0, 0, 0, 0, 0, 0, 1, 1, 1, '2020-11-26 15:21:50', 0, '', 0, 0, 0, 0, 0, 0, 0, 0, 0, 0, 0, 0, 0, 0, '2020-11-26 23:10:45', '4e6a6400-e762-4626-bcec-ca0e9b29038e'),
	(0, 0, 64, 75, 60, 60, 60, 60, 66, 81, 1502, 0, 0, 7851332, 100, 395, 155, 100, 100, 'korindar1', 300, '2020-11-26 18:43:04', '2020-11-26 22:06:32', 'Macbard', NULL, '984013fa-2647-4cae-8f9e-e905d58e5627', 0, 9, 16, 48, 3, 55831, 55831, 249, 1, 33204, 48327, 19819, 347279, 489681, 5200, 200, 2332, 0, 0, 0, 0, 0, 0, 0, 1058, 191, 75, 84, 38, 0, 0, '1|1;2|1;3|1;4|1;6|1;7|1;8|1;9|1;10|1;11|1;12|1;13|1;14|1;15|1', 'Sprint|0;Weaponry: Blunt|0;Weaponry: Staves|0;HibArmor|3;Weaponry: Blades|0;Shield|1;Tireless|0;Weaponry: Instruments|0;Evade|1', 'Nurture|14;Regrowth|11;Music|1;Blades|1;Blunt|1', '', '', '', '', '', 0, 0, 0, 1, 0, 1, 0, 8, 11156, 8356, 0, 0, 2, 0, 0, 0, 0, 1, 15, 0, 0, 2, 68, 68, 0, 0, 0, 16, 0, 0, '', 0, 0, 0, 0, 0, 0, 0, 0, 0, 0, 0, 0, 0, 0, 0, 0, 1, 1, 1, '2020-11-26 18:43:04', 0, '', 0, 0, 0, 0, 0, 0, 0, 0, 0, 0, 0, 0, 0, 0, '2020-11-27 03:06:32', '51eca924-c1a6-455b-bef2-81291fa11abd'),
	(0, 0, 99, 77, 82, 60, 60, 75, 60, 60, 0, 0, 0, 0, 100, 718, 220, 100, 100, 'andrewkirk1', 201, '2020-11-26 12:28:29', '2020-11-26 12:35:00', 'Puddle', NULL, 'ea8535ac-4249-43ce-ae92-780a4c315a74', 1, 17, 39, 34, 2, 3121, 3121, 100, 0, 803402, 726072, 4680, 802869, 726016, 4699, 100, 1399, 0, 0, 0, 0, 0, 0, 0, 3621, 191, 0, 0, 0, 0, 0, '1|1;2|1;3|1;4|1;6|1;7|1;8|1;9|1;10|1;11|1;12|1;13|1;14|1;15|1', 'Sprint|0;Tireless|0;Weaponry: Spears|0;Shield|3;MidArmor|4;Weaponry: Swords|0;Protect|2;Guard|3;Engage|0', 'Shields|23;Spear|1;Mending|31;Odin\'s Will|17;Sword|34;Parry|7', '', '', '', '', '', 0, 0, 0, 1, 0, 1, 0, 9, 344, -9223372036854775808, 0, 0, 2, 0, 0, 1, 0, 1, 15, 0, 0, 2, 68, 68, 0, 15, 0, 48, 16, 0, '', 0, 0, 0, 0, 0, 0, 0, 0, 0, 0, 0, 0, 0, 0, 0, 0, 1, 1, 1, '2020-11-26 12:28:29', 0, '', 0, 0, 0, 0, 0, 0, 0, 0, 0, 0, 0, 0, 0, 0, '2020-11-26 17:35:00', '520b9710-10b7-42c3-9d2d-b32e47b9e741'),
	(0, 0, 40, 90, 50, 75, 70, 60, 60, 60, 0, 0, 0, 0, 100, 30, 25, 100, 100, 'necro01', 309, '2020-11-25 02:50:00', '2020-11-25 02:51:30', 'Eadisrirb', NULL, '984013fa-2647-4cae-8f9e-e905d58e5627', 1, 11, 1, 39, 3, 62005, 62005, 200, 1, 347279, 489681, 5200, 347279, 489681, 5200, 200, 2332, 0, 0, 0, 0, 0, 0, 0, 3119, 191, 0, 0, 0, 0, 0, '1|1;2|1;3|1;4|1;6|1;7|1;8|1;9|1;10|1;11|1;12|1;13|1;14|1;15|1', 'Sprint|0;Weaponry: Staves|0;HibArmor|1;QuickCast|0', 'Ethereal Shriek|1;Phantasmal Wail|1;Spectral Guard|1', '', '', '', '', '', 0, 0, 0, 1, 0, 1, 0, 8, 83, -9223372036854775808, 0, 0, 2, 0, 0, 1, 0, 1, 15, 0, 0, 2, 68, 68, 0, 0, 0, 16, 0, 0, '', 0, 0, 0, 0, 0, 0, 0, 0, 0, 0, 0, 0, 0, 0, 0, 0, 1, 1, 1, '2020-11-25 02:50:00', 0, '', 0, 0, 0, 0, 0, 0, 0, 0, 0, 0, 0, 0, 0, 0, '2020-11-25 07:51:30', '5321acd6-ce18-4773-aade-0b308ab49e23'),
	(0, 0, 50, 95, 50, 60, 70, 60, 60, 60, 0, 0, 0, 162, 100, 42, 30, 100, 100, 'korindar', 101, '2020-11-26 01:34:45', '2020-11-26 11:38:59', 'Sharynosha', NULL, '1b58e5c6-007a-40e2-8548-b7eb5a2d8649', 0, 4, 2, 12, 1, 45104, 45104, 1, 1, 561985, 508435, 2892, 562418, 512268, 2500, 1, 2980, 0, 0, 0, 0, 0, 0, 0, 172, 191, 93, 0, 0, 0, 0, '1|1;2|1;3|1;4|1;6|1;7|1;8|1;9|1;10|1;11|1;12|1;13|1;14|1;15|1', 'Sprint|0;Weaponry: Staves|0;AlbArmor|1', 'Deathsight|1;Painworking|2;Death Servant|1', '', '', '', '', '', 0, 0, 0, 1, 0, 1, 0, 8, 323, -9223372036854775808, 0, 0, 2, 0, 0, 1, 0, 1, 15, 0, 0, 2, 68, 68, 0, 0, 0, 16, 0, 0, '', 0, 0, 0, 0, 0, 0, 0, 0, 0, 0, 0, 0, 0, 0, 0, 0, 1, 1, 1, '2020-11-26 01:34:46', 0, '', 0, 0, 0, 0, 0, 0, 0, 0, 0, 0, 0, 0, 0, 0, '2020-11-26 16:38:59', '62619664-3bd5-4ff0-b487-9f4070a4c58e'),
	(1, 249, 75, 75, 60, 60, 60, 60, 83, 115, 2613, 2440, 7, 170387973070, 100, 1402, 340, 100, 100, 'andrewkirk2', 301, '2020-11-24 17:47:49', '2020-11-27 00:17:59', 'Scrubtasticz', NULL, '4aa92a81-4b7c-4cb4-85cf-51522db5680d', 0, 9, 50, 48, 3, 10775, 10775, 163, 1, 532986, 406356, 8951, 347279, 489681, 5200, 200, 2332, 0, 0, 0, 0, 0, 1, 0, 3130, 191, 89, 11, 364, 0, 0, '1|1;2|1;3|1;4|1;6|1;7|1;8|1;9|1;10|1;11|1;12|1;13|1;14|1;15|1', 'Sprint|0;Weaponry: Blunt|0;Weaponry: Staves|0;HibArmor|3;Weaponry: Blades|0;Shield|1;Tireless|0;Weaponry: Instruments|0;Evade|2;Long Wind|1;Wild Healing|2', 'Nurture|44;Regrowth|21;Music|44;Blades|1;Blunt|1', 'Long Wind|1;Wild Healing|2', '', '', '', '', 0, 0, 0, 1, 0, 1, 0, 0, 44050, 41546, 0, 0, 2, 0, 0, 0, 0, 1, 15, 0, 0, 2, 68, 68, 0, 15, 0, 16, 128, 0, '', 0, 0, 0, 0, 0, 0, 0, 0, 0, 1, 1, 0, 0, 0, 0, 0, 1, 1, 1, '2020-11-24 17:47:49', 0, '', 0, 0, 0, 0, 0, 0, 0, 0, 0, 0, 0, 0, 0, 0, '2020-11-27 05:17:59', '642d135a-2b33-4114-8a27-33cea066fdfb'),
	(1, 1, 74, 60, 72, 60, 60, 72, 60, 60, 9, 0, 0, 133736, 100, 181, 67, 100, 100, 'korindar', 100, '2020-11-25 23:38:20', '2020-11-26 13:52:21', 'Korn', NULL, '1b58e5c6-007a-40e2-8548-b7eb5a2d8649', 0, 1, 9, 1, 1, 39383, 39383, 51, 0, 535076, 548788, 4800, 562418, 512268, 2500, 1, 2980, 0, 0, 0, 0, 0, 0, 0, 3571, 191, 10, 53, 2, 0, 0, '1|1;2|1;3|1;4|1;6|1;7|1;8|1;9|1;10|1;11|1;12|1;13|1;14|1;15|1', 'Sprint|0;Weaponry: Staves|0;Weaponry: Slashing|0;Weaponry: Thrusting|0;Shield|3;AlbArmor|5;Weaponry: Crushing|0;Tireless|0;Weaponry: Two Handed|0;Protect|1', 'Slash|8;Thrust|1;Crush|1;Two Handed|1;Chants|7;Shields|1;Parry|1', '', '', '', '', '', 0, 0, 0, 1, 0, 1, 0, 8, 4969, 3547, 0, 0, 2, 0, 0, 0, 0, 1, 15, 0, 0, 2, 68, 68, 0, 0, 0, 16, 0, 0, '', 0, 0, 0, 0, 0, 0, 0, 0, 0, 0, 0, 0, 0, 0, 0, 0, 1, 1, 1, '2020-11-25 23:38:20', 0, '', 0, 0, 0, 0, 0, 0, 0, 0, 0, 0, 0, 0, 0, 0, '2020-11-26 18:52:21', '6791c867-0b4d-42c1-aec0-8f2d6507e17f'),
	(0, 0, 55, 70, 55, 60, 60, 85, 60, 60, 0, 0, 0, 0, 100, 1, 0, 100, 100, 'necro01', 200, '2020-11-25 02:44:14', '2020-11-25 02:44:19', 'Atsolast', NULL, '4a4b6e79-fe3a-4d09-87e5-cc8e15f59d30', 1, 17, 1, 29, 2, 5169, 5169, 100, 1, 802869, 726016, 4699, 802869, 726016, 4699, 100, 1399, 0, 0, 0, 0, 0, 0, 0, 1399, 191, 0, 0, 0, 0, 0, '1|1;2|1;3|1;4|1;6|1;7|1;8|1;9|1;10|1;11|1;12|1;13|1;14|1;15|1', 'Sprint|0;Weaponry: Staves|0;MidArmor|1;QuickCast|0', 'Darkness|1;Suppression|1;Runecarving|1', '', '', '', '', '', 0, 0, 0, 1, 0, 1, 0, 8, 2, -9223372036854775808, 0, 0, 2, 0, 0, 1, 0, 1, 15, 0, 0, 2, 17, 4, 64, 12, 16, 48, 64, 0, '', 0, 0, 0, 0, 0, 0, 0, 0, 0, 0, 0, 0, 0, 0, 0, 0, 1, 1, 1, '2020-11-25 02:44:14', 0, '', 0, 0, 0, 0, 0, 0, 0, 0, 0, 0, 0, 0, 0, 0, '2020-11-25 07:44:19', '7f669be6-3f23-4e27-8f4a-faaa215f32e0'),
	(0, 0, 50, 113, 75, 60, 60, 60, 60, 115, 4697, 10, 1, 6961616542, 100, 1464, 330, 100, 100, 'andrewkirk2', 101, '2020-11-26 12:48:34', '2020-11-26 19:40:09', 'Scrubtasticx', NULL, '23f92d3f-8fcc-4046-987d-f3e51caafc60', 0, 4, 50, 4, 1, 43487, 43487, 1, 1, 583409, 486700, 2184, 562418, 512268, 2500, 1, 2980, 0, 0, 0, 0, 0, 0, 0, 2117, 191, 66, 37, 85, 0, 0, '1|1;2|1;3|1;4|1;6|1;7|1;8|1;9|1;10|1;11|1;12|1;13|1;14|1;15|1', 'Sprint|0;Weaponry: Staves|0;Weaponry: Slashing|0;Weaponry: Thrusting|0;Shield|1;Evade|2;AlbArmor|4;Tireless|0;Weaponry: Instruments|0;Distraction|0;Danger Sense|0;Safe Fall|3;Climb Walls|0;Climbing|0', 'Stealth|32;Slash|39;Thrust|1;Instruments|44', '', '', '', '', '', 1, 0, 0, 1, 0, 1, 0, 0, 24154, 1898, 0, 0, 2, 0, 0, 0, 0, 1, 15, 0, 0, 2, 68, 68, 0, 0, 0, 32, 16, 0, '', 0, 0, 0, 0, 0, 0, 0, 0, 0, 0, 2, 0, 0, 0, 0, 0, 0, 1, 1, '2020-11-26 12:48:34', 0, '', 0, 0, 0, 0, 0, 0, 0, 0, 0, 0, 0, 0, 0, 0, '2020-11-27 00:40:09', '80ae59ea-4613-4ddf-9dc3-ae7c11da7b98'),
	(1, 220, 83, 62, 96, 40, 60, 60, 60, 60, 0, 0, 0, 727381, 100, 301, 0, 100, 100, 'morphy2', 300, '2020-11-26 15:36:18', '2020-11-26 16:24:30', 'Orcahib', NULL, '984013fa-2647-4cae-8f9e-e905d58e5627', 0, 21, 11, 44, 3, 3467, 3467, 200, 1, 347279, 489681, 5200, 347279, 489681, 5200, 200, 2332, 0, 0, 0, 0, 0, 1, 1, 2332, 191, 36, 82, 59, 0, 0, '1|1;2|1;3|1;4|1;6|1;7|1;8|1;9|1;10|1;11|1;12|1;13|1;14|1;15|1', 'Sprint|0;Weaponry: Blunt|0;Weaponry: Staves|0;HibArmor|4;Weaponry: Blades|0;Shield|3;Evade|1;Weaponry: Piercing|0;Tireless|0;Weaponry: Large Weapons|0;Weaponry: Shortbows|0;Weaponry: Celtic Spears|0;Taunting Shout|0;Siege Resist|0;Protect|1', 'Blades|1;Blunt|1;Piercing|1;Parry|1;Celtic Spear|1;Large Weapons|1;Shields|1', '', '', '', '', '', 0, 0, 0, 1, 0, 1, 0, 8, 2879, 2521, 0, 0, 2, 0, 0, 0, 0, 1, 15, 0, 0, 2, 132, 68, 23, 14, 96, 160, 16, 0, '', 0, 0, 0, 0, 0, 0, 0, 0, 0, 0, 0, 0, 0, 0, 0, 0, 1, 1, 1, '2020-11-26 15:36:18', 0, '', 0, 0, 0, 0, 0, 0, 0, 0, 0, 0, 0, 0, 0, 0, '2020-11-26 21:24:30', '8d7ed510-df7a-41fb-991e-3c7d1e578416'),
	(0, 0, 84, 55, 153, 40, 60, 60, 70, 60, 762, 3543, 8, 171967652814, 100, 1724, 0, 106, 100, 'korindar', 300, '2020-11-26 18:09:58', '2020-11-27 00:43:43', 'Mactruck', NULL, '2625bab6-5b37-4752-946d-fa2b10ff7a3f', 0, 10, 50, 44, 3, 45344, 45344, 163, 1, 588623, 520840, 7879, 347279, 489681, 5200, 200, 2332, 0, 0, 0, 0, 0, 2, 3, 753, 191, 93, 63, 105, 0, 0, '1|1;2|1;3|1;4|1;6|1;7|1;8|1;9|1;10|1;11|1;12|1;13|1;14|1;15|1', 'Sprint|0;Weaponry: Blunt|0;Weaponry: Staves|0;HibArmor|4;Weaponry: Blades|0;Shield|3;Evade|1;Weaponry: Piercing|0;Tireless|0;Weaponry: Large Weapons|0;Weaponry: Shortbows|0;Weaponry: Celtic Spears|0;Taunting Shout|0;Siege Resist|0;Protect|3;Intercept|0;Metal Guard|0;Stag|4;Bolstering Roar|0;Stoicism|0;Climbing Spikes|0;Rampage|0;Memories of War|10;Scars of Battle|10;Fury|0;Guard|3;Engage|0;Long Wind|1;Augmented Strength|2;Mastery of Pain|1', 'Blades|1;Blunt|1;Piercing|1;Parry|39;Celtic Spear|1;Large Weapons|50;Shields|42', 'Long Wind|1;Augmented Strength|2;Mastery of Pain|1', '', 'Stag|255140', '', '', 0, 0, 0, 1, 0, 1, 0, 0, 22416, 16637, 0, 0, 2, 0, 0, 0, 0, 1, 15, 0, 0, 2, 68, 68, 0, 0, 0, 16, 0, 0, '', 0, 0, 0, 0, 0, 0, 0, 0, 0, 1, 3, 0, 0, 0, 0, 0, 1, 1, 1, '2020-11-26 15:21:50', 0, '', 0, 0, 0, 1, 0, 9825, 0, 0, 0, 0, 0, 0, 0, 0, '2020-11-27 05:43:43', '8fa4b5ae-31fb-46d3-a904-da0f80632bdc'),
	(0, 0, 80, 45, 110, 35, 60, 60, 60, 60, 0, 0, 0, 0, 100, 39, 0, 100, 100, 'morphy4', 200, '2020-11-26 15:39:35', '2020-11-26 16:21:04', 'Eokin', NULL, '4a4b6e79-fe3a-4d09-87e5-cc8e15f59d30', 0, 6, 1, 22, 2, 4233, 4233, 91, 0, 31955, 30276, 15733, 802869, 726016, 4699, 100, 1399, 0, 0, 0, 0, 0, 0, 0, 35, 191, 0, 0, 0, 0, 0, '1|1;2|1;3|1;4|1;6|1;7|1;8|1;9|1;10|1;11|1;12|1;13|1;14|1;15|1', 'Sprint|0;Weaponry: Staves|0;Weaponry: Hammers|0;Weaponry: Axes|0;MidArmor|4;Weaponry: Swords|0;Tireless|0;Weaponry: Thrown|0;Shield|3', 'Axe|1;Hammer|1;Sword|1;Parry|1;Thrown Weapons|1;Shields|1', '', '', '', '', '', 0, 0, 0, 1, 0, 1, 0, 8, 2481, -9223372036854775808, 0, 0, 2, 0, 0, 1, 0, 1, 15, 0, 0, 2, 68, 68, 0, 1, 71, 16, 16, 0, '', 0, 0, 0, 0, 0, 0, 0, 0, 0, 0, 0, 0, 0, 0, 0, 0, 1, 1, 1, '2020-11-26 15:39:35', 0, '', 0, 0, 0, 0, 0, 0, 0, 0, 0, 0, 0, 0, 0, 0, '2020-11-26 21:21:04', '9fd2d238-73da-40a5-be40-4fe3404b6f1e'),
	(0, 0, 75, 75, 83, 60, 60, 60, 115, 60, 478, 3543, 8, 171967652814, 100, 1230, 404, 106, 100, 'korindar1', 301, '2020-11-26 22:07:23', '2020-11-27 00:44:02', 'Blockbuster', NULL, '2625bab6-5b37-4752-946d-fa2b10ff7a3f', 0, 9, 50, 46, 3, 53783, 53783, 163, 0, 588768, 520780, 7879, 347279, 489681, 5200, 200, 2332, 0, 0, 0, 0, 0, 1, 1, 771, 191, 10, 28, 24, 20, 0, '1|1;2|1;3|1;4|1;6|1;7|1;8|1;9|1;10|1;11|1;12|1;13|1;14|1;15|1', 'Sprint|0;Weaponry: Blunt|0;Weaponry: Staves|0;HibArmor|4;Weaponry: Blades|0;Shield|3;Tireless|0;Weaponry: Shortbows|0;Guard|3;Engage|0;Long Wind|2;Augmented Constitution|1;Augmented Dexterity|1;Mastery of Blocking|1', 'Nurture|46;Regrowth|36;Blades|4;Blunt|1;Shields|42;Parry|1', 'Long Wind|2;Augmented Constitution|1;Augmented Dexterity|1;Mastery of Blocking|1', '', '', '', '', 0, 0, 0, 1, 0, 1, 0, 9, 9372, 3635, 0, 0, 2, 0, 0, 1, 0, 1, 15, 0, 0, 2, 68, 68, 0, 0, 0, 16, 0, 0, '', 0, 0, 0, 0, 0, 0, 0, 0, 0, 1, 3, 0, 0, 0, 0, 0, 1, 1, 1, '2020-11-26 22:07:23', 0, '', 0, 0, 0, 0, 0, 0, 0, 0, 0, 0, 0, 0, 0, 0, '2020-11-27 05:44:02', 'a8ed5d46-1e72-4581-a1e8-1fee8bb5672b'),
	(0, 0, 50, 90, 50, 80, 60, 60, 60, 60, 0, 0, 0, 0, 100, 363, 110, 100, 100, 'andrewkirk1', 300, '2020-11-24 17:46:12', '2020-11-24 18:01:54', 'Mudpilez', NULL, '4aa92a81-4b7c-4cb4-85cf-51522db5680d', 0, 12, 20, 45, 3, 59938, 59938, 200, 0, 347992, 490053, 5200, 347279, 489681, 5200, 200, 2332, 0, 0, 0, 0, 0, 0, 0, 15, 191, 0, 0, 999, 749, 0, '1|1;2|1;3|1;4|1;6|1;7|1;8|1;9|1;10|1;11|1;12|1;13|1;14|1;15|1', 'Sprint|0;Weaponry: Blunt|0;Weaponry: Staves|0;HibArmor|4;Weaponry: Blades|0;Shield|3;Evade|1;Weaponry: Piercing|0;Tireless|0;Weaponry: Large Weapons|0;Protect|1;Intercept|0', 'Blades|1;Blunt|1;Piercing|1;Parry|1;Large Weapons|1;Shields|1;Valor|1', '', '', '', '', '', 0, 0, 0, 1, 0, 1, 0, 0, 325, -9223372036854775808, 0, 0, 2, 0, 0, 1, 0, 1, 15, 0, 0, 2, 68, 68, 0, 15, 0, 80, 16, 0, '', 0, 0, 0, 0, 0, 0, 0, 0, 0, 0, 0, 0, 0, 0, 0, 0, 1, 1, 1, '2020-11-24 17:46:12', 0, '', 0, 0, 0, 0, 0, 0, 0, 0, 0, 0, 0, 0, 0, 0, '2020-11-24 23:01:54', 'ab405454-175d-4a0c-9bff-502107a33e0f'),
	(0, 0, 78, 75, 72, 60, 60, 60, 106, 60, 5000, 0, 0, 17864650587, 100, 692, 261, 100, 100, 'morphy1', 300, '2020-11-26 15:01:09', '2020-11-26 16:24:20', 'Hadessan', NULL, '984013fa-2647-4cae-8f9e-e905d58e5627', 0, 9, 41, 47, 3, 10775, 10775, 91, 0, 31432, 30150, 15733, 347279, 489681, 5200, 200, 2332, 0, 0, 0, 0, 0, 0, 0, 116, 191, 84, 36, 73, 10, 0, '1|1;2|1;3|1;4|1;6|1;7|1;8|1;9|1;10|1;11|1;12|1;13|1;14|1;15|1', 'Sprint|0;Weaponry: Blunt|0;Weaponry: Staves|0;HibArmor|4;Weaponry: Blades|0;Shield|1', 'Nurture|1;Regrowth|1;Nature|41', '', '', '', '', '', 0, 0, 0, 1, 1, 1, 0, 8, 4977, -9223372036854775808, 0, 0, 2, 0, 0, 1, 0, 1, 15, 0, 0, 2, 68, 68, 0, 1, 1, 16, 16, 0, '', 0, 0, 0, 0, 0, 0, 0, 0, 0, 0, 0, 0, 0, 0, 0, 0, 1, 1, 1, '2020-11-26 15:01:09', 0, '', 0, 0, 0, 0, 0, 0, 0, 0, 0, 0, 0, 0, 0, 0, '2020-11-26 21:24:20', 'b0d1bbe4-55ee-457f-9b6d-a7ccf0b2433f'),
	(0, 0, 60, 75, 60, 60, 60, 60, 70, 60, 0, 0, 0, 0, 100, 0, 0, 100, 100, 'andrewkirk2', 300, '2020-11-24 17:47:27', '2020-11-24 17:47:27', 'Inkstainz', NULL, '984013fa-2647-4cae-8f9e-e905d58e5627', 0, 9, 20, 47, 3, 10775, 10775, 200, 0, 347279, 489681, 5200, 347279, 489681, 5200, 200, 2332, 0, 0, 0, 0, 0, 0, 0, 2332, 191, 0, 0, 0, 0, 0, '1|1;2|1;3|1;4|1;6|1;7|1;8|1;9|1;10|1;11|1;12|1;13|1;14|1;15|1', '', '', '', '', '', '', '', 0, 0, 0, 1, 0, 1, 0, 8, 0, -9223372036854775808, 0, 0, 2, 0, 0, 1, 0, 1, 15, 0, 0, 2, 68, 68, 0, 15, 0, 16, 16, 0, '', 0, 0, 0, 0, 0, 0, 0, 0, 0, 0, 0, 0, 0, 0, 0, 0, 1, 1, 1, '2020-11-24 17:47:27', 0, '', 0, 0, 0, 0, 0, 0, 0, 0, 0, 0, 0, 0, 0, 0, '2020-11-24 22:47:27', 'b80b4719-5422-435f-baae-c9a64bc233b8'),
	(1, 249, 84, 35, 116, 35, 60, 60, 60, 81, 375, 0, 0, 6186658, 100, 399, 111, 100, 100, 'korindar', 200, '2020-11-26 11:40:22', '2020-11-26 15:00:10', 'Kor', NULL, '4a4b6e79-fe3a-4d09-87e5-cc8e15f59d30', 0, 6, 16, 24, 2, 30860, 30860, 249, 0, 14258, 14103, 22403, 802869, 726016, 4699, 100, 1399, 0, 0, 0, 0, 0, 0, 2, 397, 191, 32, 51, 21, 0, 0, '1|1;2|1;3|1;4|1;6|1;7|1;8|1;9|1;10|1;11|1;12|1;13|1;14|1;15|1', 'Sprint|0;Weaponry: Staves|0;Weaponry: Hammers|0;Weaponry: Axes|0;MidArmor|4;Weaponry: Swords|0;Tireless|0;Shield|2;Protect|1', 'Battlesongs|13;Axe|2;Sword|1;Parry|1;Hammer|13', '', '', '', '', '', 0, 0, 0, 1, 0, 1, 0, 8, 8492, 4182, 0, 0, 2, 0, 0, 0, 0, 1, 15, 0, 0, 2, 68, 68, 0, 0, 0, 16, 0, 0, '', 0, 0, 0, 0, 0, 0, 0, 0, 0, 0, 0, 0, 0, 0, 0, 0, 1, 1, 1, '2020-11-26 11:40:22', 0, '', 0, 0, 0, 0, 0, 0, 0, 0, 0, 0, 0, 0, 0, 0, '2020-11-26 20:00:10', 'bb62869a-62df-431c-963a-1f3364119fc2'),
	(1, 125, 72, 70, 67, 60, 60, 119, 60, 60, 0, 0, 0, 1880455, 100, 639, 264, 100, 100, 'andrewkirk2', 201, '2020-11-24 17:39:06', '2020-11-26 12:34:58', 'Scrubtastic', NULL, 'ea8535ac-4249-43ce-ae92-780a4c315a74', 0, 17, 39, 26, 2, 3109, 3109, 100, 0, 803447, 726043, 4680, 802869, 726016, 4699, 100, 1399, 0, 0, 0, 0, 0, 0, 1, 3839, 191, 50, 45, 23, 0, 0, '1|1;2|1;3|1;4|1;6|1;7|1;8|1;9|1;10|1;11|1;12|1;13|1;14|1;15|1', 'Sprint|0;Weaponry: Staves|0;Weaponry: Hammers|0;Shield|1;MidArmor|4', 'Mending|18;Augmentation|34;Pacification|1', '', '', '', '', '', 0, 0, 0, 1, 0, 1, 0, 2, 40504, 39439, 0, 0, 2, 0, 0, 0, 0, 1, 15, 0, 0, 2, 68, 68, 0, 13, 0, 16, 0, 0, '', 0, 0, 0, 0, 0, 0, 0, 0, 0, 0, 0, 0, 0, 0, 0, 0, 1, 1, 1, '2020-11-24 17:39:06', 0, '', 0, 0, 0, 0, 0, 0, 0, 0, 0, 0, 0, 0, 0, 0, '2020-11-26 17:34:58', 'c46ed86b-2a83-4261-bca3-f17ed736b52c'),
	(0, 0, 103, 60, 85, 50, 60, 115, 60, 60, 3832, 10, 1, 171721134071, 100, 1606, 330, 100, 100, 'andrewkirk1', 101, '2020-11-26 12:46:30', '2020-11-26 19:16:45', 'Puddlex', NULL, '23f92d3f-8fcc-4046-987d-f3e51caafc60', 0, 3, 50, 10, 1, 2536, 2536, 1, 1, 560750, 511493, 2344, 562418, 512268, 2500, 1, 2980, 0, 0, 0, 0, 0, 0, 0, 796, 191, 81, 61, 60, 0, 0, '1|1;2|1;3|1;4|1;6|1;7|1;8|1;9|1;10|1;11|1;12|1;13|1;14|1;15|1', 'Sprint|0;Weaponry: Staves|0;Shield|1;AlbArmor|2;Weaponry: Crushing|0;Tireless|0;Evade|5;Long Wind|1', 'Enhancement|47;Rejuvenation|19;Parry|11;Staff|50', 'Long Wind|1', '', '', '', '', 1, 0, 0, 1, 0, 1, 0, 0, 22726, 2025, 0, 0, 2, 0, 0, 0, 0, 1, 15, 0, 0, 2, 68, 68, 0, 15, 0, 64, 16, 0, '', 0, 0, 0, 0, 0, 0, 0, 0, 0, 0, 2, 0, 0, 0, 0, 0, 1, 1, 1, '2020-11-26 12:46:30', 0, '', 0, 0, 0, 0, 0, 0, 0, 0, 0, 0, 0, 0, 0, 0, '2020-11-27 00:16:45', 'c8bc16b1-49a1-49d6-b1e6-f8cac1c21e9a'),
	(1, 249, 83, 85, 70, 45, 125, 60, 60, 60, 12344, 0, 0, 169999999950, 100, 858, 346, 100, 100, 'admin', 300, '2020-11-25 20:18:33', '2020-11-27 00:10:07', 'Adminz', NULL, NULL, 0, 15, 50, 55, 3, 27326, 27326, 163, 1, 530412, 411466, 9498, 347279, 489681, 5200, 200, 2332, 0, 0, 0, 0, 0, 5, 3, 1852, 191, 75, 85, 104, 0, 0, '1|1;2|1;3|1;4|1;6|1;7|1;8|1;9|1;10|1;11|1;12|1;13|1;14|1;15|1', 'Sprint|0;Weaponry: Staves|0;HibArmor|1;QuickCast|0', 'Arboreal Path|44;Creeping Path|1;Verdant Path|31', '', '', '', '', '', 0, 0, 0, 1, 0, 1, 0, 0, 23315, 15002, 0, 0, 2, 0, 0, 1, 0, 1, 15, 0, 0, 2, 68, 68, 0, 13, 0, 32, 80, 0, '', 0, 0, 0, 0, 0, 0, 0, 0, 0, 0, 1, 0, 0, 0, 0, 0, 1, 1, 0, '2020-11-25 20:18:34', 0, '', 0, 0, 0, 0, 0, 0, 0, 0, 0, 0, 0, 1, 0, 0, '2020-11-27 05:10:07', 'cbf9ff31-1201-4cba-b6aa-061e575a0812');
/*!40000 ALTER TABLE `dolcharacters` ENABLE KEYS */;

-- Dumping structure for table soidaoc.dolcharactersbackup
DROP TABLE IF EXISTS `dolcharactersbackup`;
CREATE TABLE IF NOT EXISTS `dolcharactersbackup` (
  `DOLCharacters_ID` varchar(255) NOT NULL,
  `Name` varchar(255) NOT NULL,
  `DeleteDate` datetime NOT NULL DEFAULT '2000-01-01 00:00:00',
  `HasGravestone` tinyint(1) DEFAULT NULL,
  `GravestoneRegion` int(11) DEFAULT NULL,
  `Constitution` int(11) DEFAULT NULL,
  `Dexterity` int(11) DEFAULT NULL,
  `Strength` int(11) DEFAULT NULL,
  `Quickness` int(11) DEFAULT NULL,
  `Intelligence` int(11) DEFAULT NULL,
  `Piety` int(11) DEFAULT NULL,
  `Empathy` int(11) DEFAULT NULL,
  `Charisma` int(11) DEFAULT NULL,
  `BountyPoints` bigint(20) DEFAULT NULL,
  `RealmPoints` bigint(20) DEFAULT NULL,
  `RealmLevel` int(11) DEFAULT NULL,
  `Experience` bigint(20) DEFAULT NULL,
  `MaxEndurance` int(11) DEFAULT NULL,
  `Health` int(11) DEFAULT NULL,
  `Mana` int(11) DEFAULT NULL,
  `Endurance` int(11) DEFAULT NULL,
  `Concentration` int(11) DEFAULT NULL,
  `AccountName` varchar(255) NOT NULL,
  `AccountSlot` int(11) DEFAULT NULL,
  `CreationDate` datetime NOT NULL DEFAULT '2000-01-01 00:00:00',
  `LastPlayed` datetime DEFAULT NULL,
  `LastName` text DEFAULT NULL,
  `GuildID` varchar(255) DEFAULT NULL,
  `Gender` int(11) NOT NULL DEFAULT 0,
  `Race` int(11) NOT NULL DEFAULT 0,
  `Level` int(11) NOT NULL DEFAULT 0,
  `Class` int(11) NOT NULL DEFAULT 0,
  `Realm` int(11) NOT NULL DEFAULT 0,
  `CreationModel` int(11) NOT NULL DEFAULT 0,
  `CurrentModel` int(11) NOT NULL DEFAULT 0,
  `Region` int(11) NOT NULL DEFAULT 0,
  `ActiveWeaponSlot` tinyint(3) unsigned NOT NULL DEFAULT 0,
  `Xpos` int(11) NOT NULL DEFAULT 0,
  `Ypos` int(11) NOT NULL DEFAULT 0,
  `Zpos` int(11) NOT NULL DEFAULT 0,
  `BindXpos` int(11) DEFAULT NULL,
  `BindYpos` int(11) DEFAULT NULL,
  `BindZpos` int(11) DEFAULT NULL,
  `BindRegion` int(11) DEFAULT NULL,
  `BindHeading` int(11) DEFAULT NULL,
  `BindHouseXpos` int(11) DEFAULT NULL,
  `BindHouseYpos` int(11) DEFAULT NULL,
  `BindHouseZpos` int(11) DEFAULT NULL,
  `BindHouseRegion` int(11) DEFAULT NULL,
  `BindHouseHeading` int(11) DEFAULT NULL,
  `DeathCount` tinyint(3) unsigned DEFAULT NULL,
  `ConLostAtDeath` int(11) DEFAULT NULL,
  `Direction` int(11) NOT NULL DEFAULT 0,
  `MaxSpeed` int(11) NOT NULL DEFAULT 0,
  `Copper` int(11) DEFAULT NULL,
  `Silver` int(11) DEFAULT NULL,
  `Gold` int(11) DEFAULT NULL,
  `Platinum` int(11) DEFAULT NULL,
  `Mithril` int(11) DEFAULT NULL,
  `SerializedCraftingSkills` text DEFAULT NULL,
  `SerializedAbilities` text DEFAULT NULL,
  `SerializedSpecs` text DEFAULT NULL,
  `SerializedRealmAbilities` text DEFAULT NULL,
  `DisabledSpells` text DEFAULT NULL,
  `DisabledAbilities` text DEFAULT NULL,
  `SerializedFriendsList` text DEFAULT NULL,
  `SerializedIgnoreList` text DEFAULT NULL,
  `IsCloakHoodUp` tinyint(1) DEFAULT NULL,
  `IsCloakInvisible` tinyint(1) NOT NULL DEFAULT 0,
  `IsHelmInvisible` tinyint(1) NOT NULL DEFAULT 0,
  `SpellQueue` tinyint(1) DEFAULT NULL,
  `IsLevelSecondStage` tinyint(1) DEFAULT NULL,
  `FlagClassName` tinyint(1) DEFAULT NULL,
  `Advisor` tinyint(1) DEFAULT NULL,
  `GuildRank` smallint(5) unsigned DEFAULT NULL,
  `PlayedTime` bigint(20) DEFAULT NULL,
  `DeathTime` bigint(20) DEFAULT NULL,
  `RespecAmountAllSkill` int(11) DEFAULT NULL,
  `RespecAmountSingleSkill` int(11) DEFAULT NULL,
  `RespecAmountRealmSkill` int(11) DEFAULT NULL,
  `RespecAmountDOL` int(11) DEFAULT NULL,
  `RespecAmountChampionSkill` int(11) DEFAULT NULL,
  `IsLevelRespecUsed` tinyint(1) DEFAULT NULL,
  `RespecBought` int(11) DEFAULT NULL,
  `SafetyFlag` tinyint(1) DEFAULT NULL,
  `CraftingPrimarySkill` int(11) DEFAULT NULL,
  `CancelStyle` tinyint(1) DEFAULT NULL,
  `IsAnonymous` tinyint(1) DEFAULT NULL,
  `CustomisationStep` tinyint(3) unsigned DEFAULT NULL,
  `EyeSize` tinyint(3) unsigned DEFAULT NULL,
  `LipSize` tinyint(3) unsigned DEFAULT NULL,
  `EyeColor` tinyint(3) unsigned DEFAULT NULL,
  `HairColor` tinyint(3) unsigned DEFAULT NULL,
  `FaceType` tinyint(3) unsigned DEFAULT NULL,
  `HairStyle` tinyint(3) unsigned DEFAULT NULL,
  `MoodType` tinyint(3) unsigned DEFAULT NULL,
  `UsedLevelCommand` tinyint(1) DEFAULT NULL,
  `CurrentTitleType` text DEFAULT NULL,
  `KillsAlbionPlayers` int(11) DEFAULT NULL,
  `KillsMidgardPlayers` int(11) DEFAULT NULL,
  `KillsHiberniaPlayers` int(11) DEFAULT NULL,
  `KillsAlbionDeathBlows` int(11) DEFAULT NULL,
  `KillsMidgardDeathBlows` int(11) DEFAULT NULL,
  `KillsHiberniaDeathBlows` int(11) DEFAULT NULL,
  `KillsAlbionSolo` int(11) DEFAULT NULL,
  `KillsMidgardSolo` int(11) DEFAULT NULL,
  `KillsHiberniaSolo` int(11) DEFAULT NULL,
  `CapturedKeeps` int(11) DEFAULT NULL,
  `CapturedTowers` int(11) DEFAULT NULL,
  `CapturedRelics` int(11) DEFAULT NULL,
  `KillsDragon` int(11) DEFAULT NULL,
  `DeathsPvP` int(11) DEFAULT NULL,
  `KillsLegion` int(11) DEFAULT NULL,
  `KillsEpicBoss` int(11) DEFAULT NULL,
  `GainXP` tinyint(1) DEFAULT NULL,
  `GainRP` tinyint(1) DEFAULT NULL,
  `Autoloot` tinyint(1) DEFAULT NULL,
  `LastFreeLeveled` datetime DEFAULT NULL,
  `LastFreeLevel` int(11) DEFAULT NULL,
  `GuildNote` text DEFAULT NULL,
  `ShowXFireInfo` tinyint(1) DEFAULT NULL,
  `NoHelp` tinyint(1) DEFAULT NULL,
  `ShowGuildLogins` tinyint(1) DEFAULT NULL,
  `Champion` tinyint(1) DEFAULT NULL,
  `ChampionLevel` int(11) DEFAULT NULL,
  `ChampionExperience` bigint(20) DEFAULT NULL,
  `ML` tinyint(3) unsigned NOT NULL DEFAULT 0,
  `MLExperience` bigint(20) NOT NULL DEFAULT 0,
  `MLLevel` int(11) NOT NULL DEFAULT 0,
  `MLGranted` tinyint(1) NOT NULL DEFAULT 0,
  `RPFlag` tinyint(1) DEFAULT NULL,
  `IgnoreStatistics` tinyint(1) DEFAULT NULL,
  `NotDisplayedInHerald` tinyint(3) unsigned DEFAULT NULL,
  `ActiveSaddleBags` tinyint(3) unsigned DEFAULT NULL,
  `LastTimeRowUpdated` datetime NOT NULL DEFAULT '2000-01-01 00:00:00',
  `DOLCharactersBackup_ID` varchar(255) NOT NULL,
  PRIMARY KEY (`DOLCharactersBackup_ID`),
  KEY `I_DOLCharactersBackup_Name` (`Name`),
  KEY `I_DOLCharactersBackup_AccountName` (`AccountName`),
  KEY `I_DOLCharactersBackup_GuildID` (`GuildID`)
) ENGINE=InnoDB DEFAULT CHARSET=utf8;

-- Dumping data for table soidaoc.dolcharactersbackup: ~8 rows (approximately)
DELETE FROM `dolcharactersbackup`;
/*!40000 ALTER TABLE `dolcharactersbackup` DISABLE KEYS */;
INSERT INTO `dolcharactersbackup` (`DOLCharacters_ID`, `Name`, `DeleteDate`, `HasGravestone`, `GravestoneRegion`, `Constitution`, `Dexterity`, `Strength`, `Quickness`, `Intelligence`, `Piety`, `Empathy`, `Charisma`, `BountyPoints`, `RealmPoints`, `RealmLevel`, `Experience`, `MaxEndurance`, `Health`, `Mana`, `Endurance`, `Concentration`, `AccountName`, `AccountSlot`, `CreationDate`, `LastPlayed`, `LastName`, `GuildID`, `Gender`, `Race`, `Level`, `Class`, `Realm`, `CreationModel`, `CurrentModel`, `Region`, `ActiveWeaponSlot`, `Xpos`, `Ypos`, `Zpos`, `BindXpos`, `BindYpos`, `BindZpos`, `BindRegion`, `BindHeading`, `BindHouseXpos`, `BindHouseYpos`, `BindHouseZpos`, `BindHouseRegion`, `BindHouseHeading`, `DeathCount`, `ConLostAtDeath`, `Direction`, `MaxSpeed`, `Copper`, `Silver`, `Gold`, `Platinum`, `Mithril`, `SerializedCraftingSkills`, `SerializedAbilities`, `SerializedSpecs`, `SerializedRealmAbilities`, `DisabledSpells`, `DisabledAbilities`, `SerializedFriendsList`, `SerializedIgnoreList`, `IsCloakHoodUp`, `IsCloakInvisible`, `IsHelmInvisible`, `SpellQueue`, `IsLevelSecondStage`, `FlagClassName`, `Advisor`, `GuildRank`, `PlayedTime`, `DeathTime`, `RespecAmountAllSkill`, `RespecAmountSingleSkill`, `RespecAmountRealmSkill`, `RespecAmountDOL`, `RespecAmountChampionSkill`, `IsLevelRespecUsed`, `RespecBought`, `SafetyFlag`, `CraftingPrimarySkill`, `CancelStyle`, `IsAnonymous`, `CustomisationStep`, `EyeSize`, `LipSize`, `EyeColor`, `HairColor`, `FaceType`, `HairStyle`, `MoodType`, `UsedLevelCommand`, `CurrentTitleType`, `KillsAlbionPlayers`, `KillsMidgardPlayers`, `KillsHiberniaPlayers`, `KillsAlbionDeathBlows`, `KillsMidgardDeathBlows`, `KillsHiberniaDeathBlows`, `KillsAlbionSolo`, `KillsMidgardSolo`, `KillsHiberniaSolo`, `CapturedKeeps`, `CapturedTowers`, `CapturedRelics`, `KillsDragon`, `DeathsPvP`, `KillsLegion`, `KillsEpicBoss`, `GainXP`, `GainRP`, `Autoloot`, `LastFreeLeveled`, `LastFreeLevel`, `GuildNote`, `ShowXFireInfo`, `NoHelp`, `ShowGuildLogins`, `Champion`, `ChampionLevel`, `ChampionExperience`, `ML`, `MLExperience`, `MLLevel`, `MLGranted`, `RPFlag`, `IgnoreStatistics`, `NotDisplayedInHerald`, `ActiveSaddleBags`, `LastTimeRowUpdated`, `DOLCharactersBackup_ID`) VALUES
	('739fb6fe-209e-4672-80f1-3009af8b0b81', 'Admin', '2020-11-26 01:09:16', 0, 0, 80, 50, 80, 50, 60, 70, 60, 60, 0, 0, 0, 0, 100, 36, 25, 100, 100, 'admin', 200, '2020-11-24 17:23:04', '2020-11-25 19:44:49', NULL, NULL, 0, 5, 1, 21, 2, 18588, 18588, 100, 0, 803238, 726696, 4677, 802869, 726016, 4699, 100, 1399, 0, 0, 0, 0, 0, 0, 0, 776, 191, 0, 0, 0, 0, 0, '1|1;2|1;3|1;4|1;6|1;7|1;8|1;9|1;10|1;11|1;12|1;13|1;14|1;15|1', 'Sprint|0;Weaponry: Staves|0;Weaponry: Hammers|0;Weaponry: Axes|0;MidArmor|4;Weaponry: Swords|0;Tireless|0;Shield|3', 'Shields|1;Stormcalling|1;Sword|1;Hammer|1;Axe|1;Parry|1', '', '', '', '', '', 0, 0, 0, 1, 0, 1, 0, 0, 3807, -9223372036854775808, 0, 0, 2, 0, 0, 1, 0, 1, 15, 0, 0, 2, 68, 68, 0, 15, 0, 48, 128, 0, '', 0, 0, 0, 0, 0, 0, 0, 0, 0, 0, 0, 0, 0, 0, 0, 0, 1, 1, 1, '2020-11-24 17:23:04', 0, '', 0, 0, 0, 0, 0, 0, 0, 0, 0, 0, 0, 1, 0, 0, '2020-11-26 06:09:16', '0c2f334d-5dca-4f8a-a70a-37fcd7fe6ae4'),
	('1183687b-926b-4462-aef1-1386cb65932a', 'Puddle', '2020-11-26 12:27:56', 0, 0, 50, 119, 62, 87, 60, 70, 60, 60, 0, 0, 0, 0, 100, 726, 37, 100, 100, 'andrewkirk1', 201, '2020-11-24 17:35:05', '2020-11-26 12:27:48', NULL, 'ea8535ac-4249-43ce-ae92-780a4c315a74', 0, 6, 39, 32, 2, 27154, 27154, 100, 1, 803264, 726046, 4680, 802869, 726016, 4699, 100, 1399, 0, 0, 0, 0, 0, 0, 0, 1849, 191, 25, 51, 21, 0, 0, '1|1;2|1;3|1;4|1;6|1;7|1;8|1;9|1;10|1;11|1;12|1;13|1;14|1;15|1', 'Sprint|0;MidArmor|3;Evade|4;Tireless|0;Weaponry: Staves|0;Weaponry: Hammers|0;Weaponry: Axes|0;Weaponry: Swords|0;Weaponry: Hand to Hand|0;Shield|1;Prevent Flight|0;Enhanced Evade|0;Stoicism|0', 'Hand to Hand|1;Savagery|1;Parry|1;Axe|1;Sword|1;Hammer|1', '', '', '', '', '', 0, 0, 0, 1, 0, 1, 0, 1, 41116, 40173, 0, 0, 2, 0, 0, 0, 0, 1, 15, 0, 0, 2, 68, 68, 0, 1, 0, 32, 16, 0, '', 0, 0, 0, 0, 0, 0, 0, 0, 0, 0, 0, 0, 0, 0, 0, 0, 1, 1, 1, '2020-11-24 17:35:05', 0, '', 0, 0, 0, 0, 0, 0, 0, 0, 0, 0, 0, 0, 0, 0, '2020-11-26 17:27:56', '3d531adc-5534-4acb-a574-9bf06310f8ff'),
	('f1f1a96f-5155-4856-8278-e40dd2ede148', 'Kor', '2020-11-26 11:39:50', 0, 0, 80, 60, 80, 50, 60, 60, 60, 60, 0, 0, 0, 104, 100, 60, 0, 100, 100, 'korindar', 200, '2020-11-25 23:19:24', '2020-11-25 23:29:35', NULL, '4a4b6e79-fe3a-4d09-87e5-cc8e15f59d30', 0, 5, 2, 22, 2, 20633, 20633, 100, 0, 804804, 725847, 4686, 802869, 726016, 4699, 100, 1399, 0, 0, 0, 0, 0, 0, 0, 3109, 191, 27, 0, 0, 0, 0, '1|1;2|1;3|1;4|1;6|1;7|1;8|1;9|1;10|1;11|1;12|1;13|1;14|1;15|1', 'Sprint|0;Weaponry: Staves|0;Weaponry: Hammers|0;Weaponry: Axes|0;MidArmor|4;Weaponry: Swords|0;Tireless|0;Weaponry: Thrown|0;Shield|3', 'Axe|1;Hammer|1;Sword|1;Parry|1;Thrown Weapons|1;Shields|1', '', '', '', '', '', 0, 0, 0, 1, 0, 1, 0, 8, 607, -9223372036854775808, 0, 0, 2, 0, 0, 1, 0, 1, 15, 0, 0, 2, 68, 68, 0, 0, 0, 16, 0, 0, '', 0, 0, 0, 0, 0, 0, 0, 0, 0, 0, 0, 0, 0, 0, 0, 0, 1, 1, 1, '2020-11-25 23:19:24', 0, '', 0, 0, 0, 0, 0, 0, 0, 0, 0, 0, 0, 0, 0, 0, '2020-11-26 16:39:50', '454e3692-3d51-49cc-a9fd-32166f6cb88d'),
	('56935216-4a0d-4b82-8bbd-0360b42da9e9', 'Aooichtga', '2020-11-26 15:00:34', 0, 0, 78, 55, 102, 40, 60, 60, 116, 60, 5000, 0, 0, 0, 100, 692, 271, 100, 100, 'morphy1', 300, '2020-11-26 14:41:13', '2020-11-26 15:00:30', NULL, '984013fa-2647-4cae-8f9e-e905d58e5627', 0, 10, 41, 47, 3, 45344, 45344, 200, 0, 333677, 420012, 5184, 347279, 489681, 5200, 200, 2332, 0, 0, 0, 0, 0, 0, 0, 3650, 191, 0, 0, 0, 10, 0, '1|1;2|1;3|1;4|1;6|1;7|1;8|1;9|1;10|1;11|1;12|1;13|1;14|1;15|1', 'Sprint|0;Weaponry: Blunt|0;Weaponry: Staves|0;HibArmor|4;Weaponry: Blades|0;Shield|1', 'Nurture|1;Regrowth|1;Nature|1', '', '', '', '', '', 0, 0, 0, 1, 0, 1, 0, 8, 1148, -9223372036854775808, 0, 0, 2, 0, 0, 1, 0, 1, 15, 0, 0, 2, 68, 68, 0, 0, 0, 16, 0, 0, '', 0, 0, 0, 0, 0, 0, 0, 0, 0, 0, 0, 0, 0, 0, 0, 0, 1, 1, 1, '2020-11-26 14:41:13', 0, '', 0, 0, 0, 0, 0, 0, 0, 0, 0, 0, 0, 0, 0, 0, '2020-11-26 20:00:34', '8d1ec716-ff0d-4b3d-8c1a-0ac092e052bf'),
	('52945ac4-d886-4d6c-a259-df29dd158201', 'Scrubtasticx', '2020-11-26 12:47:55', 0, 0, 45, 75, 45, 70, 90, 60, 60, 60, 0, 0, 0, 0, 100, 0, 0, 100, 100, 'andrewkirk2', 101, '2020-11-24 17:45:22', '2020-11-24 17:45:22', NULL, '1b58e5c6-007a-40e2-8548-b7eb5a2d8649', 0, 2, 1, 8, 1, 2543, 2543, 1, 1, 562418, 512268, 2500, 562418, 512268, 2500, 1, 2980, 0, 0, 0, 0, 0, 0, 0, 2980, 191, 0, 0, 0, 0, 0, '1|1;2|1;3|1;4|1;6|1;7|1;8|1;9|1;10|1;11|1;12|1;13|1;14|1;15|1', '', '', '', '', '', '', '', 0, 0, 0, 1, 0, 1, 0, 8, 0, -9223372036854775808, 0, 0, 2, 0, 0, 1, 0, 1, 15, 0, 0, 2, 68, 68, 0, 15, 0, 64, 16, 0, '', 0, 0, 0, 0, 0, 0, 0, 0, 0, 0, 0, 0, 0, 0, 0, 0, 1, 1, 1, '2020-11-24 17:45:22', 0, '', 0, 0, 0, 0, 0, 0, 0, 0, 0, 0, 0, 0, 0, 0, '2020-11-26 17:47:55', 'cecbd864-f87c-4856-86eb-c039d99e68e4'),
	('8470cee2-2e55-4bfb-bfe7-ea186e2c2a59', 'Kor', '2020-11-26 11:40:10', 0, 0, 80, 50, 80, 50, 60, 60, 60, 70, 0, 0, 0, 0, 100, 0, 0, 100, 100, 'korindar', 200, '2020-11-26 11:40:04', '2020-11-26 11:40:04', NULL, '4a4b6e79-fe3a-4d09-87e5-cc8e15f59d30', 0, 5, 1, 24, 2, 20633, 20633, 100, 0, 802869, 726016, 4699, 802869, 726016, 4699, 100, 1399, 0, 0, 0, 0, 0, 0, 0, 1399, 191, 0, 0, 0, 0, 0, '1|1;2|1;3|1;4|1;6|1;7|1;8|1;9|1;10|1;11|1;12|1;13|1;14|1;15|1', '', '', '', '', '', '', '', 0, 0, 0, 1, 0, 1, 0, 8, 0, -9223372036854775808, 0, 0, 2, 0, 0, 1, 0, 1, 15, 0, 0, 2, 68, 68, 0, 0, 0, 16, 0, 0, '', 0, 0, 0, 0, 0, 0, 0, 0, 0, 0, 0, 0, 0, 0, 0, 0, 1, 1, 1, '2020-11-26 11:40:04', 0, '', 0, 0, 0, 0, 0, 0, 0, 0, 0, 0, 0, 0, 0, 0, '2020-11-26 16:40:10', 'd9f2fea2-a418-4441-9d19-128b926d1057'),
	('28779d4b-1012-4f5e-80d6-f5e65c886895', 'Puddlex', '2020-11-26 12:46:05', 0, 0, 50, 95, 60, 60, 60, 60, 60, 60, 0, 0, 0, 0, 100, 0, 0, 100, 100, 'andrewkirk1', 101, '2020-11-24 17:44:48', '2020-11-24 17:44:48', NULL, '1b58e5c6-007a-40e2-8548-b7eb5a2d8649', 0, 4, 1, 3, 1, 43487, 43487, 1, 2, 562418, 512268, 2500, 562418, 512268, 2500, 1, 2980, 0, 0, 0, 0, 0, 0, 0, 2980, 191, 0, 0, 0, 0, 0, '1|1;2|1;3|1;4|1;6|1;7|1;8|1;9|1;10|1;11|1;12|1;13|1;14|1;15|1', '', '', '', '', '', '', '', 0, 0, 0, 1, 0, 1, 0, 8, 0, -9223372036854775808, 0, 0, 2, 0, 0, 1, 0, 1, 15, 0, 0, 2, 68, 68, 0, 0, 0, 32, 0, 0, '', 0, 0, 0, 0, 0, 0, 0, 0, 0, 0, 0, 0, 0, 0, 0, 0, 1, 1, 1, '2020-11-24 17:44:48', 0, '', 0, 0, 0, 0, 0, 0, 0, 0, 0, 0, 0, 0, 0, 0, '2020-11-26 17:46:05', 'f1b284e8-6770-4454-8e14-703d22054a0a'),
	('1cbf70ce-58c9-4be8-8439-53379debf4ed', 'Findifera', '2020-11-26 15:35:34', 0, 0, 40, 90, 40, 75, 80, 60, 60, 60, 0, 0, 0, 0, 100, 30, 35, 100, 100, 'morphy2', 300, '2020-11-26 15:06:53', '2020-11-26 15:35:29', NULL, '984013fa-2647-4cae-8f9e-e905d58e5627', 1, 11, 1, 42, 3, 51548, 51548, 200, 1, 347954, 490787, 5215, 347279, 489681, 5200, 200, 2332, 0, 0, 0, 0, 0, 0, 0, 1128, 191, 0, 0, 0, 0, 0, '1|1;2|1;3|1;4|1;6|1;7|1;8|1;9|1;10|1;11|1;12|1;13|1;14|1;15|1', 'Sprint|0;Weaponry: Staves|0;HibArmor|1;QuickCast|0', 'Light|1;Mana|1;Mentalism|1', '', '', '', '', '', 0, 0, 0, 1, 0, 1, 0, 8, 1684, -9223372036854775808, 0, 0, 2, 0, 0, 1, 0, 1, 15, 0, 0, 2, 68, 68, 64, 11, 0, 16, 16, 0, '', 0, 0, 0, 0, 0, 0, 0, 0, 0, 0, 0, 0, 0, 0, 0, 0, 1, 1, 1, '2020-11-26 15:06:53', 0, '', 0, 0, 0, 0, 0, 0, 0, 0, 0, 0, 0, 0, 0, 0, '2020-11-26 20:35:34', 'fc4d002b-daf2-448d-a0da-0f40d8e2ed8e');
/*!40000 ALTER TABLE `dolcharactersbackup` ENABLE KEYS */;

-- Dumping structure for table soidaoc.dolcharactersbackupxcustomparam
DROP TABLE IF EXISTS `dolcharactersbackupxcustomparam`;
CREATE TABLE IF NOT EXISTS `dolcharactersbackupxcustomparam` (
  `DOLCharactersObjectId` varchar(255) NOT NULL,
  `KeyName` varchar(100) NOT NULL,
  `Value` varchar(255) DEFAULT NULL,
  `CustomParamID` int(11) NOT NULL AUTO_INCREMENT,
  `LastTimeRowUpdated` datetime NOT NULL DEFAULT '2000-01-01 00:00:00',
  PRIMARY KEY (`CustomParamID`),
  KEY `I_DOLCharactersBackupXCustomParam_DOLCharactersObjectId` (`DOLCharactersObjectId`),
  KEY `I_DOLCharactersBackupXCustomParam_KeyName` (`KeyName`)
) ENGINE=InnoDB DEFAULT CHARSET=utf8;

-- Dumping data for table soidaoc.dolcharactersbackupxcustomparam: ~0 rows (approximately)
DELETE FROM `dolcharactersbackupxcustomparam`;
/*!40000 ALTER TABLE `dolcharactersbackupxcustomparam` DISABLE KEYS */;
/*!40000 ALTER TABLE `dolcharactersbackupxcustomparam` ENABLE KEYS */;

-- Dumping structure for table soidaoc.dolcharactersxcustomparam
DROP TABLE IF EXISTS `dolcharactersxcustomparam`;
CREATE TABLE IF NOT EXISTS `dolcharactersxcustomparam` (
  `DOLCharactersObjectId` varchar(255) NOT NULL,
  `KeyName` varchar(100) NOT NULL,
  `Value` varchar(255) DEFAULT NULL,
  `CustomParamID` int(11) NOT NULL AUTO_INCREMENT,
  `LastTimeRowUpdated` datetime NOT NULL DEFAULT '2000-01-01 00:00:00',
  PRIMARY KEY (`CustomParamID`),
  KEY `I_DOLCharactersXCustomParam_DOLCharactersObjectId` (`DOLCharactersObjectId`),
  KEY `I_DOLCharactersXCustomParam_KeyName` (`KeyName`)
) ENGINE=InnoDB DEFAULT CHARSET=utf8;

-- Dumping data for table soidaoc.dolcharactersxcustomparam: ~0 rows (approximately)
DELETE FROM `dolcharactersxcustomparam`;
/*!40000 ALTER TABLE `dolcharactersxcustomparam` DISABLE KEYS */;
/*!40000 ALTER TABLE `dolcharactersxcustomparam` ENABLE KEYS */;

-- Dumping structure for table soidaoc.guild
DROP TABLE IF EXISTS `guild`;
CREATE TABLE IF NOT EXISTS `guild` (
  `GuildID` varchar(255) DEFAULT NULL,
  `GuildName` varchar(255) DEFAULT NULL,
  `Realm` tinyint(3) unsigned DEFAULT NULL,
  `GuildBanner` tinyint(1) DEFAULT NULL,
  `GuildBannerLostTime` datetime NOT NULL DEFAULT '2000-01-01 00:00:00',
  `Motd` text DEFAULT NULL,
  `oMotd` text DEFAULT NULL,
  `AllianceID` varchar(255) DEFAULT NULL,
  `Emblem` int(11) DEFAULT NULL,
  `RealmPoints` bigint(20) DEFAULT NULL,
  `BountyPoints` bigint(20) DEFAULT NULL,
  `Webpage` text DEFAULT NULL,
  `Email` text DEFAULT NULL,
  `Dues` tinyint(1) DEFAULT NULL,
  `Bank` double DEFAULT NULL,
  `DuesPercent` bigint(20) DEFAULT NULL,
  `HaveGuildHouse` tinyint(1) NOT NULL DEFAULT 0,
  `GuildHouseNumber` int(11) NOT NULL DEFAULT 0,
  `GuildLevel` bigint(20) DEFAULT NULL,
  `BonusType` tinyint(3) unsigned DEFAULT NULL,
  `BonusStartTime` datetime NOT NULL DEFAULT '2000-01-01 00:00:00',
  `MeritPoints` bigint(20) NOT NULL DEFAULT 0,
  `LastTimeRowUpdated` datetime NOT NULL DEFAULT '2000-01-01 00:00:00',
  `Guild_ID` varchar(255) NOT NULL,
  PRIMARY KEY (`Guild_ID`),
  UNIQUE KEY `U_Guild_GuildID` (`GuildID`),
  KEY `I_Guild_GuildName` (`GuildName`),
  KEY `I_Guild_AllianceID` (`AllianceID`)
) ENGINE=InnoDB DEFAULT CHARSET=utf8;

-- Dumping data for table soidaoc.guild: ~8 rows (approximately)
DELETE FROM `guild`;
/*!40000 ALTER TABLE `guild` DISABLE KEYS */;
INSERT INTO `guild` (`GuildID`, `GuildName`, `Realm`, `GuildBanner`, `GuildBannerLostTime`, `Motd`, `oMotd`, `AllianceID`, `Emblem`, `RealmPoints`, `BountyPoints`, `Webpage`, `Email`, `Dues`, `Bank`, `DuesPercent`, `HaveGuildHouse`, `GuildHouseNumber`, `GuildLevel`, `BonusType`, `BonusStartTime`, `MeritPoints`, `LastTimeRowUpdated`, `Guild_ID`) VALUES
	('4a4b6e79-fe3a-4d09-87e5-cc8e15f59d30', 'Midgard Newbie Guild', 2, 0, '2000-01-01 00:00:00', 'Use /gu <text> to talk in this starter guild.', 'Type /gc quit to leave this starter guild.', NULL, 0, 0, 2500, '', '', 0, 0, 0, 0, 0, 0, 0, '2000-01-01 00:00:00', 2200, '2020-11-26 23:20:09', '0d209a26-c11e-473a-bef0-4450abfc43d3'),
	('4aa92a81-4b7c-4cb4-85cf-51522db5680d', 'Celestial Empire', 3, 0, '2000-01-01 00:00:00', NULL, NULL, NULL, 125760, 27102, 3000, '', '', 0, 0, 0, 0, 0, 0, 0, '2000-01-01 00:00:00', 4739, '2020-11-27 14:54:50', '1d9dd319-45db-4bcc-bb2b-367a0770b876'),
	('f92cbe1a-eeef-42b5-bf2d-1d7b78dbbfd7', 'Burning Phoenix', 3, 0, '2000-01-01 00:00:00', NULL, NULL, NULL, 0, 0, 0, '', '', 0, 0, 0, 0, 0, 0, 0, '2000-01-01 00:00:00', 0, '2020-11-27 03:11:43', '24210355-8052-412a-9c7f-2d97a8e0edc9'),
	('2625bab6-5b37-4752-946d-fa2b10ff7a3f', 'Rising Gryphon', 3, 0, '2000-01-01 00:00:00', NULL, NULL, NULL, 42822, 29186, 15000, '', '', 0, 0, 0, 0, 0, 0, 0, '2000-01-01 00:00:00', 250, '2020-11-27 14:44:31', '3b5b521d-470a-40fa-8a2d-99ee07a66bbd'),
	('23f92d3f-8fcc-4046-987d-f3e51caafc60', 'EPiC', 1, 0, '2000-01-01 00:00:00', NULL, NULL, NULL, 71432, 20, 30000, '', '', 0, 0, 0, 0, 0, 0, 0, '2000-01-01 00:00:00', 1134, '2020-11-27 01:40:16', '4f534653-7b6f-4080-aec7-a2f713173b8f'),
	('1b58e5c6-007a-40e2-8548-b7eb5a2d8649', 'Albion Newbie Guild', 1, 0, '2000-01-01 00:00:00', 'Use /gu <text> to talk in this starter guild.', 'Type /gc quit to leave this starter guild.', NULL, 0, 0, 15000, '', '', 0, 0, 0, 0, 0, 0, 0, '2000-01-01 00:00:00', 146, '2020-11-27 00:33:59', '7ca3a187-89b7-4db7-8982-7c95b27b5f18'),
	('984013fa-2647-4cae-8f9e-e905d58e5627', 'Hibernia Newbie Guild', 3, 0, '2000-01-01 00:00:00', 'Use /gu <text> to talk in this starter guild.', 'Type /gc quit to leave this starter guild.', NULL, 0, 0, 17500, '', '', 0, 0, 0, 0, 0, 0, 0, '2000-01-01 00:00:00', 1947, '2020-11-27 03:08:38', 'eca63cb6-c700-4743-98bd-9d243b9865d6'),
	('ea8535ac-4249-43ce-ae92-780a4c315a74', 'The Curse', 2, 0, '2000-01-01 00:00:00', NULL, NULL, NULL, 98104, 0, 0, '', '', 0, 0, 0, 0, 0, 0, 0, '2000-01-01 00:00:00', 558, '2020-11-26 17:32:32', 'ff943e72-4d8b-45fe-9dfe-cbbbc2e80138');
/*!40000 ALTER TABLE `guild` ENABLE KEYS */;

-- Dumping structure for table soidaoc.guildalliance
DROP TABLE IF EXISTS `guildalliance`;
CREATE TABLE IF NOT EXISTS `guildalliance` (
  `AllianceName` text DEFAULT NULL,
  `Motd` text DEFAULT NULL,
  `LeaderGuildID` varchar(255) DEFAULT NULL,
  `LastTimeRowUpdated` datetime NOT NULL DEFAULT '2000-01-01 00:00:00',
  `GuildAlliance_ID` varchar(255) NOT NULL,
  PRIMARY KEY (`GuildAlliance_ID`),
  UNIQUE KEY `U_GuildAlliance_LeaderGuildID` (`LeaderGuildID`)
) ENGINE=InnoDB DEFAULT CHARSET=utf8;

-- Dumping data for table soidaoc.guildalliance: ~0 rows (approximately)
DELETE FROM `guildalliance`;
/*!40000 ALTER TABLE `guildalliance` DISABLE KEYS */;
/*!40000 ALTER TABLE `guildalliance` ENABLE KEYS */;

-- Dumping structure for table soidaoc.guildrank
DROP TABLE IF EXISTS `guildrank`;
CREATE TABLE IF NOT EXISTS `guildrank` (
  `GuildID` varchar(255) DEFAULT NULL,
  `Title` text DEFAULT NULL,
  `RankLevel` tinyint(3) unsigned DEFAULT NULL,
  `Alli` tinyint(1) DEFAULT NULL,
  `Emblem` tinyint(1) DEFAULT NULL,
  `Buff` tinyint(1) DEFAULT NULL,
  `GcHear` tinyint(1) DEFAULT NULL,
  `GcSpeak` tinyint(1) DEFAULT NULL,
  `OcHear` tinyint(1) DEFAULT NULL,
  `OcSpeak` tinyint(1) DEFAULT NULL,
  `AcHear` tinyint(1) DEFAULT NULL,
  `AcSpeak` tinyint(1) DEFAULT NULL,
  `Invite` tinyint(1) DEFAULT NULL,
  `Promote` tinyint(1) DEFAULT NULL,
  `Remove` tinyint(1) DEFAULT NULL,
  `View` tinyint(1) DEFAULT NULL,
  `Claim` tinyint(1) DEFAULT NULL,
  `Upgrade` tinyint(1) DEFAULT NULL,
  `Release` tinyint(1) DEFAULT NULL,
  `Dues` tinyint(1) DEFAULT NULL,
  `Withdraw` tinyint(1) DEFAULT NULL,
  `LastTimeRowUpdated` datetime NOT NULL DEFAULT '2000-01-01 00:00:00',
  `GuildRank_ID` varchar(255) NOT NULL,
  PRIMARY KEY (`GuildRank_ID`),
  KEY `I_GuildRank_GuildID` (`GuildID`)
) ENGINE=InnoDB DEFAULT CHARSET=utf8;

-- Dumping data for table soidaoc.guildrank: ~80 rows (approximately)
DELETE FROM `guildrank`;
/*!40000 ALTER TABLE `guildrank` DISABLE KEYS */;
INSERT INTO `guildrank` (`GuildID`, `Title`, `RankLevel`, `Alli`, `Emblem`, `Buff`, `GcHear`, `GcSpeak`, `OcHear`, `OcSpeak`, `AcHear`, `AcSpeak`, `Invite`, `Promote`, `Remove`, `View`, `Claim`, `Upgrade`, `Release`, `Dues`, `Withdraw`, `LastTimeRowUpdated`, `GuildRank_ID`) VALUES
	('2625bab6-5b37-4752-946d-fa2b10ff7a3f', 'Rank 3', 3, 0, 1, 0, 1, 1, 1, 1, 1, 1, 0, 0, 0, 1, 0, 0, 0, 0, 0, '2020-11-27 03:12:33', '046859fc-7cb2-4a3e-b470-5a97535daa4a'),
	('1b58e5c6-007a-40e2-8548-b7eb5a2d8649', 'Rank 3', 3, 0, 1, 0, 1, 1, 1, 1, 1, 1, 0, 0, 0, 1, 0, 0, 0, 0, 0, '2020-11-24 22:20:38', '06eb0759-e90c-41f6-9228-7c4909f79191'),
	('4aa92a81-4b7c-4cb4-85cf-51522db5680d', 'Rank 9', 9, 0, 0, 0, 1, 0, 0, 0, 0, 0, 0, 0, 0, 0, 0, 0, 0, 0, 0, '2020-11-24 22:58:49', '07d596a7-50a6-430d-90e2-70f64a8d6533'),
	('4aa92a81-4b7c-4cb4-85cf-51522db5680d', 'Rank 3', 3, 0, 1, 0, 1, 1, 1, 1, 1, 1, 0, 0, 0, 1, 0, 0, 0, 0, 0, '2020-11-24 22:58:49', '0a31e29b-8f9c-4f30-852f-371866397f87'),
	('4a4b6e79-fe3a-4d09-87e5-cc8e15f59d30', 'Rank 1', 1, 0, 1, 0, 1, 1, 1, 1, 1, 1, 1, 1, 0, 1, 1, 1, 1, 0, 0, '2020-11-24 22:20:38', '1239f37e-904c-411b-bb74-1f96000c4f69'),
	('1b58e5c6-007a-40e2-8548-b7eb5a2d8649', 'Rank 6', 6, 0, 1, 0, 1, 1, 0, 0, 1, 0, 0, 0, 0, 1, 0, 0, 0, 0, 0, '2020-11-24 22:20:38', '171f4de5-7742-478b-9941-84ae66fffc6c'),
	('4aa92a81-4b7c-4cb4-85cf-51522db5680d', 'Rank 2', 2, 0, 1, 0, 1, 1, 1, 1, 1, 1, 1, 1, 0, 1, 0, 0, 0, 0, 0, '2020-11-24 22:58:49', '17844da9-36e0-4cad-a6ae-70f2452acb16'),
	('1b58e5c6-007a-40e2-8548-b7eb5a2d8649', 'Rank 7', 7, 0, 1, 0, 1, 1, 0, 0, 0, 0, 0, 0, 0, 1, 0, 0, 0, 0, 0, '2020-11-24 22:20:38', '17a61ccc-389b-4147-b8a8-93767a813d32'),
	('23f92d3f-8fcc-4046-987d-f3e51caafc60', 'Rank 9', 9, 0, 0, 0, 1, 0, 0, 0, 0, 0, 0, 0, 0, 0, 0, 0, 0, 0, 0, '2020-11-26 17:54:40', '18522e94-f50f-49bb-b464-ed1454a56e4f'),
	('2625bab6-5b37-4752-946d-fa2b10ff7a3f', 'Rank 5', 5, 0, 1, 0, 1, 1, 0, 0, 1, 1, 0, 0, 0, 1, 0, 0, 0, 0, 0, '2020-11-27 03:12:33', '197f3a7d-582e-429a-99e4-ffd43142863d'),
	('23f92d3f-8fcc-4046-987d-f3e51caafc60', 'Rank 5', 5, 0, 1, 0, 1, 1, 0, 0, 1, 1, 0, 0, 0, 1, 0, 0, 0, 0, 0, '2020-11-26 17:54:40', '27fe2a63-1127-4d1c-9b5f-a334c6ffcc50'),
	('1b58e5c6-007a-40e2-8548-b7eb5a2d8649', 'Rank 2', 2, 0, 1, 0, 1, 1, 1, 1, 1, 1, 1, 1, 0, 1, 0, 0, 0, 0, 0, '2020-11-24 22:20:38', '2852a073-ccc4-4386-ba22-01b354e59570'),
	('ea8535ac-4249-43ce-ae92-780a4c315a74', 'Rank 4', 4, 0, 1, 0, 1, 1, 1, 0, 1, 1, 0, 0, 0, 1, 0, 0, 0, 0, 0, '2020-11-25 22:34:50', '28f3ee42-499a-4f49-ba29-569bf4aebc3c'),
	('984013fa-2647-4cae-8f9e-e905d58e5627', 'Rank 3', 3, 0, 1, 0, 1, 1, 1, 1, 1, 1, 0, 0, 0, 1, 0, 0, 0, 0, 0, '2020-11-24 22:20:38', '28f443e6-3e38-4d4c-8703-c1cac93f924a'),
	('23f92d3f-8fcc-4046-987d-f3e51caafc60', 'Rank 8', 8, 0, 0, 0, 1, 1, 0, 0, 0, 0, 0, 0, 0, 1, 0, 0, 0, 0, 0, '2020-11-26 17:54:40', '2ba9c734-0bd5-4d73-a795-24e512c0cc36'),
	('4a4b6e79-fe3a-4d09-87e5-cc8e15f59d30', 'Rank 7', 7, 0, 1, 0, 1, 1, 0, 0, 0, 0, 0, 0, 0, 1, 0, 0, 0, 0, 0, '2020-11-24 22:20:38', '30eb4d4b-53c9-4ee4-b433-199c65da360c'),
	('f92cbe1a-eeef-42b5-bf2d-1d7b78dbbfd7', 'Rank 8', 8, 0, 0, 0, 1, 1, 0, 0, 0, 0, 0, 0, 0, 1, 0, 0, 0, 0, 0, '2020-11-27 03:10:00', '314f0dc2-658b-451a-b1f7-86bce6a57f50'),
	('1b58e5c6-007a-40e2-8548-b7eb5a2d8649', 'Rank 5', 5, 0, 1, 0, 1, 1, 0, 0, 1, 1, 0, 0, 0, 1, 0, 0, 0, 0, 0, '2020-11-24 22:20:38', '33068e2b-838f-46ae-a882-3dc655239d77'),
	('2625bab6-5b37-4752-946d-fa2b10ff7a3f', 'Rank 1', 1, 0, 1, 0, 1, 1, 1, 1, 1, 1, 1, 1, 0, 1, 1, 1, 1, 0, 0, '2020-11-27 03:12:33', '341287a2-f051-40d7-b634-ec730d31ddd0'),
	('f92cbe1a-eeef-42b5-bf2d-1d7b78dbbfd7', 'Rank 7', 7, 0, 1, 0, 1, 1, 0, 0, 0, 0, 0, 0, 0, 1, 0, 0, 0, 0, 0, '2020-11-27 03:10:00', '3a541bb8-d8b3-47f2-9b18-baf09c5a619d'),
	('4aa92a81-4b7c-4cb4-85cf-51522db5680d', 'Rank 1', 1, 0, 1, 0, 1, 1, 1, 1, 1, 1, 1, 1, 0, 1, 1, 1, 1, 0, 0, '2020-11-24 22:58:49', '3ed859bb-1900-4d5d-95e3-2134e7c6cb9b'),
	('4a4b6e79-fe3a-4d09-87e5-cc8e15f59d30', 'Rank 4', 4, 0, 1, 0, 1, 1, 1, 0, 1, 1, 0, 0, 0, 1, 0, 0, 0, 0, 0, '2020-11-24 22:20:38', '3fdf8920-0a13-4539-afe1-7dd311fe3f6b'),
	('2625bab6-5b37-4752-946d-fa2b10ff7a3f', 'Rank 2', 2, 0, 1, 0, 1, 1, 1, 1, 1, 1, 1, 1, 0, 1, 0, 0, 0, 0, 0, '2020-11-27 03:12:33', '432ef0ef-2f7c-46c2-9d0a-6cee2102e5ce'),
	('4aa92a81-4b7c-4cb4-85cf-51522db5680d', 'Rank 8', 8, 0, 0, 0, 1, 1, 0, 0, 0, 0, 0, 0, 0, 1, 0, 0, 0, 0, 0, '2020-11-24 22:58:49', '4b56124f-ca99-4dfa-8ffb-e5bf623442fc'),
	('1b58e5c6-007a-40e2-8548-b7eb5a2d8649', 'Rank 1', 1, 0, 1, 0, 1, 1, 1, 1, 1, 1, 1, 1, 0, 1, 1, 1, 1, 0, 0, '2020-11-24 22:20:38', '50bd55d3-6300-4328-bbd7-0946092bb62e'),
	('984013fa-2647-4cae-8f9e-e905d58e5627', 'Rank 4', 4, 0, 1, 0, 1, 1, 1, 0, 1, 1, 0, 0, 0, 1, 0, 0, 0, 0, 0, '2020-11-24 22:20:38', '52e4e6ea-e165-4c49-bd2e-d49a39e9da90'),
	('f92cbe1a-eeef-42b5-bf2d-1d7b78dbbfd7', 'Rank 9', 9, 0, 0, 0, 1, 0, 0, 0, 0, 0, 0, 0, 0, 0, 0, 0, 0, 0, 0, '2020-11-27 03:10:00', '52e6fe32-788a-4ae8-a130-19a5daa08e59'),
	('984013fa-2647-4cae-8f9e-e905d58e5627', 'Rank 5', 5, 0, 1, 0, 1, 1, 0, 0, 1, 1, 0, 0, 0, 1, 0, 0, 0, 0, 0, '2020-11-24 22:20:38', '5324e0ea-bfbe-416d-9fc8-1187fbd3024c'),
	('f92cbe1a-eeef-42b5-bf2d-1d7b78dbbfd7', 'Rank 2', 2, 0, 1, 0, 1, 1, 1, 1, 1, 1, 1, 1, 0, 1, 0, 0, 0, 0, 0, '2020-11-27 03:09:59', '584f0788-a6ae-4c5c-b16a-c058bc7b4e71'),
	('f92cbe1a-eeef-42b5-bf2d-1d7b78dbbfd7', 'Rank 5', 5, 0, 1, 0, 1, 1, 0, 0, 1, 1, 0, 0, 0, 1, 0, 0, 0, 0, 0, '2020-11-27 03:09:59', '58a8e8ed-b381-4c73-96eb-16a0a0f3ed57'),
	('ea8535ac-4249-43ce-ae92-780a4c315a74', 'Rank 7', 7, 0, 1, 0, 1, 1, 0, 0, 0, 0, 0, 0, 0, 1, 0, 0, 0, 0, 0, '2020-11-25 22:34:50', '5a404f6e-3d67-48ab-9f22-95f697f7142c'),
	('23f92d3f-8fcc-4046-987d-f3e51caafc60', 'Rank 7', 7, 0, 1, 0, 1, 1, 0, 0, 0, 0, 0, 0, 0, 1, 0, 0, 0, 0, 0, '2020-11-26 17:54:40', '5c539b50-d065-474e-aa76-1da3f9befaf8'),
	('984013fa-2647-4cae-8f9e-e905d58e5627', 'Initiate', 8, 0, 0, 0, 1, 1, 1, 0, 0, 0, 0, 0, 0, 1, 0, 0, 0, 0, 0, '2020-11-24 22:30:25', '5e9b58d2-04f3-4af4-9106-079e09801ce3'),
	('23f92d3f-8fcc-4046-987d-f3e51caafc60', 'Rank 4', 4, 0, 1, 0, 1, 1, 1, 0, 1, 1, 0, 0, 0, 1, 0, 0, 0, 0, 0, '2020-11-26 17:54:40', '691e8814-5d3f-4a3c-af0a-d32066753d09'),
	('23f92d3f-8fcc-4046-987d-f3e51caafc60', 'Rank 2', 2, 0, 1, 0, 1, 1, 1, 1, 1, 1, 1, 1, 0, 1, 0, 0, 0, 0, 0, '2020-11-26 17:54:40', '69e61b37-336b-4078-b015-be5539bdd68f'),
	('2625bab6-5b37-4752-946d-fa2b10ff7a3f', 'Rank 6', 6, 0, 1, 0, 1, 1, 0, 0, 1, 0, 0, 0, 0, 1, 0, 0, 0, 0, 0, '2020-11-27 03:12:33', '6dbc62b5-5adf-4d8b-bcaa-c7e44ff2ed23'),
	('ea8535ac-4249-43ce-ae92-780a4c315a74', 'Rank 1', 1, 0, 1, 0, 1, 1, 1, 1, 1, 1, 1, 1, 0, 1, 1, 1, 1, 0, 0, '2020-11-25 22:34:50', '6e8540c4-2880-4c10-b525-5963855ba80a'),
	('4a4b6e79-fe3a-4d09-87e5-cc8e15f59d30', 'Rank 2', 2, 0, 1, 0, 1, 1, 1, 1, 1, 1, 1, 1, 0, 1, 0, 0, 0, 0, 0, '2020-11-24 22:20:38', '6f49bdb7-1e39-496c-a73e-0437758d7a34'),
	('4aa92a81-4b7c-4cb4-85cf-51522db5680d', 'Rank 6', 6, 0, 1, 0, 1, 1, 0, 0, 1, 0, 0, 0, 0, 1, 0, 0, 0, 0, 0, '2020-11-24 22:58:49', '745dafff-2e13-420a-a960-464d963d0f50'),
	('23f92d3f-8fcc-4046-987d-f3e51caafc60', 'Guildmaster', 0, 1, 1, 1, 1, 1, 1, 1, 1, 1, 1, 1, 1, 1, 1, 1, 1, 1, 1, '2020-11-26 17:54:40', '757b890b-db75-43e0-9d6b-b4056db9fa47'),
	('1b58e5c6-007a-40e2-8548-b7eb5a2d8649', 'Rank 9', 9, 0, 0, 0, 1, 0, 0, 0, 0, 0, 0, 0, 0, 0, 0, 0, 0, 0, 0, '2020-11-24 22:20:38', '7c05cfe7-0935-4d30-afda-38d162283c0a'),
	('ea8535ac-4249-43ce-ae92-780a4c315a74', 'Rank 6', 6, 0, 1, 0, 1, 1, 0, 0, 1, 0, 0, 0, 0, 1, 0, 0, 0, 0, 0, '2020-11-25 22:34:50', '7d7dd7e0-c0db-41a0-b26e-7a259b78bf9b'),
	('4a4b6e79-fe3a-4d09-87e5-cc8e15f59d30', 'Guildmaster', 0, 1, 1, 1, 1, 1, 1, 1, 1, 1, 1, 1, 1, 1, 1, 1, 1, 1, 1, '2020-11-24 22:20:38', '81de235e-4004-46b4-b285-e387dc9adb2b'),
	('4a4b6e79-fe3a-4d09-87e5-cc8e15f59d30', 'Rank 9', 9, 0, 0, 0, 1, 0, 0, 0, 0, 0, 0, 0, 0, 0, 0, 0, 0, 0, 0, '2020-11-24 22:20:38', '83f5313e-1526-46d4-b70a-296ff5a35faf'),
	('2625bab6-5b37-4752-946d-fa2b10ff7a3f', 'Rank 8', 8, 0, 0, 0, 1, 1, 0, 0, 0, 0, 0, 0, 0, 1, 0, 0, 0, 0, 0, '2020-11-27 03:12:33', '88d7c821-63fe-4d23-a65c-5e08c0f80fb9'),
	('ea8535ac-4249-43ce-ae92-780a4c315a74', 'Rank 8', 8, 0, 0, 0, 1, 1, 0, 0, 0, 0, 0, 0, 0, 1, 0, 0, 0, 0, 0, '2020-11-25 22:34:50', '8bd334ac-0c73-4bdc-b4cd-6117c67372aa'),
	('4aa92a81-4b7c-4cb4-85cf-51522db5680d', 'Rank 7', 7, 0, 1, 0, 1, 1, 0, 0, 0, 0, 0, 0, 0, 1, 0, 0, 0, 0, 0, '2020-11-24 22:58:49', '90d2f071-879f-4a04-b489-34b28944f1d2'),
	('4a4b6e79-fe3a-4d09-87e5-cc8e15f59d30', 'Initiate', 8, 0, 0, 0, 1, 1, 1, 0, 0, 0, 0, 0, 0, 1, 0, 0, 0, 0, 0, '2020-11-24 22:30:25', '9184d72f-9673-4ee8-b882-20042b01bc78'),
	('f92cbe1a-eeef-42b5-bf2d-1d7b78dbbfd7', 'Guildmaster', 0, 1, 1, 1, 1, 1, 1, 1, 1, 1, 1, 1, 1, 1, 1, 1, 1, 1, 1, '2020-11-27 03:09:59', '9251ca0a-861e-4ffa-a345-cbce23207da6'),
	('1b58e5c6-007a-40e2-8548-b7eb5a2d8649', 'Initiate', 8, 0, 0, 0, 1, 1, 1, 0, 0, 0, 0, 0, 0, 1, 0, 0, 0, 0, 0, '2020-11-24 22:30:25', '92aa0842-794d-4ccb-ab62-147cf12a1bbc'),
	('f92cbe1a-eeef-42b5-bf2d-1d7b78dbbfd7', 'Rank 6', 6, 0, 1, 0, 1, 1, 0, 0, 1, 0, 0, 0, 0, 1, 0, 0, 0, 0, 0, '2020-11-27 03:10:00', '97e09b67-599f-4484-8d2b-f28e90fe8c5c'),
	('23f92d3f-8fcc-4046-987d-f3e51caafc60', 'Rank 6', 6, 0, 1, 0, 1, 1, 0, 0, 1, 0, 0, 0, 0, 1, 0, 0, 0, 0, 0, '2020-11-26 17:54:40', '99b82363-45a5-4002-9c19-157f6cba53c6'),
	('23f92d3f-8fcc-4046-987d-f3e51caafc60', 'Rank 3', 3, 0, 1, 0, 1, 1, 1, 1, 1, 1, 0, 0, 0, 1, 0, 0, 0, 0, 0, '2020-11-26 17:54:40', '99cf90d5-2f95-4e04-84b0-385851108b02'),
	('ea8535ac-4249-43ce-ae92-780a4c315a74', 'Guildmaster', 0, 1, 1, 1, 1, 1, 1, 1, 1, 1, 1, 1, 1, 1, 1, 1, 1, 1, 1, '2020-11-25 22:34:50', '9a640841-3036-428d-b032-70bf3d92686c'),
	('1b58e5c6-007a-40e2-8548-b7eb5a2d8649', 'Rank 4', 4, 0, 1, 0, 1, 1, 1, 0, 1, 1, 0, 0, 0, 1, 0, 0, 0, 0, 0, '2020-11-24 22:20:38', 'a3b17f8a-9134-41cc-80cf-bad263d55ea2'),
	('2625bab6-5b37-4752-946d-fa2b10ff7a3f', 'Rank 4', 4, 0, 1, 0, 1, 1, 1, 0, 1, 1, 0, 0, 0, 1, 0, 0, 0, 0, 0, '2020-11-27 03:12:33', 'a7ec4d9a-56c1-45c0-b5a5-78505d14943f'),
	('ea8535ac-4249-43ce-ae92-780a4c315a74', 'Rank 9', 9, 0, 0, 0, 1, 0, 0, 0, 0, 0, 0, 0, 0, 0, 0, 0, 0, 0, 0, '2020-11-25 22:34:50', 'a97ac29a-a336-4078-998d-a2607169eff0'),
	('ea8535ac-4249-43ce-ae92-780a4c315a74', 'Rank 5', 5, 0, 1, 0, 1, 1, 0, 0, 1, 1, 0, 0, 0, 1, 0, 0, 0, 0, 0, '2020-11-25 22:34:50', 'aa64b8d5-df56-458d-8a60-9fb894386003'),
	('984013fa-2647-4cae-8f9e-e905d58e5627', 'Rank 9', 9, 0, 0, 0, 1, 0, 0, 0, 0, 0, 0, 0, 0, 0, 0, 0, 0, 0, 0, '2020-11-24 22:20:38', 'aeb2a65d-9e87-4779-aeac-1fa5f325d9cd'),
	('2625bab6-5b37-4752-946d-fa2b10ff7a3f', 'Guildmaster', 0, 1, 1, 1, 1, 1, 1, 1, 1, 1, 1, 1, 1, 1, 1, 1, 1, 1, 1, '2020-11-27 03:12:33', 'b52f339c-a3aa-45cf-9e80-b9fd09b8e18c'),
	('f92cbe1a-eeef-42b5-bf2d-1d7b78dbbfd7', 'Rank 1', 1, 0, 1, 0, 1, 1, 1, 1, 1, 1, 1, 1, 0, 1, 1, 1, 1, 0, 0, '2020-11-27 03:09:59', 'b8ed2cf8-ee4c-4112-a813-6dd80c2932e0'),
	('23f92d3f-8fcc-4046-987d-f3e51caafc60', 'Rank 1', 1, 0, 1, 0, 1, 1, 1, 1, 1, 1, 1, 1, 0, 1, 1, 1, 1, 0, 0, '2020-11-26 17:54:40', 'bacb230d-1aff-47e5-b269-5da1b43819c4'),
	('ea8535ac-4249-43ce-ae92-780a4c315a74', 'Rank 3', 3, 0, 1, 0, 1, 1, 1, 1, 1, 1, 0, 0, 0, 1, 0, 0, 0, 0, 0, '2020-11-25 22:34:50', 'bb608164-cc09-4ac7-ad74-1f298cb047f5'),
	('f92cbe1a-eeef-42b5-bf2d-1d7b78dbbfd7', 'Rank 3', 3, 0, 1, 0, 1, 1, 1, 1, 1, 1, 0, 0, 0, 1, 0, 0, 0, 0, 0, '2020-11-27 03:09:59', 'bbeee121-2a7f-4c6c-b51d-b9ebac06e64c'),
	('4aa92a81-4b7c-4cb4-85cf-51522db5680d', 'Rank 5', 5, 0, 1, 0, 1, 1, 0, 0, 1, 1, 0, 0, 0, 1, 0, 0, 0, 0, 0, '2020-11-24 22:58:49', 'bd95513a-fe09-459a-9cd6-4587fb99af1b'),
	('1b58e5c6-007a-40e2-8548-b7eb5a2d8649', 'Guildmaster', 0, 1, 1, 1, 1, 1, 1, 1, 1, 1, 1, 1, 1, 1, 1, 1, 1, 1, 1, '2020-11-24 22:20:38', 'c319c5a8-a755-4ff5-885e-2c1674a2adc7'),
	('984013fa-2647-4cae-8f9e-e905d58e5627', 'Rank 7', 7, 0, 1, 0, 1, 1, 0, 0, 0, 0, 0, 0, 0, 1, 0, 0, 0, 0, 0, '2020-11-24 22:20:38', 'c7e84150-bf4a-4b25-9021-a488ee6fce6c'),
	('4a4b6e79-fe3a-4d09-87e5-cc8e15f59d30', 'Rank 3', 3, 0, 1, 0, 1, 1, 1, 1, 1, 1, 0, 0, 0, 1, 0, 0, 0, 0, 0, '2020-11-24 22:20:38', 'cac8d0b0-a0db-4ab5-b6e6-d08f87639919'),
	('2625bab6-5b37-4752-946d-fa2b10ff7a3f', 'Rank 9', 9, 0, 0, 0, 1, 0, 0, 0, 0, 0, 0, 0, 0, 0, 0, 0, 0, 0, 0, '2020-11-27 03:12:33', 'ce0457a8-5dd3-4288-b9b2-612f40ab5fe6'),
	('984013fa-2647-4cae-8f9e-e905d58e5627', 'Rank 2', 2, 0, 1, 0, 1, 1, 1, 1, 1, 1, 1, 1, 0, 1, 0, 0, 0, 0, 0, '2020-11-24 22:20:38', 'cf918581-e177-4448-a04a-503df45ade75'),
	('984013fa-2647-4cae-8f9e-e905d58e5627', 'Rank 6', 6, 0, 1, 0, 1, 1, 0, 0, 1, 0, 0, 0, 0, 1, 0, 0, 0, 0, 0, '2020-11-24 22:20:38', 'd3cea609-595b-464f-9188-1e6ce19c2e37'),
	('4a4b6e79-fe3a-4d09-87e5-cc8e15f59d30', 'Rank 6', 6, 0, 1, 0, 1, 1, 0, 0, 1, 0, 0, 0, 0, 1, 0, 0, 0, 0, 0, '2020-11-24 22:20:38', 'd3f666bb-5154-4ce4-90ff-3a9723ccc859'),
	('984013fa-2647-4cae-8f9e-e905d58e5627', 'Rank 1', 1, 0, 1, 0, 1, 1, 1, 1, 1, 1, 1, 1, 0, 1, 1, 1, 1, 0, 0, '2020-11-24 22:20:38', 'd45e3440-21d0-4fd9-a2b8-8dd80ed726c3'),
	('2625bab6-5b37-4752-946d-fa2b10ff7a3f', 'Rank 7', 7, 0, 1, 0, 1, 1, 0, 0, 0, 0, 0, 0, 0, 1, 0, 0, 0, 0, 0, '2020-11-27 03:12:33', 'd62f939b-016d-4921-aab5-f92f5f6240bd'),
	('f92cbe1a-eeef-42b5-bf2d-1d7b78dbbfd7', 'Rank 4', 4, 0, 1, 0, 1, 1, 1, 0, 1, 1, 0, 0, 0, 1, 0, 0, 0, 0, 0, '2020-11-27 03:09:59', 'd9ee8bda-e40f-434c-8d5b-71cb1baf2cfc'),
	('4aa92a81-4b7c-4cb4-85cf-51522db5680d', 'Guildmaster', 0, 1, 1, 1, 1, 1, 1, 1, 1, 1, 1, 1, 1, 1, 1, 1, 1, 1, 1, '2020-11-24 22:58:49', 'dbeeea68-28b7-4bbe-b6d9-58e0f12d9383'),
	('4a4b6e79-fe3a-4d09-87e5-cc8e15f59d30', 'Rank 5', 5, 0, 1, 0, 1, 1, 0, 0, 1, 1, 0, 0, 0, 1, 0, 0, 0, 0, 0, '2020-11-24 22:20:38', 'e178fd3f-0b79-4172-94ed-1bf4c9a730d0'),
	('4aa92a81-4b7c-4cb4-85cf-51522db5680d', 'Rank 4', 4, 0, 1, 0, 1, 1, 1, 0, 1, 1, 0, 0, 0, 1, 0, 0, 0, 0, 0, '2020-11-24 22:58:49', 'e649ecc5-83de-4c6b-9015-a9a6c1850595'),
	('984013fa-2647-4cae-8f9e-e905d58e5627', 'Guildmaster', 0, 1, 1, 1, 1, 1, 1, 1, 1, 1, 1, 1, 1, 1, 1, 1, 1, 1, 1, '2020-11-24 22:20:38', 'f2000613-e9e5-4cef-9a2d-0a120758f6a0'),
	('ea8535ac-4249-43ce-ae92-780a4c315a74', 'Rank 2', 2, 0, 1, 0, 1, 1, 1, 1, 1, 1, 1, 1, 0, 1, 0, 0, 0, 0, 0, '2020-11-25 22:34:50', 'fa31e044-1c03-477a-ba46-fbd4b85d28f2');
/*!40000 ALTER TABLE `guildrank` ENABLE KEYS */;

-- Dumping structure for table soidaoc.inventory
DROP TABLE IF EXISTS `inventory`;
CREATE TABLE IF NOT EXISTS `inventory` (
  `OwnerID` varchar(255) NOT NULL,
  `OwnerLot` smallint(5) unsigned DEFAULT NULL,
  `ITemplate_Id` varchar(255) DEFAULT NULL,
  `UTemplate_Id` varchar(255) DEFAULT NULL,
  `IsCrafted` tinyint(1) DEFAULT NULL,
  `Creator` text DEFAULT NULL,
  `SlotPosition` int(11) DEFAULT NULL,
  `Count` int(11) DEFAULT NULL,
  `SellPrice` int(11) DEFAULT NULL,
  `Experience` bigint(20) DEFAULT NULL,
  `Color` int(11) DEFAULT NULL,
  `Emblem` int(11) DEFAULT NULL,
  `Extension` tinyint(3) unsigned DEFAULT NULL,
  `Condition` int(11) NOT NULL DEFAULT 0,
  `Durability` int(11) NOT NULL DEFAULT 0,
  `PoisonSpellID` int(11) DEFAULT NULL,
  `PoisonMaxCharges` int(11) DEFAULT NULL,
  `PoisonCharges` int(11) DEFAULT NULL,
  `Charges` int(11) DEFAULT NULL,
  `Charges1` int(11) DEFAULT NULL,
  `Cooldown` int(11) NOT NULL DEFAULT 0,
  `LastTimeRowUpdated` datetime NOT NULL DEFAULT '2000-01-01 00:00:00',
  `Inventory_ID` varchar(255) NOT NULL,
  PRIMARY KEY (`Inventory_ID`),
  KEY `I_Inventory_OwnerID` (`OwnerID`),
  KEY `I_Inventory_ITemplate_Id` (`ITemplate_Id`),
  KEY `I_Inventory_UTemplate_Id` (`UTemplate_Id`),
  KEY `I_Inventory_SlotPosition` (`SlotPosition`)
) ENGINE=InnoDB DEFAULT CHARSET=utf8;

-- Dumping data for table soidaoc.inventory: ~621 rows (approximately)
DELETE FROM `inventory`;
/*!40000 ALTER TABLE `inventory` DISABLE KEYS */;
INSERT INTO `inventory` (`OwnerID`, `OwnerLot`, `ITemplate_Id`, `UTemplate_Id`, `IsCrafted`, `Creator`, `SlotPosition`, `Count`, `SellPrice`, `Experience`, `Color`, `Emblem`, `Extension`, `Condition`, `Durability`, `PoisonSpellID`, `PoisonMaxCharges`, `PoisonCharges`, `Charges`, `Charges1`, `Cooldown`, `LastTimeRowUpdated`, `Inventory_ID`) VALUES
	('24d4994b-1df6-40b5-8942-fa8d5b666acb', 0, NULL, 'Sigil_Enchanted_Mail_Leggings#42ec4662-86a3-41e8-b26b-b5bc2ddbb31e', 1, 'Mudpilex', 27, 1, 0, 0, 0, 0, 0, 50000, 50000, 0, 0, 0, 0, 0, 0, '2020-11-27 01:36:29', '00bc455e-fe7b-442d-b129-0a3aa58eb832'),
	('8d7ed510-df7a-41fb-991e-3c7d1e578416', 0, 'bronze_studded_vest', NULL, 0, '', 25, 1, 0, 0, 0, 0, 0, 50000, 50000, 0, 0, 0, 0, 0, 0, '2020-11-26 20:40:00', '010b6253-6b61-4db1-9f0d-24f2b71a0e2d'),
	('642d135a-2b33-4114-8a27-33cea066fdfb', 0, 'Shimmering_Glimmer_Geist_Spear', NULL, 0, 'glimmer geist', 48, 1, 0, 0, 0, 0, 0, 50000, 50000, 0, 0, 0, 0, 0, 0, '2020-11-27 03:57:19', '0169e853-3d03-431b-adeb-3d5ebfc80fd1'),
	('80ae59ea-4613-4ddf-9dc3-ae7c11da7b98', 0, 'BeltofEsteny', NULL, 0, NULL, 32, 1, 0, 0, 0, 0, 0, 50000, 50000, 0, 0, 0, 0, 0, 0, '2020-11-26 21:02:00', '018d85b3-02a1-48fb-9948-4c595cb53cbb'),
	('1c6c7709-4aaa-4fe0-ad1f-e6436cec9377', 0, 'bronze_studded_boots', NULL, 0, '', 23, 1, 0, 0, 0, 0, 0, 50000, 50000, 0, 0, 0, 0, 0, 0, '2020-11-25 07:42:00', '01bb5ea1-d871-4dba-8a90-0dba11fdcae7'),
	('f1f1a96f-5155-4856-8278-e40dd2ede148', 0, 'bronze_studded_boots', NULL, 0, '', 23, 1, 0, 0, 0, 0, 0, 50000, 50000, 0, 0, 0, 0, 0, 0, '2020-11-26 04:22:28', '01c48bb8-7981-4f21-9bcd-6a8f527fc6ff'),
	('0af9a999-8b94-4cfa-a269-6c5c0d6dc539', 0, 'Jeweled_Rigid_Leggings', NULL, 0, 'collared gemgetter', 61, 1, 0, 0, 0, 0, 3, 50000, 50000, 0, 0, 0, 0, 0, 0, '2020-11-26 21:10:09', '01d81002-45db-4467-a81e-f24f4f72c164'),
	('a8ed5d46-1e72-4581-a1e8-1fee8bb5672b', 0, 'BracerofUnity', NULL, 0, NULL, 33, 1, 0, 0, 0, 0, 0, 50000, 50000, 0, 0, 0, 0, 0, 0, '2020-11-27 03:38:37', '01fef44d-3c5a-4581-a922-d111dda57b9e'),
	('8fa4b5ae-31fb-46d3-a904-da0f80632bdc', 0, 'bronze_studded_vest', NULL, 0, '', 42, 1, 0, 0, 0, 0, 0, 50000, 50000, 0, 0, 0, 0, 0, 0, '2020-11-27 01:38:06', '0277d63a-39bb-4985-a334-008e6594d61b'),
	('6791c867-0b4d-42c1-aec0-8f2d6507e17f', 0, 'Personal_Bind_Recall_Stone', NULL, 0, '', 40, 1, 0, 0, 0, 0, 1, 50000, 50000, 0, 0, 0, 0, 0, 1141, '2020-11-26 18:52:21', '02d8f3f4-8090-487b-abc7-b9682a59664d'),
	('4637c4a3-acca-40b1-84c9-22dfaf5f0340', 0, 'molvik_dagger_hib', NULL, 0, '', 56, 1, 0, 0, 70, 0, 0, 49799, 50000, 0, 0, 0, 0, 0, 0, '2020-11-27 03:07:23', '03b75741-eb56-4597-bc48-a2067334165e'),
	('2737e7a5-fd3c-44db-ba68-a45acd08fea1', 0, 'BonedancerEpicBoots', NULL, 0, '', 23, 1, 0, 0, 0, 0, 0, 50000, 50000, 0, 0, 0, 0, 0, 0, '2020-11-27 15:20:36', '040cc704-6caf-4446-b631-f7cabd1423fa'),
	('3b9667d3-9834-499b-a213-c6a6982cae84', 0, 'rawhide_roman_leather_jerkin', NULL, 0, '', 25, 1, 0, 0, 0, 0, 0, 50000, 50000, 0, 0, 0, 0, 0, 0, '2020-11-26 17:23:20', '04381c0a-3218-47a1-9360-b3f82d73702b'),
	('cbf9ff31-1201-4cba-b6aa-061e575a0812', 0, 'molvik_cloth_legs', NULL, 0, '', 27, 1, 0, 0, 73, 0, 0, 50000, 50000, 0, 0, 0, 0, 0, 0, '2020-11-27 03:00:22', '04cbea50-0255-43df-8922-5d6f77bede3b'),
	('80ae59ea-4613-4ddf-9dc3-ae7c11da7b98', 0, 'molvik_harp_alb', NULL, 0, NULL, 12, 1, 0, 0, 67, 0, 0, 49999, 50000, 0, 0, 0, 0, 0, 0, '2020-11-26 23:10:08', '0569ee35-886c-4854-a08d-687a3b09b203'),
	('27cde3a3-5cee-4a91-a48f-b1896293ab13', 0, 'rawhide_roman_leather_boots', NULL, 0, NULL, 23, 1, 0, 0, 0, 0, 0, 50000, 50000, 0, 0, 0, 0, 0, 0, '2020-11-24 22:43:46', '05cc73cd-2f6a-4bb7-ad78-34c70a58c1e9'),
	('0af9a999-8b94-4cfa-a269-6c5c0d6dc539', 0, 'Jewel_Spiked_Boots', NULL, 0, 'collared gemgetter', 54, 1, 0, 0, 0, 0, 0, 50000, 50000, 0, 0, 0, 0, 0, 0, '2020-11-26 21:05:00', '05d9989c-5ab7-4b27-bfe7-7a1ca7af4190'),
	('739fb6fe-209e-4672-80f1-3009af8b0b81', 0, 'small_training_shield', NULL, 0, '', 11, 1, 0, 0, 0, 0, 0, 50000, 50000, 0, 0, 0, 0, 0, 0, '2020-11-26 00:44:49', '062535cb-6dc8-41da-b3ca-d7574092077c'),
	('bb62869a-62df-431c-963a-1f3364119fc2', 0, 'Ring_of_Hatred', NULL, 0, 'lair guard', 35, 1, 0, 0, 0, 0, 0, 50000, 50000, 0, 0, 0, 0, 0, 0, '2020-11-26 18:55:26', '069688fa-d9f7-4c86-932a-9ee64c0e8727'),
	('739fb6fe-209e-4672-80f1-3009af8b0b81', 0, 'training_axe', NULL, 0, '', 10, 1, 0, 0, 0, 0, 0, 50000, 50000, 0, 0, 0, 0, 0, 0, '2020-11-26 00:44:49', '07a37df3-4797-4983-927e-b0e08f99ff0f'),
	('9fd2d238-73da-40a5-be40-4fe3404b6f1e', 0, 'small_training_shield', NULL, 0, '', 11, 1, 0, 0, 0, 0, 0, 50000, 50000, 0, 0, 0, 0, 0, 0, '2020-11-26 20:40:01', '07a940dc-874a-41b0-a373-d179c112efa1'),
	('51eca924-c1a6-455b-bef2-81291fa11abd', 0, 'Tattered_Woolen_Woven_Vest', NULL, 0, 'skeletal pawn', 47, 1, 0, 0, 0, 0, 0, 50000, 50000, 0, 0, 0, 0, 0, 0, '2020-11-27 01:40:14', '07ee1e4b-d174-4fc0-ba15-b6d9c1dae859'),
	('ab405454-175d-4a0c-9bff-502107a33e0f', 0, 'bronze_studded_gauntlets', NULL, 0, '', 22, 1, 0, 0, 0, 0, 0, 50000, 50000, 0, 0, 0, 0, 0, 0, '2020-11-24 22:57:06', '080628fb-2311-4b89-9d33-a0a54e3761fc'),
	('4e6a6400-e762-4626-bcec-ca0e9b29038e', 0, NULL, 'Unique12ec0c04-eb40-48b0-87f9-a2babb6496c3', 0, '', 22, 1, 0, 0, 48, 0, 5, 50000, 50000, 0, 0, 0, 0, 0, 0, '2020-11-26 23:10:20', '080d2c7b-4503-4e7e-9753-6219cacbb614'),
	('8fa4b5ae-31fb-46d3-a904-da0f80632bdc', 0, 'Masterful_Moonglade_Gauntlets', NULL, 0, 'glimmer geist', 67, 1, 0, 0, 0, 0, 0, 50000, 50000, 0, 0, 0, 0, 0, 0, '2020-11-27 03:51:10', '08e0e034-49f9-4921-a9bc-68410094496b'),
	('4637c4a3-acca-40b1-84c9-22dfaf5f0340', 0, 'dragonslayer_soft_cruaigh_shoes', NULL, 0, NULL, 23, 1, 0, 0, 0, 0, 5, 49985, 50000, 0, 0, 0, 0, 0, 0, '2020-11-27 04:09:41', '08f7ca99-d91d-4448-afe7-602c204f8a69'),
	('a8ed5d46-1e72-4581-a1e8-1fee8bb5672b', 0, NULL, 'Uniqueb12729e4-4dcd-4c82-83db-e074767562b6', 0, NULL, 22, 1, 0, 0, 16, 0, 5, 50000, 50000, 0, 0, 0, 0, 0, 0, '2020-11-27 03:33:48', '0983154e-6bb0-4400-91e4-c1fc9e8150f5'),
	('bb62869a-62df-431c-963a-1f3364119fc2', 0, 'Starter_Cloak', NULL, 0, '', 26, 1, 0, 0, 0, 0, 0, 1, 1, 0, 0, 0, 0, 0, 0, '2020-11-26 18:55:26', '0b94e198-023f-499d-967e-96d8163f4ed5'),
	('28779d4b-1012-4f5e-80d6-f5e65c886895', 0, 'practice_dirk', NULL, 0, NULL, 10, 1, 0, 0, 0, 0, 0, 50000, 50000, 0, 0, 0, 0, 0, 0, '2020-11-24 22:44:48', '0bc30ccf-a3bb-4eb1-9304-8453be86d1b0'),
	('b0d1bbe4-55ee-457f-9b6d-a7ccf0b2433f', 0, 'Voidbound_Focus_Invoker_Staff', NULL, 0, 'fear dearc', 12, 1, 0, 0, 0, 0, 0, 50000, 50000, 0, 0, 0, 0, 0, 0, '2020-11-26 20:33:20', '0c07d16e-92a6-4d29-9ffe-c300825cf915'),
	('0306b258-9fa2-4133-87d0-15c94b355dde', 0, 'bronze_studded_gauntlets', NULL, 0, '', 22, 1, 0, 0, 0, 0, 0, 50000, 50000, 0, 0, 0, 0, 0, 0, '2020-11-26 17:22:03', '0ca85d72-f9f7-4e02-b636-ba8dd50f935f'),
	('8470cee2-2e55-4bfb-bfe7-ea186e2c2a59', 0, 'bronze_studded_arms', NULL, 0, NULL, 28, 1, 0, 0, 0, 0, 0, 50000, 50000, 0, 0, 0, 0, 0, 0, '2020-11-26 16:40:04', '0cc1382b-a16e-4d43-85d2-e37eba14c0be'),
	('a8ed5d46-1e72-4581-a1e8-1fee8bb5672b', 0, 'rawhide_roman_leather_jerkin', NULL, 0, '', 42, 1, 0, 0, 0, 0, 0, 50000, 50000, 0, 0, 0, 0, 0, 0, '2020-11-27 03:25:33', '0d6b732a-2cdd-4ba8-bef9-73dad5de0c69'),
	('56935216-4a0d-4b82-8bbd-0360b42da9e9', 0, 'training_club', NULL, 0, '', 10, 1, 0, 0, 0, 0, 0, 50000, 50000, 0, 0, 0, 0, 0, 0, '2020-11-26 19:43:57', '0d7eee2b-500a-45c8-916b-ad24ead279ad'),
	('4637c4a3-acca-40b1-84c9-22dfaf5f0340', 0, 'dragonslayer_cruaigh_sleeves', NULL, 0, NULL, 28, 1, 0, 0, 0, 0, 5, 49993, 50000, 0, 0, 0, 0, 0, 0, '2020-11-27 02:56:48', '0deddd8d-f3a2-4077-8e88-a14e4844c004'),
	('13559b1b-6717-44a3-882b-896971453a26', 0, 'tempered_leather_square', NULL, 0, '', 42, 390, 0, 0, 0, 0, 0, 50000, 50000, 0, 0, 0, 0, 0, 0, '2020-11-27 01:40:18', '0e6149b2-f02b-4b41-89fd-b9070ae49742'),
	('1183687b-926b-4462-aef1-1386cb65932a', 0, 'Bracer_of_Valor', NULL, 0, 'rattling skeleton', 33, 1, 0, 0, 0, 0, 0, 50000, 50000, 0, 0, 0, 0, 0, 0, '2020-11-26 17:26:31', '0e994661-1a42-4930-aa41-5dd4a96e4289'),
	('c8bc16b1-49a1-49d6-b1e6-f8cac1c21e9a', 0, 'molvik_leather_legs', NULL, 0, '', 27, 1, 0, 0, 73, 0, 0, 49999, 50000, 0, 0, 0, 0, 0, 0, '2020-11-27 00:10:12', '0ed754e9-bac6-4b4b-bd7b-aac1df1cbf7c'),
	('28779d4b-1012-4f5e-80d6-f5e65c886895', 0, 'rawhide_roman_leather_jerkin', NULL, 0, NULL, 25, 1, 0, 0, 0, 0, 0, 50000, 50000, 0, 0, 0, 0, 0, 0, '2020-11-24 22:44:48', '0f2136a0-d752-4fc3-8f33-c63c07f9f986'),
	('51eca924-c1a6-455b-bef2-81291fa11abd', 0, 'Richly_Designed_Kite_Shield', NULL, 0, 'mummy hag', 51, 1, 0, 0, 0, 0, 0, 50000, 50000, 0, 0, 0, 0, 0, 0, '2020-11-27 01:41:09', '10536876-5a3b-4c5d-b888-7075bc7afbe3'),
	('56935216-4a0d-4b82-8bbd-0360b42da9e9', 0, 'rawhide_roman_leather_leggings', NULL, 0, '', 27, 1, 0, 0, 0, 0, 0, 50000, 50000, 0, 0, 0, 0, 0, 0, '2020-11-26 19:43:57', '10e0ebdc-e3ae-4817-ab34-860ab973f676'),
	('0af9a999-8b94-4cfa-a269-6c5c0d6dc539', 0, 'Flawed_Asterite_Dirk', NULL, 0, 'enthralled silvier', 42, 1, 0, 0, 0, 0, 0, 50000, 50000, 0, 0, 0, 0, 0, 0, '2020-11-26 20:52:14', '1163d513-1459-4474-8b97-72a8c6019e61'),
	('739fb6fe-209e-4672-80f1-3009af8b0b81', 0, 'bronze_studded_boots', NULL, 0, '', 23, 1, 0, 0, 0, 0, 0, 50000, 50000, 0, 0, 0, 0, 0, 0, '2020-11-26 00:44:49', '11a27b56-bca4-48a6-b696-d8549b179085'),
	('2737e7a5-fd3c-44db-ba68-a45acd08fea1', 0, 'BonedancerEpicLegs', NULL, 0, '', 27, 1, 0, 0, 0, 0, 0, 50000, 50000, 0, 0, 0, 0, 0, 0, '2020-11-27 15:20:36', '11c04029-65d5-4bc2-a2cf-6fbb8264ede3'),
	('c8bc16b1-49a1-49d6-b1e6-f8cac1c21e9a', 0, 'Ghastly_Ring_of_Bone', NULL, 0, 'ectoplasm', 50, 1, 0, 0, 0, 0, 0, 50000, 50000, 0, 0, 0, 0, 0, 0, '2020-11-26 23:59:29', '12250603-3c21-4d59-afba-fc6b29ddac4f'),
	('8fa4b5ae-31fb-46d3-a904-da0f80632bdc', 0, NULL, 'Unique9770eb4d-e02e-4b81-88f7-91e3f47daebe', 0, '', 27, 1, 0, 0, 16, 0, 5, 49769, 50000, 0, 0, 0, 0, 0, 0, '2020-11-27 04:10:28', '127174eb-350b-4923-baae-6540c3733196'),
	('642d135a-2b33-4114-8a27-33cea066fdfb', 0, 'molvik_chain_legs_hib', NULL, 0, '', 27, 1, 0, 0, 73, 0, 0, 49972, 50000, 0, 0, 0, 0, 0, 0, '2020-11-27 03:00:22', '12d55c1d-c7a6-478d-ac61-b722a4725281'),
	('a8ed5d46-1e72-4581-a1e8-1fee8bb5672b', 0, 'Personal_Bind_Recall_Stone', NULL, 0, '', 40, 1, 0, 0, 0, 0, 1, 50000, 50000, 0, 0, 0, 0, 0, 0, '2020-11-27 05:44:02', '1317441f-8f2e-426b-a025-0fd47d79ecf1'),
	('6791c867-0b4d-42c1-aec0-8f2d6507e17f', 0, 'molvik_sword_alb', NULL, 0, NULL, 10, 1, 0, 0, 67, 0, 0, 49932, 50000, 0, 0, 0, 0, 0, 0, '2020-11-26 18:52:21', '139cdba7-2fa9-4d5b-9a58-0559c3abe8f2'),
	('b0d1bbe4-55ee-457f-9b6d-a7ccf0b2433f', 0, 'Balanced_Asterite_Hammer', NULL, 0, 'collared gemgetter', 45, 1, 0, 0, 0, 0, 0, 50000, 50000, 0, 0, 0, 0, 0, 0, '2020-11-26 20:52:08', '13a4320f-ce3a-43e7-a8b5-090fccd48be3'),
	('62619664-3bd5-4ff0-b487-9f4070a4c58e', 0, 'woolen_cloth_pants', NULL, 0, '', 27, 1, 0, 0, 0, 0, 0, 50000, 50000, 0, 0, 0, 0, 0, 0, '2020-11-26 16:36:45', '13c8f6e0-61a8-4451-afa1-4739a343d7b7'),
	('8d7ed510-df7a-41fb-991e-3c7d1e578416', 0, 'Gem_Encrusted_Claw', NULL, 0, 'gemclicker', 10, 1, 0, 0, 0, 0, 0, 50000, 50000, 0, 0, 0, 0, 0, 0, '2020-11-26 21:10:15', '13f92112-9b6f-4cdd-8b78-e036579626cc'),
	('cbf9ff31-1201-4cba-b6aa-061e575a0812', 0, 'molvik_cloth_helm_hib', NULL, 0, '', 21, 1, 0, 0, 73, 0, 0, 49998, 50000, 0, 0, 0, 0, 0, 0, '2020-11-27 03:00:22', '149d506e-598d-4b2d-b060-e2fe5a9d0440'),
	('4637c4a3-acca-40b1-84c9-22dfaf5f0340', 0, 'lifebane', NULL, 0, NULL, 41, 382, 0, 0, 0, 0, 0, 50000, 50000, 30049, 1, 1, 1, 0, 0, '2020-11-27 05:10:32', '152237b5-a8c4-49d1-b98b-8ee473cc605c'),
	('13559b1b-6717-44a3-882b-896971453a26', 0, 'EpicCasterStaff', NULL, 0, '', 12, 1, 0, 0, 0, 0, 0, 50000, 50000, 0, 0, 0, 0, 0, 0, '2020-11-27 01:40:15', '153d3633-1555-4deb-ab87-c979de97ad1d'),
	('8fa4b5ae-31fb-46d3-a904-da0f80632bdc', 0, 'Imbued_Gloves', NULL, 0, 'mummy hag', 59, 1, 0, 0, 0, 0, 5, 50000, 50000, 0, 0, 0, 0, 0, 0, '2020-11-27 01:54:55', '156461ef-2efb-406b-bdec-f060b235694e'),
	('1cbf70ce-58c9-4be8-8439-53379debf4ed', 0, 'Starter_Cloak', NULL, 0, NULL, 26, 1, 0, 0, 0, 0, 0, 1, 1, 0, 0, 0, 0, 0, 0, '2020-11-26 20:27:47', '1586e525-6fe1-4005-9c67-418ff9e86eba'),
	('62619664-3bd5-4ff0-b487-9f4070a4c58e', 0, 'woolen_cloth_boots', NULL, 0, '', 23, 1, 0, 0, 0, 0, 0, 50000, 50000, 0, 0, 0, 0, 0, 0, '2020-11-26 16:36:45', '159f7ef6-90c2-457b-a6d2-d2ac10a1c614'),
	('520b9710-10b7-42c3-9d2d-b32e47b9e741', 0, 'small_training_shield', NULL, 0, '', 11, 1, 0, 0, 0, 0, 0, 50000, 50000, 0, 0, 0, 0, 0, 0, '2020-11-26 17:29:29', '15b9836b-ce8c-4af3-bfc6-7148c1a306b9'),
	('c46ed86b-2a83-4261-bca3-f17ed736b52c', 0, 'training_hammer', NULL, 0, '', 10, 1, 0, 0, 0, 0, 0, 50000, 50000, 0, 0, 0, 0, 0, 0, '2020-11-26 17:34:12', '169ea16b-a8ad-4b99-970c-d34d8bc09c20'),
	('9fd2d238-73da-40a5-be40-4fe3404b6f1e', 0, 'Personal_Bind_Recall_Stone', NULL, 0, '', 40, 1, 0, 0, 0, 0, 1, 50000, 50000, 0, 0, 0, 0, 0, 0, '2020-11-26 21:21:04', '174b83c5-57a6-4865-8163-78fd89381f53'),
	('f1f1a96f-5155-4856-8278-e40dd2ede148', 0, 'training_axe', NULL, 0, '', 10, 1, 0, 0, 0, 0, 0, 49989, 50000, 0, 0, 0, 0, 0, 0, '2020-11-26 04:26:25', '17ad23f5-19b6-4447-8668-94dea4c24d54'),
	('8fa4b5ae-31fb-46d3-a904-da0f80632bdc', 0, 'Atlethys_Ring_of_Resolve', NULL, 0, NULL, 36, 1, 0, 0, 0, 0, 0, 50000, 50000, 0, 0, 0, 0, 0, 0, '2020-11-27 03:38:17', '17ada570-1d7f-4e89-b96c-0d242e231f4f'),
	('520b9710-10b7-42c3-9d2d-b32e47b9e741', 0, 'bronze_studded_gauntlets', NULL, 0, '', 22, 1, 0, 0, 0, 0, 0, 50000, 50000, 0, 0, 0, 0, 0, 0, '2020-11-26 17:29:29', '17c6e2ef-9199-4290-968c-f643817a4d61'),
	('0306b258-9fa2-4133-87d0-15c94b355dde', 0, 'bronze_studded_arms', NULL, 0, '', 28, 1, 0, 0, 0, 0, 0, 50000, 50000, 0, 0, 0, 0, 0, 0, '2020-11-26 17:22:03', '18e6b113-7a66-4297-a197-3f96c3a87831'),
	('a8ed5d46-1e72-4581-a1e8-1fee8bb5672b', 0, 'Ancient_Necrotic_Brain_Fluid', NULL, 0, NULL, 51, 1, 0, 0, 0, 0, 0, 50000, 50000, 0, 0, 0, 0, 0, 0, '2020-11-27 04:01:01', '1904f703-3ce2-489d-9e9f-2644e221c7ab'),
	('b0d1bbe4-55ee-457f-9b6d-a7ccf0b2433f', 0, 'Personal_Bind_Recall_Stone', NULL, 0, '', 40, 1, 0, 0, 0, 0, 1, 50000, 50000, 0, 0, 0, 0, 0, 1603, '2020-11-26 21:24:20', '197e728f-e7bc-4d2d-845b-95b7e4f9b8ca'),
	('0af9a999-8b94-4cfa-a269-6c5c0d6dc539', 0, 'Jewel_Spiked_Helm', NULL, 0, 'collared gemgetter', 58, 1, 0, 0, 0, 0, 0, 50000, 50000, 0, 0, 0, 0, 0, 0, '2020-11-26 21:07:29', '1a180ee6-f9cd-40ae-843d-a07c79f421ea'),
	('642d135a-2b33-4114-8a27-33cea066fdfb', 0, 'DufytsNecklaceofUltimatePower', NULL, 0, '', 29, 1, 0, 0, 0, 0, 0, 50000, 50000, 0, 0, 0, 0, 0, 0, '2020-11-27 01:55:30', '1aec1f40-d692-43bf-a929-1ff6a9a54954'),
	('8d7ed510-df7a-41fb-991e-3c7d1e578416', 0, 'Jeweled_Rigid_Boots', NULL, 0, 'silvermine sentry', 63, 1, 0, 0, 0, 0, 0, 50000, 50000, 0, 0, 0, 0, 0, 0, '2020-11-26 21:17:58', '1aed0659-01ae-4d4b-aa59-e6824500c2ad'),
	('8d7ed510-df7a-41fb-991e-3c7d1e578416', 0, 'training_sword_hib', NULL, 0, '', 49, 1, 0, 0, 0, 0, 0, 50000, 50000, 0, 0, 0, 0, 0, 0, '2020-11-26 21:10:15', '1b238046-c350-4f87-9ec8-93649490edf4'),
	('51eca924-c1a6-455b-bef2-81291fa11abd', 0, 'Beaded_Silk_Bracelet', NULL, 0, 'mummy hag', 54, 1, 0, 0, 0, 0, 0, 50000, 50000, 0, 0, 0, 0, 0, 0, '2020-11-27 01:48:23', '1b37b1c1-782c-44a9-b95e-e6b7c158b6a4'),
	('24d4994b-1df6-40b5-8942-fa8d5b666acb', 0, NULL, 'tempered_dragonsworn_blade_whipAlb#c7e896cf-0c58-40c7-8143-7b9ea64ebd83', 1, 'Mudpilex', 10, 1, 0, 0, 0, 0, 0, 50000, 50000, 0, 0, 0, 0, 0, 0, '2020-11-27 01:38:43', '1b9c5256-0a60-4534-adf8-0a559b76dcdc'),
	('2737e7a5-fd3c-44db-ba68-a45acd08fea1', 0, 'BonedancerEpicVest', NULL, 0, '', 25, 1, 0, 0, 0, 0, 0, 50000, 50000, 0, 0, 0, 0, 0, 0, '2020-11-27 15:20:36', '1c10edb8-7a05-4a88-9d76-ddd9907e516c'),
	('51eca924-c1a6-455b-bef2-81291fa11abd', 0, 'Tattered_Woolen_Woven_Boots', NULL, 0, 'skeletal pawn', 46, 1, 0, 0, 0, 0, 0, 50000, 50000, 0, 0, 0, 0, 0, 0, '2020-11-27 01:40:15', '1c168f1a-8d53-441e-854b-5925cf3d7511'),
	('642d135a-2b33-4114-8a27-33cea066fdfb', 0, 'Perfected_Armor_Pattern', NULL, 0, NULL, 45, 6, 0, 0, 0, 0, 0, 50000, 50000, 0, 0, 0, 0, 0, 0, '2020-11-27 03:55:45', '1d0026ef-cfc9-4485-9148-16b069964ef8'),
	('b0d1bbe4-55ee-457f-9b6d-a7ccf0b2433f', 0, 'Carved_Flute', NULL, 0, 'silvermine sentry', 77, 1, 0, 0, 0, 0, 0, 50000, 50000, 0, 0, 0, 0, 0, 0, '2020-11-26 21:17:27', '1d263f4e-1979-43f5-8195-a50e905d11a1'),
	('56935216-4a0d-4b82-8bbd-0360b42da9e9', 0, 'rawhide_roman_leather_jerkin', NULL, 0, '', 25, 1, 0, 0, 0, 0, 0, 50000, 50000, 0, 0, 0, 0, 0, 0, '2020-11-26 19:43:57', '1d5d5501-d4ce-4383-b297-d7a5380fa631'),
	('8fa4b5ae-31fb-46d3-a904-da0f80632bdc', 0, 'Pitted_Broadsword', NULL, 0, 'skeletal minion', 52, 1, 0, 0, 0, 0, 0, 50000, 50000, 0, 0, 0, 0, 0, 0, '2020-11-27 01:38:06', '1e0c0058-fd47-4a79-a015-ecb09355cf62'),
	('bb62869a-62df-431c-963a-1f3364119fc2', 0, 'Tomte_Round_Shield', NULL, 0, 'lair guard', 41, 1, 0, 0, 0, 0, 0, 49997, 50000, 0, 0, 0, 0, 0, 0, '2020-11-26 18:59:43', '1ee79045-1fa8-489d-b761-211291b4924d'),
	('b0d1bbe4-55ee-457f-9b6d-a7ccf0b2433f', 0, 'Flawed_Asterite_Mace', NULL, 0, 'silvermine knocker', 43, 1, 0, 0, 0, 0, 0, 50000, 50000, 0, 0, 0, 0, 0, 0, '2020-11-26 20:49:08', '1efb7702-7bcd-45b5-8339-36972acdea6d'),
	('1cbf70ce-58c9-4be8-8439-53379debf4ed', 0, 'training_staff', NULL, 0, '', 12, 1, 0, 0, 0, 0, 0, 50000, 50000, 0, 0, 0, 0, 0, 0, '2020-11-26 20:29:59', '1f3cf49a-b801-4632-b79d-03417e64c42e'),
	('24d4994b-1df6-40b5-8942-fa8d5b666acb', 0, NULL, 'Sigil_Enchanted_Mail_Boots#c3c42dbc-ad7a-468c-a2e5-8e0a32ad0d01', 1, 'Mudpilex', 23, 1, 0, 0, 0, 0, 0, 50000, 50000, 0, 0, 0, 0, 0, 0, '2020-11-27 01:36:54', '1fa662f4-8a07-4f55-83cd-bbd3aca52671'),
	('13559b1b-6717-44a3-882b-896971453a26', 0, 'NecromancerEpicHelm', NULL, 0, '', 21, 1, 0, 0, 0, 0, 0, 50000, 50000, 0, 0, 0, 0, 0, 0, '2020-11-27 01:40:15', '1fe6d57a-da77-4a29-bbf3-0dd63ad04c87'),
	('6791c867-0b4d-42c1-aec0-8f2d6507e17f', 0, 'Old Headsman`s Axe', NULL, 0, 'Mithra initiate', 44, 1, 0, 0, 0, 0, 0, 50000, 50000, 0, 0, 0, 0, 0, 0, '2020-11-26 18:47:29', '200fd66d-cbe1-434f-ba44-e6db67910627'),
	('a8ed5d46-1e72-4581-a1e8-1fee8bb5672b', 0, NULL, 'Uniquec4a63b65-aa11-4c75-aa51-e7d66e2e27d4', 0, NULL, 23, 1, 0, 0, 16, 0, 5, 50000, 50000, 0, 0, 0, 0, 0, 0, '2020-11-27 03:33:43', '2040a9a8-5e36-445f-ad72-e980c6733919'),
	('24d4994b-1df6-40b5-8942-fa8d5b666acb', 0, 'BeltofDestruction', NULL, 0, '', 32, 1, 0, 0, 0, 0, 0, 50000, 50000, 0, 0, 0, 0, 0, 0, '2020-11-27 01:38:43', '21078225-740b-4dad-b621-5a1c1b8eb966'),
	('4637c4a3-acca-40b1-84c9-22dfaf5f0340', 0, 'TornCloakofPower', NULL, 0, '', 48, 1, 0, 0, 0, 125760, 0, 50000, 50000, 0, 0, 0, 0, 0, 0, '2020-11-27 02:22:43', '21b8f2be-e2dc-4c43-9abb-8aa81a4483c7'),
	('24d4994b-1df6-40b5-8942-fa8d5b666acb', 0, 'BracerofArawn', NULL, 0, '', 34, 1, 0, 0, 0, 0, 0, 50000, 50000, 0, 0, 0, 0, 0, 0, '2020-11-27 01:38:43', '226f43a6-1e0d-45bf-a61a-19854095822a'),
	('f1f1a96f-5155-4856-8278-e40dd2ede148', 0, 'bronze_studded_legs', NULL, 0, '', 27, 1, 0, 0, 0, 0, 0, 49996, 50000, 0, 0, 0, 0, 0, 0, '2020-11-26 04:26:25', '23476444-065c-42cc-a4a8-004ff5a93a85'),
	('51eca924-c1a6-455b-bef2-81291fa11abd', 0, 'Tattered_Rawhide_Brea_Jerkin', NULL, 0, 'skeletal minion', 48, 1, 0, 0, 0, 0, 0, 50000, 50000, 0, 0, 0, 0, 0, 0, '2020-11-27 01:40:15', '23940048-86ef-48bc-bac1-3fb95c743da2'),
	('b0d1bbe4-55ee-457f-9b6d-a7ccf0b2433f', 0, 'Flawed_Carved_Flute', NULL, 0, 'enthralled silvier', 73, 1, 0, 0, 0, 0, 0, 50000, 50000, 0, 0, 0, 0, 0, 0, '2020-11-26 21:13:54', '23dd0752-a662-403e-af45-83194a4e306f'),
	('bb62869a-62df-431c-963a-1f3364119fc2', 0, 'molvik_chain_helm_mid', NULL, 0, '', 21, 1, 0, 0, 73, 0, 0, 49984, 50000, 0, 0, 0, 0, 0, 0, '2020-11-26 18:55:26', '23ef527b-56f5-4271-a074-5b2f15f9d4f4'),
	('b0d1bbe4-55ee-457f-9b6d-a7ccf0b2433f', 0, 'Encrusted_Truesilver_Necklace', NULL, 0, 'unseelie underviewer', 76, 1, 0, 0, 0, 0, 0, 50000, 50000, 0, 0, 0, 0, 0, 0, '2020-11-26 21:16:06', '244cb89b-3bac-4ae1-a502-ccb94f094057'),
	('51eca924-c1a6-455b-bef2-81291fa11abd', 0, 'SapphireSeal', NULL, 0, NULL, 68, 2, 0, 0, 0, 0, 0, 50000, 50000, 0, 0, 0, 0, 0, 0, '2020-11-27 02:50:21', '24a15bf8-deb3-4527-9364-897fddf56581'),
	('5321acd6-ce18-4773-aade-0b308ab49e23', 0, 'training_staff', NULL, 0, '', 12, 1, 0, 0, 0, 0, 0, 50000, 50000, 0, 0, 0, 0, 0, 0, '2020-11-25 07:51:30', '25bea5ec-7674-42d2-8db0-0d100be93099'),
	('62619664-3bd5-4ff0-b487-9f4070a4c58e', 0, 'Woolen_Torn_Boots_alb', NULL, 0, 'bandit hopeful', 45, 1, 0, 0, 0, 0, 0, 50000, 50000, 0, 0, 0, 0, 0, 0, '2020-11-26 16:37:01', '25c60f63-0563-4c9c-84d7-8d9e9d2a470d'),
	('13559b1b-6717-44a3-882b-896971453a26', 0, 'NecromancerEpicGloves', NULL, 0, '', 22, 1, 0, 0, 0, 0, 0, 50000, 50000, 0, 0, 0, 0, 0, 0, '2020-11-27 01:40:16', '25da833d-bdb5-4376-94e5-450526c83de4'),
	('8d7ed510-df7a-41fb-991e-3c7d1e578416', 0, 'bronze_studded_arms', NULL, 0, '', 54, 1, 0, 0, 0, 0, 0, 50000, 50000, 0, 0, 0, 0, 0, 0, '2020-11-26 21:10:07', '2651670f-bc2f-427c-90b5-5a2339512b6d'),
	('13559b1b-6717-44a3-882b-896971453a26', 0, 'Ra_gem', NULL, 0, '', 44, 493, 0, 0, 0, 0, 0, 50000, 50000, 0, 0, 0, 0, 0, 0, '2020-11-27 01:40:18', '2756624c-d007-487b-a3a3-49682b1eaef6'),
	('52945ac4-d886-4d6c-a259-df29dd158201', 0, 'woolen_cloth_gloves', NULL, 0, NULL, 22, 1, 0, 0, 0, 0, 0, 50000, 50000, 0, 0, 0, 0, 0, 0, '2020-11-24 22:45:22', '27595c65-681e-4323-a415-c2ac1ed4619c'),
	('ab405454-175d-4a0c-9bff-502107a33e0f', 0, 'bronze_studded_legs', NULL, 0, '', 27, 1, 0, 0, 0, 0, 0, 50000, 50000, 0, 0, 0, 0, 0, 0, '2020-11-24 22:57:06', '283af82f-1d0f-4b55-b699-cf91862ef47a'),
	('8d7ed510-df7a-41fb-991e-3c7d1e578416', 0, 'bronze_studded_legs', NULL, 0, '', 53, 1, 0, 0, 0, 0, 0, 50000, 50000, 0, 0, 0, 0, 0, 0, '2020-11-26 21:10:08', '28b5e4cd-410f-4254-8639-ff27a3c33e00'),
	('8fa4b5ae-31fb-46d3-a904-da0f80632bdc', 0, 'ld_bone_barely_torn_cap', NULL, 0, 'skeletal pawn', 49, 1, 0, 0, 0, 0, 0, 50000, 50000, 0, 0, 0, 0, 0, 0, '2020-11-27 01:38:06', '2996e1f4-74cb-4bfa-8c0e-1276541d8e02'),
	('4637c4a3-acca-40b1-84c9-22dfaf5f0340', 0, 'token_many', NULL, 0, '', 42, 24, 0, 0, 0, 0, 0, 50000, 50000, 0, 0, 0, 0, 0, 0, '2020-11-27 03:09:30', '29cca678-06c1-488e-adee-d9d856195b13'),
	('642d135a-2b33-4114-8a27-33cea066fdfb', 0, 'TrollstoneRing', NULL, 0, '', 36, 1, 0, 0, 0, 0, 0, 50000, 50000, 0, 0, 0, 0, 0, 0, '2020-11-27 01:55:30', '29d0acb5-d203-4665-9349-6c6f987ea0a9'),
	('b0d1bbe4-55ee-457f-9b6d-a7ccf0b2433f', 0, 'Gem_Encrusted_Claw', NULL, 0, 'gemclicker', 68, 1, 0, 0, 0, 0, 0, 50000, 50000, 0, 0, 0, 0, 0, 0, '2020-11-26 21:08:05', '2a1bb5a2-e6bb-4d71-87aa-52f271fae0f7'),
	('642d135a-2b33-4114-8a27-33cea066fdfb', 0, 'molvik_runic_hammer_hib', NULL, 0, '', 10, 1, 0, 0, 70, 0, 0, 49900, 50000, 0, 0, 0, 0, 0, 0, '2020-11-27 04:30:29', '2a423d8e-cdca-40fa-807b-44acd372bbce'),
	('51eca924-c1a6-455b-bef2-81291fa11abd', 0, 'Gaudy_Enchantment_Staff', NULL, 0, 'mummy hag', 55, 1, 0, 0, 0, 0, 0, 50000, 50000, 0, 0, 0, 0, 0, 0, '2020-11-27 01:49:10', '2af904db-446c-4b72-9349-53d79945fee8'),
	('8fa4b5ae-31fb-46d3-a904-da0f80632bdc', 0, 'bronze_studded_legs', NULL, 0, '', 44, 1, 0, 0, 0, 0, 0, 50000, 50000, 0, 0, 0, 0, 0, 0, '2020-11-27 01:38:06', '2b195472-2c35-4d29-a6bd-fa35cb9a202e'),
	('1cbf70ce-58c9-4be8-8439-53379debf4ed', 0, 'woolen_cloth_vest', NULL, 0, '', 25, 1, 0, 0, 0, 0, 0, 50000, 50000, 0, 0, 0, 0, 0, 0, '2020-11-26 20:29:59', '2ba7bdd6-8e67-448a-8eb7-d4aac5e07e48'),
	('1cbf70ce-58c9-4be8-8439-53379debf4ed', 0, 'Personal_Bind_Recall_Stone', NULL, 0, '', 40, 1, 0, 0, 0, 0, 1, 50000, 50000, 0, 0, 0, 0, 0, 0, '2020-11-26 20:35:29', '2bdca310-d8fa-4676-8f6e-d021127a6ed6'),
	('4637c4a3-acca-40b1-84c9-22dfaf5f0340', 0, 'molvik_rapier_hib', NULL, 0, '', 55, 1, 0, 0, 70, 0, 0, 49321, 50000, 0, 0, 0, 0, 0, 0, '2020-11-27 03:07:16', '2c904f2c-3f7c-4986-a016-6d9c9f90e0f2'),
	('0306b258-9fa2-4133-87d0-15c94b355dde', 0, 'small_training_shield', NULL, 0, '', 11, 1, 0, 0, 0, 0, 0, 50000, 50000, 0, 0, 0, 0, 0, 0, '2020-11-26 17:22:03', '2ccddfd7-2561-4f73-a4f4-9ce2ee1cffa2'),
	('80ae59ea-4613-4ddf-9dc3-ae7c11da7b98', 0, 'Atlethys_Ring_of_Resolve', NULL, 0, NULL, 36, 1, 0, 0, 0, 0, 0, 50000, 50000, 0, 0, 0, 0, 0, 0, '2020-11-26 21:02:38', '2cd2ad6d-55f6-434f-9ccc-8f7a265e97e5'),
	('8fa4b5ae-31fb-46d3-a904-da0f80632bdc', 0, 'Shining_Sheeroe_Sleeves', NULL, 0, 'glimmer griever', 69, 1, 0, 0, 0, 0, 0, 50000, 50000, 0, 0, 0, 0, 0, 0, '2020-11-27 03:53:53', '2d32c5d5-5798-4570-a876-6cb035afb3b9'),
	('80ae59ea-4613-4ddf-9dc3-ae7c11da7b98', 0, 'molvik_chain_legs', NULL, 0, NULL, 27, 1, 0, 0, 73, 0, 0, 49996, 50000, 0, 0, 0, 0, 0, 0, '2020-11-26 21:00:02', '2e383911-5165-4aad-ab23-01dd30a5ce7a'),
	('51eca924-c1a6-455b-bef2-81291fa11abd', 0, 'training_club', NULL, 0, '', 10, 1, 0, 0, 0, 0, 0, 49997, 50000, 0, 0, 0, 0, 0, 0, '2020-11-27 01:40:15', '2e86da55-0c12-4fb7-a2bb-029ccd84bd44'),
	('80ae59ea-4613-4ddf-9dc3-ae7c11da7b98', 0, 'TrollstoneRing', NULL, 0, NULL, 35, 1, 0, 0, 0, 0, 0, 50000, 50000, 0, 0, 0, 0, 0, 0, '2020-11-26 21:02:36', '2e8e9e59-1ff8-4afc-9a27-c80d38daacab'),
	('4e6a6400-e762-4626-bcec-ca0e9b29038e', 0, 'Necklace_of_Solid_Darkness', NULL, 0, 'rattling skeleton', 29, 1, 0, 0, 0, 0, 0, 50000, 50000, 0, 0, 0, 0, 0, 0, '2020-11-26 23:10:20', '2eea4005-c097-4f87-b543-8b7fb6182e38'),
	('ab405454-175d-4a0c-9bff-502107a33e0f', 0, 'training_sword_hib', NULL, 0, '', 10, 1, 0, 0, 0, 0, 0, 50000, 50000, 0, 0, 0, 0, 0, 0, '2020-11-24 22:57:06', '2f592afa-7ab7-48ee-8f9e-ea9a60ad8803'),
	('51eca924-c1a6-455b-bef2-81291fa11abd', 0, '0_Demon_Bound_Bracer', NULL, 0, 'rocot', 63, 1, 0, 0, 0, 0, 0, 50000, 50000, 0, 0, 0, 10, 0, 0, '2020-11-27 02:12:41', '2f5b284c-6dd0-45be-8ea6-22707d92160e'),
	('8fa4b5ae-31fb-46d3-a904-da0f80632bdc', 0, NULL, 'Uniquea11ca052-c071-4479-b65b-c416ca424968', 0, '', 28, 1, 0, 0, 16, 0, 5, 49821, 50000, 0, 0, 0, 0, 0, 0, '2020-11-27 05:30:33', '3061e340-c2f9-433f-9e89-d0d85467ed29'),
	('2737e7a5-fd3c-44db-ba68-a45acd08fea1', 0, 'Dull_Asterite_Hammer', NULL, 0, 'svartalf arbetare', 45, 1, 0, 0, 0, 0, 0, 50000, 50000, 0, 0, 0, 0, 0, 0, '2020-11-27 15:20:36', '308102fa-5454-4fc0-9c37-f89f8dfd6274'),
	('b0d1bbe4-55ee-457f-9b6d-a7ccf0b2433f', 0, 'rawhide_roman_leather_sleeves', NULL, 0, '', 28, 1, 0, 0, 0, 0, 0, 50000, 50000, 0, 0, 0, 0, 0, 0, '2020-11-26 20:01:53', '30a1439d-9ed5-4da1-88a9-0ca0a340efb2'),
	('642d135a-2b33-4114-8a27-33cea066fdfb', 0, 'EmeraldSeal', NULL, 0, NULL, 44, 15, 0, 0, 0, 0, 0, 50000, 50000, 0, 0, 0, 0, 0, 0, '2020-11-27 03:00:22', '30e55fc1-219d-4947-a4cb-aa84fed1c673'),
	('80ae59ea-4613-4ddf-9dc3-ae7c11da7b98', 0, 'SapphireSeal', NULL, 0, '', 41, 14, 0, 0, 0, 0, 0, 50000, 50000, 0, 0, 0, 0, 0, 0, '2020-11-26 19:43:03', '31926624-c93e-4621-9af9-6a261b97073a'),
	('2737e7a5-fd3c-44db-ba68-a45acd08fea1', 0, 'Lustrous_Braided_Silksteel_Leggings', NULL, 0, 'arachite krigare', 51, 1, 0, 0, 85, 0, 0, 50000, 50000, 0, 0, 0, 0, 0, 0, '2020-11-27 15:20:36', '31cc467f-aa27-4834-b6fd-ae8e8dbc40dd'),
	('62619664-3bd5-4ff0-b487-9f4070a4c58e', 0, 'Bronze_Torn_Pants_alb', NULL, 0, 'bandit hopeful', 44, 1, 0, 0, 68, 0, 0, 50000, 50000, 0, 0, 0, 0, 0, 0, '2020-11-26 16:36:45', '322ab9c2-4341-4be9-a21e-83d8d4a5df5d'),
	('a8ed5d46-1e72-4581-a1e8-1fee8bb5672b', 0, NULL, 'Unique4755db00-96fc-4e57-ac6f-92e379105bf8', 0, NULL, 27, 1, 0, 0, 16, 0, 5, 49988, 50000, 0, 0, 0, 0, 0, 0, '2020-11-27 05:14:35', '32c7c7c9-c6f8-40a8-939b-1f9751d490d7'),
	('bb62869a-62df-431c-963a-1f3364119fc2', 0, 'Personal_Bind_Recall_Stone', NULL, 0, '', 40, 1, 0, 0, 0, 0, 1, 50000, 50000, 0, 0, 0, 0, 0, 0, '2020-11-26 20:00:10', '335d544b-6783-459b-aaea-dc6d974cede8'),
	('8470cee2-2e55-4bfb-bfe7-ea186e2c2a59', 0, 'bronze_studded_vest', NULL, 0, NULL, 25, 1, 0, 0, 0, 0, 0, 50000, 50000, 0, 0, 0, 0, 0, 0, '2020-11-26 16:40:04', '34388c3d-c2cd-474a-ac45-c9aeebca6bb5'),
	('62619664-3bd5-4ff0-b487-9f4070a4c58e', 0, 'woolen_cloth_arms', NULL, 0, '', 28, 1, 0, 0, 0, 0, 0, 50000, 50000, 0, 0, 0, 0, 0, 0, '2020-11-26 16:36:45', '3441baf5-3387-4831-81ba-1a504de81add'),
	('a8ed5d46-1e72-4581-a1e8-1fee8bb5672b', 0, NULL, 'Uniquede5bde67-61d7-4245-ae74-edc0754a5d22', 0, NULL, 21, 1, 0, 0, 16, 0, 0, 50000, 50000, 0, 0, 0, 0, 0, 0, '2020-11-27 03:33:54', '348a78ac-37e3-45d3-ab45-d6d4d325b6fb'),
	('739fb6fe-209e-4672-80f1-3009af8b0b81', 0, 'bronze_studded_gauntlets', NULL, 0, '', 22, 1, 0, 0, 0, 0, 0, 50000, 50000, 0, 0, 0, 0, 0, 0, '2020-11-26 00:44:49', '3564eaed-dc77-4b47-8727-128111b8bbc1'),
	('1c6c7709-4aaa-4fe0-ad1f-e6436cec9377', 0, 'practice_sword', NULL, 0, '', 10, 1, 0, 0, 0, 0, 0, 50000, 50000, 0, 0, 0, 0, 0, 0, '2020-11-25 07:42:00', '35b1bdfe-ea00-41ad-8c67-7fc89b69947c'),
	('3b9667d3-9834-499b-a213-c6a6982cae84', 0, 'training_hammer', NULL, 0, '', 10, 1, 0, 0, 0, 0, 0, 50000, 50000, 0, 0, 0, 0, 0, 0, '2020-11-26 17:23:20', '36510303-9d0b-421b-94ac-155369a08b61'),
	('642d135a-2b33-4114-8a27-33cea066fdfb', 0, 'molvik_chain_vest_hib', NULL, 0, '', 25, 1, 0, 0, 73, 0, 0, 49978, 50000, 0, 0, 0, 0, 0, 0, '2020-11-27 05:00:31', '36f3f6c9-4c18-47f5-a718-4c89bc5c21b7'),
	('13559b1b-6717-44a3-882b-896971453a26', 0, 'arcanium_metal_bars', NULL, 0, '', 47, 358, 0, 0, 0, 0, 0, 50000, 50000, 0, 0, 0, 0, 0, 0, '2020-11-27 01:40:18', '3733b93b-7386-46d8-a500-59b8cccdf671'),
	('c46ed86b-2a83-4261-bca3-f17ed736b52c', 0, 'small_training_shield', NULL, 0, '', 11, 1, 0, 0, 0, 0, 0, 50000, 50000, 0, 0, 0, 0, 0, 0, '2020-11-26 17:34:12', '373fd730-2e6d-4e67-97a0-bf51b95fd3d7'),
	('62619664-3bd5-4ff0-b487-9f4070a4c58e', 0, 'trimmed_branch', NULL, 0, '', 12, 1, 0, 0, 0, 0, 0, 50000, 50000, 0, 0, 0, 0, 0, 0, '2020-11-26 16:36:45', '380f7e98-8245-4e50-a2ea-8c01d469749e'),
	('4e6a6400-e762-4626-bcec-ca0e9b29038e', 0, NULL, 'Unique3078b653-edcc-4898-9a7f-1b1ce9bc0757', 0, '', 21, 1, 0, 0, 48, 0, 0, 50000, 50000, 0, 0, 0, 0, 0, 0, '2020-11-26 23:10:21', '3887431d-f99c-4d63-878a-700e0b2d9612'),
	('2737e7a5-fd3c-44db-ba68-a45acd08fea1', 0, 'EpicCasterStaff', NULL, 0, '', 12, 1, 0, 0, 0, 0, 0, 50000, 50000, 0, 0, 0, 0, 0, 0, '2020-11-27 15:20:36', '38a79ab9-078e-4375-be7f-a6ec2ab69d26'),
	('642d135a-2b33-4114-8a27-33cea066fdfb', 0, 'TrollstoneRing', NULL, 0, '', 35, 1, 0, 0, 0, 0, 0, 50000, 50000, 0, 0, 0, 0, 0, 0, '2020-11-27 01:55:30', '38eb8db6-b4f1-47ea-80e7-883e73aa08af'),
	('8470cee2-2e55-4bfb-bfe7-ea186e2c2a59', 0, 'bronze_studded_boots', NULL, 0, NULL, 23, 1, 0, 0, 0, 0, 0, 50000, 50000, 0, 0, 0, 0, 0, 0, '2020-11-26 16:40:04', '3928280a-6d8e-4f5c-82e4-d2cdf386e6ae'),
	('0306b258-9fa2-4133-87d0-15c94b355dde', 0, 'bronze_studded_boots', NULL, 0, '', 23, 1, 0, 0, 0, 0, 0, 50000, 50000, 0, 0, 0, 0, 0, 0, '2020-11-26 17:22:03', '3a5e11ba-3be6-482b-979c-a1235f6297e1'),
	('1c6c7709-4aaa-4fe0-ad1f-e6436cec9377', 0, 'bronze_studded_gauntlets', NULL, 0, '', 22, 1, 0, 0, 0, 0, 0, 50000, 50000, 0, 0, 0, 0, 0, 0, '2020-11-25 07:42:00', '3b0f982f-3399-4ed3-9512-96cabe3e0fe0'),
	('1c6c7709-4aaa-4fe0-ad1f-e6436cec9377', 0, 'bronze_studded_legs', NULL, 0, '', 27, 1, 0, 0, 0, 0, 0, 50000, 50000, 0, 0, 0, 0, 0, 0, '2020-11-25 07:42:00', '3b15180a-b848-4f7d-8f54-93b028ef3a90'),
	('cbf9ff31-1201-4cba-b6aa-061e575a0812', 0, 'molvik_cloth_boots', NULL, 0, '', 23, 1, 0, 0, 73, 0, 0, 49999, 50000, 0, 0, 0, 0, 0, 0, '2020-11-27 03:00:22', '3c48f8f4-f29f-4a60-b941-ab5dbb08b2ea'),
	('4e6a6400-e762-4626-bcec-ca0e9b29038e', 0, 'Bracer_of_Malevolence', NULL, 0, 'lair guard', 33, 1, 0, 0, 0, 0, 0, 50000, 50000, 0, 0, 0, 0, 0, 0, '2020-11-26 23:10:21', '3c9d79b9-3ceb-48c6-a84c-ea2229ca66d6'),
	('8fa4b5ae-31fb-46d3-a904-da0f80632bdc', 0, 'training_shield', NULL, 0, '', 62, 1, 0, 0, 0, 0, 0, 50000, 50000, 0, 0, 0, 0, 0, 0, '2020-11-27 02:23:41', '3cd24404-5100-46f7-be03-66b56fb2d023'),
	('0af9a999-8b94-4cfa-a269-6c5c0d6dc539', 0, 'Loyalist_Scalemail_Boots', NULL, 0, 'collared gemgetter', 59, 1, 0, 0, 0, 0, 0, 50000, 50000, 0, 0, 0, 0, 0, 0, '2020-11-26 21:07:38', '3d64339c-af8a-4801-a2e9-29a9d175a72c'),
	('bb62869a-62df-431c-963a-1f3364119fc2', 0, 'molvik_chain_arms', NULL, 0, '', 28, 1, 0, 0, 73, 0, 0, 50000, 50000, 0, 0, 0, 0, 0, 0, '2020-11-26 18:55:26', '3d8ea7b4-822f-4173-8927-e1878cfd5575'),
	('13559b1b-6717-44a3-882b-896971453a26', 0, 'Personal_Bind_Recall_Stone', NULL, 0, '', 40, 1, 0, 0, 0, 0, 1, 50000, 50000, 0, 0, 0, 0, 0, 0, '2020-11-27 01:52:21', '3d94a0b7-8221-4c8a-9e20-d723dbe15967'),
	('8fa4b5ae-31fb-46d3-a904-da0f80632bdc', 0, 'training_sword_hib', NULL, 0, '', 10, 1, 0, 0, 0, 0, 0, 50000, 50000, 0, 0, 0, 0, 0, 0, '2020-11-27 01:38:06', '3dfa4b92-9fd6-49e8-8684-8421c5651a49'),
	('c8bc16b1-49a1-49d6-b1e6-f8cac1c21e9a', 0, 'Robes_of_the_Risen', NULL, 0, 'ectoplasm', 49, 1, 0, 0, 0, 0, 0, 50000, 50000, 0, 0, 0, 0, 0, 0, '2020-11-26 23:58:54', '3e46f80f-b0cc-4b98-9640-59220d3bf98e'),
	('0af9a999-8b94-4cfa-a269-6c5c0d6dc539', 0, 'woolen_cloth_vest', NULL, 0, '', 25, 1, 0, 0, 0, 0, 0, 50000, 50000, 0, 0, 0, 0, 0, 0, '2020-11-26 19:59:58', '3f4415f9-aef5-40c6-bc90-fcccff0eb078'),
	('cbf9ff31-1201-4cba-b6aa-061e575a0812', 0, 'SapphireSeal', NULL, 0, '', 41, 21, 0, 0, 0, 0, 0, 50000, 50000, 0, 0, 0, 0, 0, 0, '2020-11-27 03:00:22', '3f4ffddc-412a-4521-bcce-5bce970848a1'),
	('c8bc16b1-49a1-49d6-b1e6-f8cac1c21e9a', 0, 'Atlethys_Ring_of_Resolve', NULL, 0, '', 35, 1, 0, 0, 0, 0, 0, 50000, 50000, 0, 0, 0, 0, 0, 0, '2020-11-26 22:35:39', '414c0c07-98f1-4924-8f5c-e05cc14b928b'),
	('7f669be6-3f23-4e27-8f4a-faaa215f32e0', 0, 'trimmed_branch', NULL, 0, '', 12, 1, 0, 0, 0, 0, 0, 50000, 50000, 0, 0, 0, 0, 0, 0, '2020-11-25 07:44:19', '417acb8d-01a5-4bae-9a41-78a24037a641'),
	('f1f1a96f-5155-4856-8278-e40dd2ede148', 0, 'Personal_Bind_Recall_Stone', NULL, 0, '', 40, 1, 0, 0, 0, 0, 1, 50000, 50000, 0, 0, 0, 0, 0, 0, '2020-11-26 04:29:35', '41b5a25e-3a18-4ee5-ba41-cf7ddc8efccd'),
	('f1f1a96f-5155-4856-8278-e40dd2ede148', 0, 'Starter_Cloak', NULL, 0, NULL, 26, 1, 0, 0, 0, 0, 0, 1, 1, 0, 0, 0, 0, 0, 0, '2020-11-26 04:19:57', '4234d84f-0eed-4690-8254-c11dfda82de7'),
	('52945ac4-d886-4d6c-a259-df29dd158201', 0, 'trimmed_branch', NULL, 0, NULL, 12, 1, 0, 0, 0, 0, 0, 50000, 50000, 0, 0, 0, 0, 0, 0, '2020-11-24 22:45:22', '42a51771-936f-4fa6-afd3-5f4843cfd981'),
	('4637c4a3-acca-40b1-84c9-22dfaf5f0340', 0, 'dragonslayer_cruaigh_full_helm', NULL, 0, NULL, 21, 1, 0, 0, 0, 0, 0, 49989, 50000, 0, 0, 0, 0, 0, 0, '2020-11-27 04:50:30', '42b4f415-6ecc-4695-a049-08452db4bcde'),
	('13559b1b-6717-44a3-882b-896971453a26', 0, 'NecromancerEpicVest', NULL, 0, '', 25, 1, 0, 0, 0, 0, 0, 50000, 50000, 0, 0, 0, 0, 0, 0, '2020-11-27 01:40:16', '430178a5-494d-424b-aeb6-152b178148df'),
	('51eca924-c1a6-455b-bef2-81291fa11abd', 0, 'Starter_Cloak', NULL, 0, '', 26, 1, 0, 0, 0, 0, 0, 1, 1, 0, 0, 0, 0, 0, 0, '2020-11-27 01:40:15', '43fb37a3-343e-4dfe-8372-eca7472f4340'),
	('1c6c7709-4aaa-4fe0-ad1f-e6436cec9377', 0, 'small_training_shield', NULL, 0, '', 11, 1, 0, 0, 0, 0, 0, 50000, 50000, 0, 0, 0, 0, 0, 0, '2020-11-25 07:42:00', '44396094-a0ee-43a6-90a9-8364f45e6820'),
	('b0d1bbe4-55ee-457f-9b6d-a7ccf0b2433f', 0, 'Flawed_Staff_of_the_Underhill', NULL, 0, 'enthralled silvier', 67, 1, 0, 0, 0, 0, 0, 50000, 50000, 0, 0, 0, 0, 0, 0, '2020-11-26 21:07:54', '443fcca7-e217-4430-9f14-f4dd71716c53'),
	('c8bc16b1-49a1-49d6-b1e6-f8cac1c21e9a', 0, 'molvik_leather_gloves', NULL, 0, '', 22, 1, 0, 0, 73, 0, 0, 49996, 50000, 0, 0, 0, 0, 0, 0, '2020-11-26 22:35:39', '44e8a829-059f-4c61-af51-23d13f5f80aa'),
	('0af9a999-8b94-4cfa-a269-6c5c0d6dc539', 0, '3_Worn_Jewel_Spiked_Leggings', NULL, 0, 'silvermine knocker', 41, 1, 0, 0, 0, 0, 0, 50000, 50000, 0, 0, 0, 0, 0, 0, '2020-11-26 20:48:32', '454b3d39-cb60-40e1-a364-9809a3d9fb53'),
	('80ae59ea-4613-4ddf-9dc3-ae7c11da7b98', 0, 'SpraggonDefendersCloak', NULL, 0, NULL, 26, 1, 0, 0, 0, 71432, 0, 50000, 50000, 0, 0, 0, 0, 0, 0, '2020-11-26 21:06:49', '455b1239-77f2-41f2-859e-1123fc48c86a'),
	('62619664-3bd5-4ff0-b487-9f4070a4c58e', 0, 'Bronze_Torn_Cap_alb', NULL, 0, 'bandit hopeful', 47, 1, 0, 0, 0, 0, 0, 50000, 50000, 0, 0, 0, 0, 0, 0, '2020-11-26 16:37:42', '4688ef05-6c3e-42c6-a317-7374b5b2841e'),
	('0af9a999-8b94-4cfa-a269-6c5c0d6dc539', 0, 'Flawed_Staff_of_the_Underhill', NULL, 0, 'undead drudger', 44, 1, 0, 0, 0, 0, 0, 50000, 50000, 0, 0, 0, 0, 0, 0, '2020-11-26 20:57:27', '47c05b7d-db0f-45ca-bcc5-d56abe7d27ac'),
	('6791c867-0b4d-42c1-aec0-8f2d6507e17f', 0, 'Rawhide_Torn_Vest_alb', NULL, 0, 'bandit recruit', 25, 1, 0, 0, 62, 0, 0, 49993, 50000, 0, 0, 0, 0, 0, 0, '2020-11-26 18:52:21', '47f98fe5-5d2d-4999-a760-958f8ee2f64b'),
	('b0d1bbe4-55ee-457f-9b6d-a7ccf0b2433f', 0, 'Jewel_Dusted_Sleeves', NULL, 0, 'undead drudger', 65, 1, 0, 0, 0, 0, 0, 50000, 50000, 0, 0, 0, 0, 0, 0, '2020-11-26 21:07:43', '48099a3e-de07-456c-b64d-f457bf0e37ce'),
	('3b9667d3-9834-499b-a213-c6a6982cae84', 0, 'small_training_shield', NULL, 0, '', 11, 1, 0, 0, 0, 0, 0, 50000, 50000, 0, 0, 0, 0, 0, 0, '2020-11-26 17:23:20', '480c4996-8430-4465-ba4e-40ed286e5eb8'),
	('1cbf70ce-58c9-4be8-8439-53379debf4ed', 0, 'woolen_cloth_gloves', NULL, 0, '', 22, 1, 0, 0, 0, 0, 0, 50000, 50000, 0, 0, 0, 0, 0, 0, '2020-11-26 20:29:59', '482c08bc-c9ee-492c-9013-faeab8996895'),
	('51eca924-c1a6-455b-bef2-81291fa11abd', 0, NULL, 'Unique077dbceb-cd11-4e44-83da-d68c0b0e91c7', 0, '', 21, 1, 0, 0, 16, 0, 0, 50000, 50000, 0, 0, 0, 0, 0, 0, '2020-11-27 01:40:15', '48a09608-490c-421a-aa05-a4d31e3858c2'),
	('9fd2d238-73da-40a5-be40-4fe3404b6f1e', 0, 'bronze_studded_boots', NULL, 0, '', 23, 1, 0, 0, 0, 0, 0, 50000, 50000, 0, 0, 0, 0, 0, 0, '2020-11-26 20:40:01', '48af6aad-de1e-4569-8daf-071fcd9e8030'),
	('a8ed5d46-1e72-4581-a1e8-1fee8bb5672b', 0, 'Shimmering_Seolc_Cap_of_Enchantment', NULL, 0, 'Asiintath', 49, 1, 0, 0, 0, 0, 0, 50000, 50000, 0, 0, 0, 0, 0, 0, '2020-11-27 03:51:11', '48bb91dd-646e-43d6-aa11-54688b638faf'),
	('b0d1bbe4-55ee-457f-9b6d-a7ccf0b2433f', 0, 'Loyalist_Scalemail_Boots', NULL, 0, 'collared gemgetter', 51, 1, 0, 0, 0, 0, 0, 50000, 50000, 0, 0, 0, 0, 0, 0, '2020-11-26 20:57:02', '48cf601e-ad00-4b10-8da0-2aa32125a57b'),
	('4637c4a3-acca-40b1-84c9-22dfaf5f0340', 0, 'dragonslayer_shadowy_cruaigh_pants', NULL, 0, NULL, 27, 1, 0, 0, 0, 0, 5, 49992, 50000, 0, 0, 0, 0, 0, 0, '2020-11-27 04:40:30', '4907d38d-4d5a-4225-822c-2ce62768802e'),
	('56935216-4a0d-4b82-8bbd-0360b42da9e9', 0, 'rawhide_roman_leather_gloves', NULL, 0, '', 22, 1, 0, 0, 0, 0, 0, 50000, 50000, 0, 0, 0, 0, 0, 0, '2020-11-26 19:43:57', '49447d74-edd9-4982-9fbb-b5f0fdd4993a'),
	('0af9a999-8b94-4cfa-a269-6c5c0d6dc539', 0, 'Jewel_Dusted_Pants', NULL, 0, 'collared gemgetter', 48, 1, 0, 0, 0, 0, 0, 50000, 50000, 0, 0, 0, 0, 0, 0, '2020-11-26 21:00:58', '49f9e39a-6ee4-4a86-9138-982fa1209adc'),
	('bb62869a-62df-431c-963a-1f3364119fc2', 0, 'molvik_chain_vest', NULL, 0, '', 25, 1, 0, 0, 73, 0, 0, 49968, 50000, 0, 0, 0, 0, 0, 0, '2020-11-26 18:55:54', '4a80a0d8-a8d7-48be-87d3-e460d3ee77ee'),
	('8d7ed510-df7a-41fb-991e-3c7d1e578416', 0, 'Jewel_Spiked_Leggings', NULL, 0, 'geas-bound hewer', 59, 1, 0, 0, 0, 0, 0, 50000, 50000, 0, 0, 0, 0, 0, 0, '2020-11-26 21:12:36', '4af5618b-4220-4eb5-9004-c77847924bbf'),
	('62619664-3bd5-4ff0-b487-9f4070a4c58e', 0, 'woolen_cloth_vest', NULL, 0, '', 25, 1, 0, 0, 0, 0, 0, 50000, 50000, 0, 0, 0, 0, 0, 0, '2020-11-26 16:36:45', '4b474f3a-1491-4501-9176-15d5d591c6e1'),
	('5321acd6-ce18-4773-aade-0b308ab49e23', 0, 'woolen_cloth_gloves', NULL, 0, '', 22, 1, 0, 0, 0, 0, 0, 50000, 50000, 0, 0, 0, 0, 0, 0, '2020-11-25 07:51:30', '4b6682f3-0143-4295-bac7-b9de43182973'),
	('8d7ed510-df7a-41fb-991e-3c7d1e578416', 0, 'Balanced_Asterite_Kite_Shield', NULL, 0, 'geas-bound hewer', 57, 1, 0, 0, 0, 0, 0, 50000, 50000, 0, 0, 0, 0, 0, 0, '2020-11-26 21:12:29', '4c2a4b6b-98d3-41f4-8f2e-8fc3d20c7f72'),
	('51eca924-c1a6-455b-bef2-81291fa11abd', 0, '0_Demon_Bound_Bracelet', NULL, 0, 'rocot', 66, 1, 0, 0, 0, 0, 0, 50000, 50000, 0, 0, 0, 10, 0, 0, '2020-11-27 02:14:11', '4c357c4e-ff2b-43e4-9f2b-03c56dd2e6e4'),
	('0af9a999-8b94-4cfa-a269-6c5c0d6dc539', 0, 'woolen_cloth_arms', NULL, 0, '', 28, 1, 0, 0, 0, 0, 0, 49998, 50000, 0, 0, 0, 0, 0, 0, '2020-11-26 21:00:03', '4c390475-2743-41f1-9068-966527284ced'),
	('8d7ed510-df7a-41fb-991e-3c7d1e578416', 0, 'Flawed_Asterite_Spear', NULL, 0, 'enthralled silvier', 44, 1, 0, 0, 0, 0, 0, 50000, 50000, 0, 0, 0, 0, 0, 0, '2020-11-26 20:52:47', '4db76a88-4f65-41c0-b245-180297147c2a'),
	('c8bc16b1-49a1-49d6-b1e6-f8cac1c21e9a', 0, 'Worn_Boots_of_Mortification', NULL, 0, 'decaying tomb raider', 42, 1, 0, 0, 0, 0, 0, 50000, 50000, 0, 0, 0, 0, 0, 0, '2020-11-26 22:58:27', '4dfcbce4-464a-435e-8177-9387bf794dfa'),
	('a8ed5d46-1e72-4581-a1e8-1fee8bb5672b', 0, 'Ancient_Crushed_Focus_Stone', NULL, 0, NULL, 48, 1, 0, 0, 0, 0, 0, 50000, 50000, 0, 0, 0, 0, 0, 0, '2020-11-27 03:51:11', '4e3c7a17-45b7-4904-985b-12a613056e45'),
	('2737e7a5-fd3c-44db-ba68-a45acd08fea1', 0, 'Weighted_Asterite_Large_Hammer', NULL, 0, 'svartalf arbetare', 47, 1, 0, 0, 0, 0, 0, 50000, 50000, 0, 0, 0, 0, 0, 0, '2020-11-27 15:20:36', '4e7a99d5-bd64-4088-a996-7c9bcb9042ba'),
	('8fa4b5ae-31fb-46d3-a904-da0f80632bdc', 0, 'Well-balanced_Celtic_Spear', NULL, 0, 'skeletal pawn', 50, 1, 0, 0, 0, 0, 0, 50000, 50000, 0, 0, 0, 0, 0, 0, '2020-11-27 01:38:06', '4eccda84-42e4-49ee-b7ed-2bb4e2347355'),
	('bb62869a-62df-431c-963a-1f3364119fc2', 0, 'token_many', NULL, 0, NULL, 79, 20, 0, 0, 0, 0, 0, 50000, 50000, 0, 0, 0, 0, 0, 0, '2020-11-26 18:59:54', '4f322b9d-9cf8-40c7-9f13-049949860b6b'),
	('62619664-3bd5-4ff0-b487-9f4070a4c58e', 0, 'Bronze_Torn_Sleeves_alb', NULL, 0, 'bandit hopeful', 43, 1, 0, 0, 0, 0, 0, 50000, 50000, 0, 0, 0, 0, 0, 0, '2020-11-26 16:36:45', '4f5a4b11-f186-4f31-a92f-87c34eb2a089'),
	('8fa4b5ae-31fb-46d3-a904-da0f80632bdc', 0, 'token_many', NULL, 0, NULL, 79, 21, 0, 0, 0, 0, 0, 50000, 50000, 0, 0, 0, 0, 0, 0, '2020-11-27 02:56:35', '4f84870a-dc43-4c49-8b84-e9424e092d5d'),
	('b0d1bbe4-55ee-457f-9b6d-a7ccf0b2433f', 0, '3_Worn_Jewel_Spiked_Helm', NULL, 0, 'Frat', 44, 1, 0, 0, 0, 0, 0, 50000, 50000, 0, 0, 0, 0, 0, 0, '2020-11-26 20:50:43', '4f8a0b11-38b1-4fbe-ba84-ae4da83cf7f4'),
	('62619664-3bd5-4ff0-b487-9f4070a4c58e', 0, 'Rawhide_Torn_Gloves_alb', NULL, 0, 'bandit hopeful', 42, 1, 0, 0, 61, 0, 0, 50000, 50000, 0, 0, 0, 0, 0, 0, '2020-11-26 16:36:45', '4fc65d13-056f-4136-9332-fa3dab8df8d9'),
	('51eca924-c1a6-455b-bef2-81291fa11abd', 0, 'Imbued_Gloves', NULL, 0, 'crypt spider', 50, 1, 0, 0, 0, 0, 5, 50000, 50000, 0, 0, 0, 0, 0, 0, '2020-11-27 01:40:09', '5135af64-2063-40c4-be37-430626b9b33e'),
	('b0d1bbe4-55ee-457f-9b6d-a7ccf0b2433f', 0, 'Jewel_Spiked_Boots', NULL, 0, 'undead drudger', 62, 1, 0, 0, 0, 0, 0, 50000, 50000, 0, 0, 0, 0, 0, 0, '2020-11-26 21:06:07', '52034404-897e-447b-b0f6-680162af1379'),
	('c46ed86b-2a83-4261-bca3-f17ed736b52c', 0, 'rawhide_roman_leather_jerkin', NULL, 0, '', 25, 1, 0, 0, 0, 0, 0, 49999, 50000, 0, 0, 0, 0, 0, 0, '2020-11-26 17:34:12', '53504484-0239-40d0-92e7-a50f04c092de'),
	('51eca924-c1a6-455b-bef2-81291fa11abd', 0, 'molvik_harp_alb', NULL, 0, NULL, 12, 1, 0, 0, 67, 0, 0, 50000, 50000, 0, 0, 0, 0, 0, 0, '2020-11-27 01:43:44', '536df2cb-7c6a-47de-b850-ae2932fa7dd1'),
	('8fa4b5ae-31fb-46d3-a904-da0f80632bdc', 0, 'EmeraldSeal', NULL, 0, NULL, 64, 14, 0, 0, 0, 0, 0, 50000, 50000, 0, 0, 0, 0, 0, 0, '2020-11-27 02:50:21', '54673c72-08b2-4b39-bee3-baa2dee83c94'),
	('52945ac4-d886-4d6c-a259-df29dd158201', 0, 'woolen_cloth_vest', NULL, 0, NULL, 25, 1, 0, 0, 0, 0, 0, 50000, 50000, 0, 0, 0, 0, 0, 0, '2020-11-24 22:45:22', '55161958-14b6-4691-9447-68abcea20b68'),
	('c46ed86b-2a83-4261-bca3-f17ed736b52c', 0, 'Ring_of_Hatred', NULL, 0, 'lair guard', 35, 1, 0, 0, 0, 0, 0, 50000, 50000, 0, 0, 0, 0, 0, 0, '2020-11-26 17:34:12', '565402cb-c548-4fab-b730-20d33db7c5c1'),
	('8fa4b5ae-31fb-46d3-a904-da0f80632bdc', 0, NULL, 'Unique3956c7cd-1f75-4e5a-bc71-4e49afb81dae', 0, '', 21, 1, 0, 0, 16, 0, 0, 49898, 50000, 0, 0, 0, 0, 0, 0, '2020-11-27 05:10:32', '56e026bf-caa5-4fbe-b0b7-95f50cd4c764'),
	('cbf9ff31-1201-4cba-b6aa-061e575a0812', 0, 'molvik_staff_hib', NULL, 0, '', 12, 1, 0, 0, 70, 0, 0, 50000, 50000, 0, 0, 0, 0, 0, 0, '2020-11-27 03:00:23', '57039804-d401-437f-83b6-a5ee3d05292b'),
	('8fa4b5ae-31fb-46d3-a904-da0f80632bdc', 0, 'Mystical Moonglade Helm', NULL, 0, 'Asiintath', 68, 1, 0, 0, 0, 0, 0, 50000, 50000, 0, 0, 0, 0, 0, 0, '2020-11-27 03:51:11', '57196d8e-7dd8-4c97-81eb-e131c5abb208'),
	('8d7ed510-df7a-41fb-991e-3c7d1e578416', 0, 'Loyalist\'s_Scalemail_Helm', NULL, 0, 'collared gemgetter', 21, 1, 0, 0, 0, 0, 0, 50000, 50000, 0, 0, 0, 0, 0, 0, '2020-11-26 21:09:58', '572fc7c9-d21b-4889-a63b-ab5859af2b05'),
	('27cde3a3-5cee-4a91-a48f-b1896293ab13', 0, 'rawhide_roman_leather_leggings', NULL, 0, NULL, 27, 1, 0, 0, 0, 0, 0, 50000, 50000, 0, 0, 0, 0, 0, 0, '2020-11-24 22:43:46', '573899bd-7e14-4ba2-bb80-0b0c01c7c179'),
	('8fa4b5ae-31fb-46d3-a904-da0f80632bdc', 0, NULL, 'Unique097d1ef6-216f-4522-ac56-a2290a595650', 0, '', 23, 1, 0, 0, 16, 0, 5, 49925, 50000, 0, 0, 0, 0, 0, 0, '2020-11-27 03:50:26', '575b0acb-f27b-4f40-b502-c7cdec37b20d'),
	('b0d1bbe4-55ee-457f-9b6d-a7ccf0b2433f', 0, 'Flawed_Asterite_Dirk', NULL, 0, 'enthralled silvier', 48, 1, 0, 0, 0, 0, 0, 50000, 50000, 0, 0, 0, 0, 0, 0, '2020-11-26 20:52:41', '57992e08-015c-4b78-ae1b-619646dbf0d3'),
	('8d7ed510-df7a-41fb-991e-3c7d1e578416', 0, 'Balanced_Asterite_Spear', NULL, 0, 'collared gemgetter', 60, 1, 0, 0, 0, 0, 0, 50000, 50000, 0, 0, 0, 0, 0, 0, '2020-11-26 21:12:50', '57ba8442-1b18-4920-8c4d-f78f9ed114ee'),
	('51eca924-c1a6-455b-bef2-81291fa11abd', 0, 'Personal_Bind_Recall_Stone', NULL, 0, '', 40, 1, 0, 0, 0, 0, 1, 50000, 50000, 0, 0, 0, 0, 0, 0, '2020-11-27 03:06:32', '58d5d167-2285-4ff8-98ff-e9539a9eb46c'),
	('b0d1bbe4-55ee-457f-9b6d-a7ccf0b2433f', 0, 'rawhide_roman_leather_boots', NULL, 0, '', 23, 1, 0, 0, 0, 0, 0, 50000, 50000, 0, 0, 0, 0, 0, 0, '2020-11-26 20:01:53', '59162b15-a0fd-4c06-9bb2-1a47b3f89ec1'),
	('51eca924-c1a6-455b-bef2-81291fa11abd', 0, 'Gaudy_Enchantment_Staff', NULL, 0, 'mummy hag', 57, 1, 0, 0, 0, 0, 0, 50000, 50000, 0, 0, 0, 0, 0, 0, '2020-11-27 01:50:31', '59b834fb-7995-45ec-a8e0-2cba682bcd09'),
	('4637c4a3-acca-40b1-84c9-22dfaf5f0340', 0, 'SapphireSeal', NULL, 0, '', 43, 28, 0, 0, 0, 0, 0, 50000, 50000, 0, 0, 0, 0, 0, 0, '2020-11-27 03:09:32', '5a07ccbd-e9ee-4368-895c-b91f57452416'),
	('8d7ed510-df7a-41fb-991e-3c7d1e578416', 0, 'Loyalist_Scalemail_Boots', NULL, 0, 'collared gemgetter', 23, 1, 0, 0, 0, 0, 0, 50000, 50000, 0, 0, 0, 0, 0, 0, '2020-11-26 21:10:27', '5a2ab429-5e7a-4025-a25e-80d776e1c5ae'),
	('4637c4a3-acca-40b1-84c9-22dfaf5f0340', 0, 'dragonslayer_soft_cruaigh_tunic', NULL, 0, NULL, 25, 1, 0, 0, 0, 0, 5, 49935, 50000, 0, 0, 0, 0, 0, 0, '2020-11-27 05:00:31', '5a3d6c77-24f3-4aa0-b64b-9b2d5c93e149'),
	('24d4994b-1df6-40b5-8942-fa8d5b666acb', 0, 'Atlethys_Ring_of_Resolve', NULL, 0, '', 35, 1, 0, 0, 0, 0, 0, 50000, 50000, 0, 0, 0, 0, 0, 0, '2020-11-27 01:38:43', '5a684fba-c868-4ea5-9174-09b1701819c3'),
	('b0d1bbe4-55ee-457f-9b6d-a7ccf0b2433f', 0, 'Crested_Glow_Worm_Carapace', NULL, 0, 'glow worm', 41, 1, 0, 0, 0, 0, 0, 50000, 50000, 0, 0, 0, 0, 0, 0, '2020-11-26 20:45:45', '5aa58db6-a51d-4986-a3bf-d22d200c4150'),
	('6791c867-0b4d-42c1-aec0-8f2d6507e17f', 0, 'Old Headsman`s Axe', NULL, 0, 'Mithra initiate', 12, 1, 0, 0, 0, 0, 0, 50000, 50000, 0, 0, 0, 0, 0, 0, '2020-11-26 18:32:33', '5ab54111-62fa-4968-8e41-4f341d93e77f'),
	('b0d1bbe4-55ee-457f-9b6d-a7ccf0b2433f', 0, '3_Worn_Jewel_Spiked_Helm', NULL, 0, 'enthralled silvier', 64, 1, 0, 0, 0, 0, 0, 50000, 50000, 0, 0, 0, 0, 0, 0, '2020-11-26 21:07:32', '5ae917e2-a906-4a16-8791-8a317eb2be06'),
	('51eca924-c1a6-455b-bef2-81291fa11abd', 0, 'Lavish_Reinforced_Gauntlets', NULL, 0, 'mummy hag', 56, 1, 0, 0, 0, 0, 0, 50000, 50000, 0, 0, 0, 0, 0, 0, '2020-11-27 01:49:54', '5b4c68c4-d0ee-4d5e-be3b-955756f23ac0'),
	('bb62869a-62df-431c-963a-1f3364119fc2', 0, 'molvik_war_hammer_mid', NULL, 0, '', 10, 1, 0, 0, 52, 0, 0, 49925, 50000, 0, 0, 0, 0, 0, 0, '2020-11-26 18:59:54', '5c15d94f-05d1-4526-816e-ab5bb45e9abc'),
	('8fa4b5ae-31fb-46d3-a904-da0f80632bdc', 0, NULL, 'Unique34c6a971-0b2a-442f-87d6-48674dff592e', 0, '', 22, 1, 0, 0, 16, 0, 5, 49928, 50000, 0, 0, 0, 0, 0, 0, '2020-11-27 03:30:25', '5c2c88c7-abce-4753-9923-df7550981663'),
	('51eca924-c1a6-455b-bef2-81291fa11abd', 0, 'EmeraldSeal', NULL, 0, NULL, 62, 10, 0, 0, 0, 0, 0, 50000, 50000, 0, 0, 0, 0, 0, 0, '2020-11-27 02:50:21', '5d10c700-3f1e-4259-80d3-ddbe9f34166c'),
	('8d7ed510-df7a-41fb-991e-3c7d1e578416', 0, 'bronze_studded_boots', NULL, 0, '', 55, 1, 0, 0, 0, 0, 0, 50000, 50000, 0, 0, 0, 0, 0, 0, '2020-11-26 21:10:04', '5edeed5c-c552-4f28-9041-4198947ff71e'),
	('8d7ed510-df7a-41fb-991e-3c7d1e578416', 0, '3_Worn_Jewel_Pierced_Sleeves', NULL, 0, 'silvermine knocker', 28, 1, 0, 0, 0, 0, 0, 50000, 50000, 0, 0, 0, 0, 0, 0, '2020-11-26 21:10:23', '5efcd974-ea48-4cf5-aff7-68dcbf9d7722'),
	('cbf9ff31-1201-4cba-b6aa-061e575a0812', 0, 'molvik_cloth_arms', NULL, 0, '', 28, 1, 0, 0, 73, 0, 0, 50000, 50000, 0, 0, 0, 0, 0, 0, '2020-11-27 03:00:23', '60aba40f-cc79-448e-b6c9-897be689cba7'),
	('6791c867-0b4d-42c1-aec0-8f2d6507e17f', 0, 'Bone_Ring', NULL, 0, 'decaying spirit', 35, 1, 0, 0, 0, 0, 0, 50000, 50000, 0, 0, 0, 0, 0, 0, '2020-11-26 18:48:56', '60d9ce24-786b-455f-b8b6-f6b6fe296dda'),
	('8d7ed510-df7a-41fb-991e-3c7d1e578416', 0, 'Jewel_Spiked_Helm', NULL, 0, 'collared gemgetter', 56, 1, 0, 0, 0, 0, 0, 50000, 50000, 0, 0, 0, 0, 0, 0, '2020-11-26 21:10:02', '61433894-ff30-4f7e-8e60-46e838329f14'),
	('6791c867-0b4d-42c1-aec0-8f2d6507e17f', 0, 'EmeraldSeal', NULL, 0, NULL, 42, 3, 0, 0, 0, 0, 0, 50000, 50000, 0, 0, 0, 0, 0, 0, '2020-11-26 18:43:52', '624a3487-ffc7-4aa0-a6b7-fb133d896431'),
	('4e6a6400-e762-4626-bcec-ca0e9b29038e', 0, NULL, 'Uniqueb1cecbc2-33a9-4914-9092-fb9a0be3e27c', 0, '', 27, 1, 0, 0, 48, 0, 5, 50000, 50000, 0, 0, 0, 0, 0, 0, '2020-11-26 23:10:21', '6255db95-82d6-46ba-9ac4-867efb7b6ec0'),
	('0af9a999-8b94-4cfa-a269-6c5c0d6dc539', 0, 'Jewel_Dusted_Boots', NULL, 0, 'undead drudger', 62, 1, 0, 0, 0, 0, 0, 50000, 50000, 0, 0, 0, 0, 0, 0, '2020-11-26 21:13:12', '62ca729b-5ca7-4732-aa89-de9410a67d1e'),
	('739fb6fe-209e-4672-80f1-3009af8b0b81', 0, 'bronze_studded_legs', NULL, 0, '', 27, 1, 0, 0, 0, 0, 0, 50000, 50000, 0, 0, 0, 0, 0, 0, '2020-11-26 00:44:49', '6350cedf-8f4d-43c5-87b7-7423ce9cf5cf'),
	('c8bc16b1-49a1-49d6-b1e6-f8cac1c21e9a', 0, 'YraerynsBracer', NULL, 0, '', 33, 1, 0, 0, 0, 0, 0, 50000, 50000, 0, 0, 0, 0, 0, 0, '2020-11-26 22:35:39', '64082625-b186-4060-9527-b0eb1fc52ac7'),
	('80ae59ea-4613-4ddf-9dc3-ae7c11da7b98', 0, 'PuddlefishCatchersGem', NULL, 0, NULL, 24, 1, 0, 0, 0, 0, 0, 50000, 50000, 0, 0, 0, 0, 0, 0, '2020-11-26 21:03:07', '64302d24-3a5a-46f2-b5e4-43d6b444d9b0'),
	('c8bc16b1-49a1-49d6-b1e6-f8cac1c21e9a', 0, 'molvik_leather_helm_alb', NULL, 0, '', 21, 1, 0, 0, 73, 0, 0, 50000, 50000, 0, 0, 0, 0, 0, 0, '2020-11-26 22:35:40', '64341181-b194-42bf-91b6-f85ffaad5575'),
	('8fa4b5ae-31fb-46d3-a904-da0f80632bdc', 0, 'Richly_Designed_Round_Shield', NULL, 0, 'mummy hag', 54, 1, 0, 0, 0, 0, 0, 50000, 50000, 0, 0, 0, 0, 0, 0, '2020-11-27 03:30:06', '650e9dfc-ad72-4212-904f-7df8aee4d611'),
	('6791c867-0b4d-42c1-aec0-8f2d6507e17f', 0, 'bronze_studded_arms', NULL, 0, '', 28, 1, 0, 0, 0, 0, 0, 49993, 50000, 0, 0, 0, 0, 0, 0, '2020-11-26 18:49:54', '65416c29-303c-4b52-b288-bd6110a8e333'),
	('4637c4a3-acca-40b1-84c9-22dfaf5f0340', 0, 'molvik_leather_boots', NULL, 0, '', 53, 1, 0, 0, 73, 0, 0, 49981, 50000, 0, 0, 0, 0, 0, 0, '2020-11-27 02:22:51', '65565400-7d05-47a7-b80a-ecce290fc4f9'),
	('8d7ed510-df7a-41fb-991e-3c7d1e578416', 0, 'Jewel_Spiked_Leggings', NULL, 0, 'collared gemgetter', 64, 1, 0, 0, 0, 0, 0, 50000, 50000, 0, 0, 0, 0, 0, 0, '2020-11-26 21:18:02', '667d1534-5c06-4648-8c42-4c2bd15bddc0'),
	('b0d1bbe4-55ee-457f-9b6d-a7ccf0b2433f', 0, 'Flawed_Embossed_Lute', NULL, 0, 'undead drudger', 60, 1, 0, 0, 0, 0, 0, 50000, 50000, 0, 0, 0, 0, 0, 0, '2020-11-26 21:05:02', '668aa6b6-1176-42ca-8ca9-23ed8ac2eae2'),
	('8fa4b5ae-31fb-46d3-a904-da0f80632bdc', 0, 'Old_Silk_Sleeves', NULL, 0, 'mummy hag', 57, 1, 0, 0, 0, 0, 0, 50000, 50000, 0, 0, 0, 0, 0, 0, '2020-11-27 01:52:19', '66c1844b-90ae-4c05-9344-084646dd81f2'),
	('642d135a-2b33-4114-8a27-33cea066fdfb', 0, 'molvik_harp_alb', NULL, 0, '', 12, 1, 0, 0, 67, 0, 0, 49991, 50000, 0, 0, 0, 0, 0, 0, '2020-11-27 04:10:28', '66e7ec71-b70b-412d-bc77-1dd5d7d3b41e'),
	('a8ed5d46-1e72-4581-a1e8-1fee8bb5672b', 0, 'Netherworld_Flower', NULL, 0, 'glimmer griever', 24, 1, 0, 0, 0, 0, 0, 50000, 50000, 0, 0, 0, 0, 0, 0, '2020-11-27 03:55:33', '674e07f7-4b40-4826-9ed5-a69dc43e9ecb'),
	('27cde3a3-5cee-4a91-a48f-b1896293ab13', 0, 'rawhide_roman_leather_sleeves', NULL, 0, NULL, 28, 1, 0, 0, 0, 0, 0, 50000, 50000, 0, 0, 0, 0, 0, 0, '2020-11-24 22:43:46', '67a95806-4060-4fd9-b3df-a49d0cb2d1f0'),
	('1cbf70ce-58c9-4be8-8439-53379debf4ed', 0, 'woolen_cloth_arms', NULL, 0, '', 28, 1, 0, 0, 0, 0, 0, 50000, 50000, 0, 0, 0, 0, 0, 0, '2020-11-26 20:29:59', '67ace756-7728-4ca3-b2a1-7eca450d3cd4'),
	('56935216-4a0d-4b82-8bbd-0360b42da9e9', 0, 'rawhide_roman_leather_boots', NULL, 0, '', 23, 1, 0, 0, 0, 0, 0, 50000, 50000, 0, 0, 0, 0, 0, 0, '2020-11-26 19:43:57', '67b4906e-8f46-4c8a-b929-33e6a5bda20c'),
	('c8bc16b1-49a1-49d6-b1e6-f8cac1c21e9a', 0, 'SpraggonDefendersCloak', NULL, 0, '', 26, 1, 0, 0, 0, 71432, 0, 50000, 50000, 0, 0, 0, 0, 0, 0, '2020-11-26 22:35:40', '67e8809f-6278-4bbc-8d84-68c35b632bcc'),
	('13559b1b-6717-44a3-882b-896971453a26', 0, 'silksteel_heavy_thread', NULL, 0, '', 43, 480, 0, 0, 0, 0, 0, 50000, 50000, 0, 0, 0, 0, 0, 0, '2020-11-27 01:40:18', '68566afe-77db-4441-8aea-1bad70e84ca7'),
	('28779d4b-1012-4f5e-80d6-f5e65c886895', 0, 'Personal_Bind_Recall_Stone', NULL, 0, NULL, 40, 1, 0, 0, 0, 0, 1, 50000, 50000, 0, 0, 0, 0, 0, 0, '2020-11-24 22:44:48', '686b3a2f-92d0-4352-9aad-83c3aece3516'),
	('8fa4b5ae-31fb-46d3-a904-da0f80632bdc', 0, 'Ancient_Crushed_Focus_Stone', NULL, 0, NULL, 71, 1, 0, 0, 0, 0, 0, 50000, 50000, 0, 0, 0, 0, 0, 0, '2020-11-27 04:01:25', '6897f8f0-36b6-4fdb-83a6-c84e99fb0e71'),
	('f1f1a96f-5155-4856-8278-e40dd2ede148', 0, 'bronze_studded_arms', NULL, 0, '', 28, 1, 0, 0, 0, 0, 0, 50000, 50000, 0, 0, 0, 0, 0, 0, '2020-11-26 04:22:28', '68cd4d5d-3266-4893-ba7a-ab308556d8d1'),
	('b0d1bbe4-55ee-457f-9b6d-a7ccf0b2433f', 0, 'rawhide_roman_leather_gloves', NULL, 0, '', 22, 1, 0, 0, 0, 0, 0, 50000, 50000, 0, 0, 0, 0, 0, 0, '2020-11-26 20:01:53', '68f9a88f-8c8e-4c79-a165-fc839810961e'),
	('51eca924-c1a6-455b-bef2-81291fa11abd', 0, NULL, 'Unique40c46555-b841-4b01-9b98-f27db32ca22e', 0, '', 28, 1, 0, 0, 16, 0, 5, 50000, 50000, 0, 0, 0, 0, 0, 0, '2020-11-27 01:40:15', '6a094f4c-6ce1-42c7-ada5-cead2d660467'),
	('0af9a999-8b94-4cfa-a269-6c5c0d6dc539', 0, 'Personal_Bind_Recall_Stone', NULL, 0, '', 40, 1, 0, 0, 0, 0, 1, 50000, 50000, 0, 0, 0, 0, 0, 0, '2020-11-26 21:24:53', '6a5b4e86-8087-4706-be3f-f3f4598108ae'),
	('8fa4b5ae-31fb-46d3-a904-da0f80632bdc', 0, 'Starter_Cloak', NULL, 0, '', 26, 1, 0, 0, 0, 42822, 0, 1, 1, 0, 0, 0, 0, 0, 0, '2020-11-27 03:13:35', '6c234fdf-e70c-411d-8be4-8e14cd07fac5'),
	('56935216-4a0d-4b82-8bbd-0360b42da9e9', 0, 'rawhide_roman_leather_sleeves', NULL, 0, '', 28, 1, 0, 0, 0, 0, 0, 50000, 50000, 0, 0, 0, 0, 0, 0, '2020-11-26 19:43:57', '6c6e2486-da58-449a-8439-aaf3675be178'),
	('13559b1b-6717-44a3-882b-896971453a26', 0, 'SapphireSeal', NULL, 0, '', 41, 10, 0, 0, 0, 0, 0, 50000, 50000, 0, 0, 0, 0, 0, 0, '2020-11-27 01:40:16', '6d29cd2f-3b4c-4562-8d55-0cecca5049c4'),
	('8fa4b5ae-31fb-46d3-a904-da0f80632bdc', 0, 'onyx_gem', NULL, 0, 'skeletal pawn', 47, 1, 0, 0, 0, 0, 0, 50000, 50000, 0, 0, 0, 0, 0, 0, '2020-11-27 01:38:06', '6d49a1a2-3faf-41da-acbe-e5505ef8367f'),
	('7f669be6-3f23-4e27-8f4a-faaa215f32e0', 0, 'Personal_Bind_Recall_Stone', NULL, 0, '', 40, 1, 0, 0, 0, 0, 1, 50000, 50000, 0, 0, 0, 0, 0, 0, '2020-11-25 07:44:19', '6dfbdea0-93ea-449d-9f97-64bb709ef45c'),
	('52945ac4-d886-4d6c-a259-df29dd158201', 0, 'woolen_cloth_boots', NULL, 0, NULL, 23, 1, 0, 0, 0, 0, 0, 50000, 50000, 0, 0, 0, 0, 0, 0, '2020-11-24 22:45:22', '6e4802ba-f4fd-4ade-8fea-0a1bca20d59f'),
	('b0d1bbe4-55ee-457f-9b6d-a7ccf0b2433f', 0, 'rawhide_roman_leather_jerkin', NULL, 0, '', 25, 1, 0, 0, 0, 0, 0, 49997, 50000, 0, 0, 0, 0, 0, 0, '2020-11-26 21:00:03', '6e6e0dda-1f1e-4fcc-80b0-22fe41c23218'),
	('51eca924-c1a6-455b-bef2-81291fa11abd', 0, 'rawhide_roman_leather_boots', NULL, 0, '', 44, 1, 0, 0, 0, 0, 0, 50000, 50000, 0, 0, 0, 0, 0, 0, '2020-11-27 01:40:15', '6ea05092-2ad3-4a5e-ab4f-150a711ac13e'),
	('2737e7a5-fd3c-44db-ba68-a45acd08fea1', 0, 'BonedancerEpicGloves', NULL, 0, '', 22, 1, 0, 0, 0, 0, 0, 50000, 50000, 0, 0, 0, 0, 0, 0, '2020-11-27 15:20:36', '6f823eb3-fb4d-499f-ba72-d1f15969a7c4'),
	('24d4994b-1df6-40b5-8942-fa8d5b666acb', 0, NULL, 'Sigil_Enchanted_Mail_Sleeves#f528ac2c-0a36-496e-9198-b11e48b76b2e', 1, 'Mudpilex', 28, 1, 0, 0, 0, 0, 0, 50000, 50000, 0, 0, 0, 0, 0, 0, '2020-11-27 01:35:03', '6fa7cccf-3da9-4c44-bf53-1d9d56c39ded'),
	('739fb6fe-209e-4672-80f1-3009af8b0b81', 0, 'bronze_studded_arms', NULL, 0, '', 28, 1, 0, 0, 0, 0, 0, 50000, 50000, 0, 0, 0, 0, 0, 0, '2020-11-26 00:44:49', '70c1608d-ecdd-4d9d-b40e-e44be69b6363'),
	('51eca924-c1a6-455b-bef2-81291fa11abd', 0, 'ld_tanned_barely_torn_vest', NULL, 0, 'skeletal pawn', 49, 1, 0, 0, 2, 0, 0, 50000, 50000, 0, 0, 0, 0, 0, 0, '2020-11-27 01:40:15', '70eaf3c7-aadc-43d7-9a6c-5672374529b7'),
	('8d7ed510-df7a-41fb-991e-3c7d1e578416', 0, 'Rat_Fang_Stiletto', NULL, 0, 'shaft rat', 41, 1, 0, 0, 0, 0, 0, 50000, 50000, 0, 0, 0, 0, 0, 0, '2020-11-26 20:46:30', '712b628c-2185-4c18-9d25-977705eca746'),
	('b0d1bbe4-55ee-457f-9b6d-a7ccf0b2433f', 0, 'Flawed_Asterite_Spear', NULL, 0, 'enthralled silvier', 56, 1, 0, 0, 0, 0, 0, 50000, 50000, 0, 0, 0, 0, 0, 0, '2020-11-26 21:00:48', '718cf419-5aa7-4831-9e25-bb3c815780ad'),
	('2737e7a5-fd3c-44db-ba68-a45acd08fea1', 0, 'BPFull_Buffs_Token', NULL, 0, '', 41, 1, 0, 0, 0, 0, 0, 1, 1, 0, 0, 0, 0, 0, 0, '2020-11-27 15:20:36', '72642a28-488f-42a7-983f-56ede1ab2576'),
	('ab405454-175d-4a0c-9bff-502107a33e0f', 0, 'bronze_studded_arms', NULL, 0, '', 28, 1, 0, 0, 0, 0, 0, 50000, 50000, 0, 0, 0, 0, 0, 0, '2020-11-24 22:57:06', '72cb8149-6780-4023-ad35-8b8c03744f82'),
	('4637c4a3-acca-40b1-84c9-22dfaf5f0340', 0, NULL, 'DragonslayerNightshadeSteel#e1266bb6-eff2-4c2e-82d6-acb0d4600e4c', 0, NULL, 11, 1, 0, 0, 0, 0, 0, 49940, 50000, 0, 0, 0, 0, 0, 0, '2020-11-27 05:10:32', '72cecca4-5954-4537-bba6-cb7870c9e9ca'),
	('b0d1bbe4-55ee-457f-9b6d-a7ccf0b2433f', 0, 'Flawed_Mind_Walkers_Staff', NULL, 0, 'enthralled silvier', 70, 1, 0, 0, 0, 0, 0, 50000, 50000, 0, 0, 0, 0, 0, 0, '2020-11-26 21:09:41', '73354fe0-a468-4f63-9223-a6e924479aeb'),
	('520b9710-10b7-42c3-9d2d-b32e47b9e741', 0, 'bronze_studded_vest', NULL, 0, '', 25, 1, 0, 0, 0, 0, 0, 50000, 50000, 0, 0, 0, 0, 0, 0, '2020-11-26 17:29:29', '73adeebb-b1d7-47a7-a60b-3704d7b5d71e'),
	('8d7ed510-df7a-41fb-991e-3c7d1e578416', 0, 'Gem_Encrusted_Claw', NULL, 0, 'gemclicker', 51, 1, 0, 0, 0, 0, 0, 50000, 50000, 0, 0, 0, 0, 0, 0, '2020-11-26 21:12:10', '73cb837a-e969-42a4-908e-d1f6770e5103'),
	('1183687b-926b-4462-aef1-1386cb65932a', 0, 'trimmed_branch', NULL, 0, '', 12, 1, 0, 0, 0, 0, 0, 49888, 50000, 0, 0, 0, 0, 0, 0, '2020-11-26 17:26:31', '748227a3-94b2-433b-bbd5-b9797592b58b'),
	('b0d1bbe4-55ee-457f-9b6d-a7ccf0b2433f', 0, 'Jewel_Spiked_Boots', NULL, 0, 'collared gemgetter', 71, 1, 0, 0, 0, 0, 0, 50000, 50000, 0, 0, 0, 0, 0, 0, '2020-11-26 21:12:36', '750638ec-9162-429a-8e86-bbc6302ff6f0'),
	('80ae59ea-4613-4ddf-9dc3-ae7c11da7b98', 0, 'molvik_chain_vest', NULL, 0, NULL, 25, 1, 0, 0, 73, 0, 0, 49999, 50000, 0, 0, 0, 0, 0, 0, '2020-11-26 23:00:08', '752ab23f-de67-4f66-867e-cd9baa8ffff7'),
	('642d135a-2b33-4114-8a27-33cea066fdfb', 0, 'SapphireSeal', NULL, 0, '', 43, 21, 0, 0, 0, 0, 0, 50000, 50000, 0, 0, 0, 0, 0, 0, '2020-11-27 03:00:22', '7551e6f0-cb7d-455b-9168-92fd553d7394'),
	('1183687b-926b-4462-aef1-1386cb65932a', 0, 'Personal_Bind_Recall_Stone', NULL, 0, '', 40, 1, 0, 0, 0, 0, 1, 50000, 50000, 0, 0, 0, 0, 0, 0, '2020-11-26 17:27:48', '760adb15-8877-4bca-b130-307912865340'),
	('b0d1bbe4-55ee-457f-9b6d-a7ccf0b2433f', 0, 'Jewel_Spiked_Helm', NULL, 0, 'collared gemgetter', 53, 1, 0, 0, 0, 0, 0, 50000, 50000, 0, 0, 0, 0, 0, 0, '2020-11-26 20:58:13', '76866fef-3c54-4a57-bb0f-d6457260d501'),
	('520b9710-10b7-42c3-9d2d-b32e47b9e741', 0, 'bronze_studded_arms', NULL, 0, '', 28, 1, 0, 0, 0, 0, 0, 50000, 50000, 0, 0, 0, 0, 0, 0, '2020-11-26 17:29:29', '76ddcc87-5bff-4ddf-9df8-d3717f7d1238'),
	('28779d4b-1012-4f5e-80d6-f5e65c886895', 0, 'rawhide_roman_leather_boots', NULL, 0, NULL, 23, 1, 0, 0, 0, 0, 0, 50000, 50000, 0, 0, 0, 0, 0, 0, '2020-11-24 22:44:48', '780794ce-fd99-4cee-a9fa-d4d997cb9315'),
	('b80b4719-5422-435f-baae-c9a64bc233b8', 0, 'rawhide_roman_leather_boots', NULL, 0, NULL, 23, 1, 0, 0, 0, 0, 0, 50000, 50000, 0, 0, 0, 0, 0, 0, '2020-11-24 22:47:27', '792ad57f-889b-4fee-84c2-3521bdfb077b'),
	('4637c4a3-acca-40b1-84c9-22dfaf5f0340', 0, 'Hibernian_Cloak_of_Might', NULL, 0, NULL, 26, 1, 0, 0, 0, 0, 4, 50000, 50000, 0, 0, 0, 0, 0, 0, '2020-11-27 02:23:02', '7a6764cf-41db-446d-ba05-bee56cbe06c8'),
	('80ae59ea-4613-4ddf-9dc3-ae7c11da7b98', 0, 'YraerynsBracer', NULL, 0, NULL, 34, 1, 0, 0, 0, 0, 0, 50000, 50000, 0, 0, 0, 0, 0, 0, '2020-11-26 21:01:59', '7b29fac2-3454-443c-ae77-b6eff55c9d1e'),
	('8fa4b5ae-31fb-46d3-a904-da0f80632bdc', 0, 'Ceremonial_Cloak', NULL, 0, 'mummy hag', 53, 1, 0, 0, 0, 0, 0, 50000, 50000, 0, 0, 0, 0, 0, 0, '2020-11-27 01:42:27', '7bc4b132-7dc0-4665-a76f-f7d01728fc3a'),
	('0af9a999-8b94-4cfa-a269-6c5c0d6dc539', 0, 'training_staff', NULL, 0, '', 12, 1, 0, 0, 0, 0, 0, 49998, 50000, 0, 0, 0, 0, 0, 0, '2020-11-26 20:50:02', '7bd82872-504b-478e-adaa-e48bb2410e32'),
	('9fd2d238-73da-40a5-be40-4fe3404b6f1e', 0, 'bronze_studded_legs', NULL, 0, '', 27, 1, 0, 0, 0, 0, 0, 50000, 50000, 0, 0, 0, 0, 0, 0, '2020-11-26 20:40:01', '7bd90349-d743-4435-8310-7f095e50ecc7'),
	('b0d1bbe4-55ee-457f-9b6d-a7ccf0b2433f', 0, 'Jeweled_Rigid_Helm', NULL, 0, 'silvermine sentry', 78, 1, 0, 0, 0, 0, 0, 50000, 50000, 0, 0, 0, 0, 0, 0, '2020-11-26 21:17:27', '7be495e6-564b-4250-9411-e616f9f9a838'),
	('8d7ed510-df7a-41fb-991e-3c7d1e578416', 0, 'bronze_studded_gauntlets', NULL, 0, '', 22, 1, 0, 0, 0, 0, 0, 50000, 50000, 0, 0, 0, 0, 0, 0, '2020-11-26 20:40:00', '7c22ac97-b54c-4771-951c-a0028ef0616d'),
	('8fa4b5ae-31fb-46d3-a904-da0f80632bdc', 0, 'Personal_Bind_Recall_Stone', NULL, 0, '', 40, 1, 0, 0, 0, 0, 1, 50000, 50000, 0, 0, 0, 0, 0, 0, '2020-11-27 05:43:43', '7c93256e-0209-464c-8b45-7979f3c23efb'),
	('0306b258-9fa2-4133-87d0-15c94b355dde', 0, 'Personal_Bind_Recall_Stone', NULL, 0, '', 40, 1, 0, 0, 0, 0, 1, 50000, 50000, 0, 0, 0, 0, 0, 0, '2020-11-26 17:23:17', '7cbd0012-7214-44e3-9dd9-46075b5f9e95'),
	('0306b258-9fa2-4133-87d0-15c94b355dde', 0, 'Lost_Memories_Melee', NULL, 0, '', 24, 1, 0, 0, 0, 0, 1, 50000, 50000, 0, 0, 0, 0, 0, 0, '2020-11-26 17:23:17', '7cbd0012-7214-44e3-9dd9-46075b5f9e95za'),
	('3b9667d3-9834-499b-a213-c6a6982cae84', 0, 'Lost_Memories_Caster', NULL, 0, '', 24, 1, 0, 0, 0, 0, 1, 50000, 50000, 0, 0, 0, 0, 0, 0, '2020-11-26 17:23:20', '7cbd0012-7214-44e3-9dd9-46075b5f9e95zaa'),
	('24d4994b-1df6-40b5-8942-fa8d5b666acb', 0, 'Lost_Memories_Melee', NULL, 0, '', 24, 1, 0, 0, 0, 0, 1, 50000, 50000, 0, 0, 0, 0, 0, 0, '2020-11-27 01:51:59', '7cbd0012-7214-44e3-9dd9-46075b5f9e95zh'),
	('27cde3a3-5cee-4a91-a48f-b1896293ab13', 0, 'Lost_Memories_Caster', NULL, 0, '', 41, 1, 0, 0, 0, 0, 1, 50000, 50000, 0, 0, 0, 0, 0, 0, '2020-11-24 22:36:42', '7cbd0012-7214-44e3-9dd9-46075b5f9e95zhh'),
	('ab405454-175d-4a0c-9bff-502107a33e0f', 0, 'Lost_Memories_Melee', NULL, 0, '', 24, 1, 0, 0, 0, 0, 1, 50000, 50000, 0, 0, 0, 0, 0, 0, '2020-11-24 23:01:54', '7cbd0012-7214-44e3-9dd9-46075b5f9e95zm'),
	('b80b4719-5422-435f-baae-c9a64bc233b8', 0, 'Lost_Memories_Caster', NULL, 0, '', 41, 1, 0, 0, 0, 0, 1, 50000, 50000, 0, 0, 0, 0, 0, 0, '2020-11-24 22:36:42', '7cbd0012-7214-44e3-9dd9-46075b5f9e95zmm'),
	('4e6a6400-e762-4626-bcec-ca0e9b29038e', 0, NULL, 'Unique0c2a2127-8981-494e-bf75-bc34587cbd32', 0, '', 28, 1, 0, 0, 16, 0, 5, 50000, 50000, 0, 0, 0, 0, 0, 0, '2020-11-26 23:10:21', '7db4339f-342d-4dae-8f99-16d8a0fed3ff'),
	('cbf9ff31-1201-4cba-b6aa-061e575a0812', 0, 'Personal_Bind_Recall_Stone', NULL, 0, '', 40, 1, 0, 0, 0, 0, 1, 50000, 50000, 0, 0, 0, 0, 0, 0, '2020-11-27 05:10:07', '7e5f883c-c15a-40ad-91cc-bbb22d5ad439'),
	('28779d4b-1012-4f5e-80d6-f5e65c886895', 0, 'rawhide_roman_leather_sleeves', NULL, 0, NULL, 28, 1, 0, 0, 0, 0, 0, 50000, 50000, 0, 0, 0, 0, 0, 0, '2020-11-24 22:44:48', '7eb72124-a978-4599-b4da-05832d627374'),
	('51eca924-c1a6-455b-bef2-81291fa11abd', 0, 'Changeling_Skin_Belt', NULL, 0, 'crypt spider', 32, 1, 0, 0, 0, 0, 0, 50000, 50000, 0, 0, 0, 0, 0, 0, '2020-11-27 01:39:31', '7ed72bfe-5d24-43a7-8f95-aa2c14a8b773'),
	('b0d1bbe4-55ee-457f-9b6d-a7ccf0b2433f', 0, '3_Worn_Jewel_Spiked_Leggings', NULL, 0, 'trammer', 42, 1, 0, 0, 0, 0, 0, 50000, 50000, 0, 0, 0, 0, 0, 0, '2020-11-26 20:48:02', '7f70446d-f991-44fe-b63a-ff95df63ba87'),
	('8d7ed510-df7a-41fb-991e-3c7d1e578416', 0, 'Flawed_Asterite_Dirk', NULL, 0, 'enthralled silvier', 43, 1, 0, 0, 0, 0, 0, 50000, 50000, 0, 0, 0, 0, 0, 0, '2020-11-26 20:52:45', '7ff3cb5c-578f-47bf-af88-4aa496a3b345'),
	('2737e7a5-fd3c-44db-ba68-a45acd08fea1', 0, 'BonedancerEpicHelm', NULL, 0, '', 42, 1, 0, 0, 0, 0, 0, 50000, 50000, 0, 0, 0, 0, 0, 0, '2020-11-27 15:20:36', '807c8e76-e40c-4e40-bec7-a0d37965cef9'),
	('2737e7a5-fd3c-44db-ba68-a45acd08fea1', 0, 'Brilliant_Weighted_Asterite_Runed_Staff', NULL, 0, 'svartalf arbetare', 44, 1, 0, 0, 0, 0, 0, 50000, 50000, 0, 0, 0, 0, 0, 0, '2020-11-27 15:20:37', '80817adc-8288-4727-a428-d7ff0627a750'),
	('51eca924-c1a6-455b-bef2-81291fa11abd', 0, 'rawhide_roman_leather_leggings', NULL, 0, '', 41, 1, 0, 0, 0, 0, 0, 50000, 50000, 0, 0, 0, 0, 0, 0, '2020-11-27 01:40:15', '80d595dd-6d59-431f-9da6-bf5771cc250a'),
	('51eca924-c1a6-455b-bef2-81291fa11abd', 0, 'Richly_Designed_Spiked_Club', NULL, 0, 'mummy hag', 53, 1, 0, 0, 0, 0, 0, 50000, 50000, 0, 0, 0, 0, 0, 0, '2020-11-27 01:45:22', '80fced81-1741-4211-bfdc-b05c171dbed3'),
	('642d135a-2b33-4114-8a27-33cea066fdfb', 0, 'CloakoftheArchEtheralist', NULL, 0, '', 26, 1, 0, 0, 0, 125760, 0, 50000, 50000, 0, 0, 0, 0, 0, 0, '2020-11-27 01:55:30', '81111968-8587-4908-a62c-870ae54e5201'),
	('62619664-3bd5-4ff0-b487-9f4070a4c58e', 0, 'Personal_Bind_Recall_Stone', NULL, 0, '', 40, 1, 0, 0, 0, 0, 1, 50000, 50000, 0, 0, 0, 0, 0, 0, '2020-11-26 16:39:02', '811c7be0-474c-46b6-8980-4d96cc7ce923'),
	('1cbf70ce-58c9-4be8-8439-53379debf4ed', 0, 'woolen_cloth_boots', NULL, 0, '', 23, 1, 0, 0, 0, 0, 0, 50000, 50000, 0, 0, 0, 0, 0, 0, '2020-11-26 20:29:59', '83ed260b-f12f-4f9e-886e-cbf605c09241'),
	('a8ed5d46-1e72-4581-a1e8-1fee8bb5672b', 0, NULL, '450aeaaa-e0a7-416f-acaa-668cdc7a66af', 0, NULL, 10, 1, 0, 0, 43, 0, 0, 49864, 50000, 0, 0, 0, 100, 100, 0, '2020-11-27 05:40:36', '84114922-e51b-4d97-8f17-62e3c54be9de'),
	('4637c4a3-acca-40b1-84c9-22dfaf5f0340', 0, 'TrollstoneRing', NULL, 0, '', 36, 1, 0, 0, 0, 0, 0, 50000, 50000, 0, 0, 0, 0, 0, 0, '2020-11-27 01:57:09', '8455724d-2764-4b0c-bb1d-5a4ce580d4bf'),
	('0af9a999-8b94-4cfa-a269-6c5c0d6dc539', 0, 'Shimmering_Unseelie_Loyalist_Robe', NULL, 0, 'unseelie viewer', 50, 1, 0, 0, 0, 0, 0, 50000, 50000, 0, 0, 0, 0, 0, 0, '2020-11-26 21:03:51', '8548902d-b226-4cf1-a4ad-7c890e55360a'),
	('0af9a999-8b94-4cfa-a269-6c5c0d6dc539', 0, 'woolen_cloth_gloves', NULL, 0, '', 22, 1, 0, 0, 0, 0, 0, 49999, 50000, 0, 0, 0, 0, 0, 0, '2020-11-26 20:30:00', '85d7541d-4184-46ab-a66e-a431c603ee25'),
	('b0d1bbe4-55ee-457f-9b6d-a7ccf0b2433f', 0, 'Jewel_Spiked_Helm', NULL, 0, 'collared gemgetter', 58, 1, 0, 0, 0, 0, 0, 50000, 50000, 0, 0, 0, 0, 0, 0, '2020-11-26 21:03:09', '86070f67-4b96-4f95-854f-3bbef7ed7bc7'),
	('9fd2d238-73da-40a5-be40-4fe3404b6f1e', 0, 'bronze_studded_arms', NULL, 0, '', 28, 1, 0, 0, 0, 0, 0, 50000, 50000, 0, 0, 0, 0, 0, 0, '2020-11-26 20:40:01', '860ba5de-81ad-4355-8c48-66c244a6b493'),
	('27cde3a3-5cee-4a91-a48f-b1896293ab13', 0, 'rawhide_roman_leather_jerkin', NULL, 0, NULL, 25, 1, 0, 0, 0, 0, 0, 50000, 50000, 0, 0, 0, 0, 0, 0, '2020-11-24 22:43:46', '864c4de0-e656-41de-9cd0-7918e9909570'),
	('9fd2d238-73da-40a5-be40-4fe3404b6f1e', 0, 'training_axe', NULL, 0, '', 10, 1, 0, 0, 0, 0, 0, 50000, 50000, 0, 0, 0, 0, 0, 0, '2020-11-26 20:40:01', '86d90dcb-07ea-4600-83d7-863a387bfe5e'),
	('c8bc16b1-49a1-49d6-b1e6-f8cac1c21e9a', 0, 'NysyksNecklaceofNiceties', NULL, 0, '', 29, 1, 0, 0, 0, 0, 0, 50000, 50000, 0, 0, 0, 0, 0, 0, '2020-11-26 22:35:40', '86e56732-8001-4c32-8d7c-68c125a28d5b'),
	('0af9a999-8b94-4cfa-a269-6c5c0d6dc539', 0, 'Mind_Walkers_Staff', NULL, 0, 'collared gemgetter', 46, 1, 0, 0, 0, 0, 0, 50000, 50000, 0, 0, 0, 0, 0, 0, '2020-11-26 20:58:22', '87205f79-acfe-4489-9333-4922f8312634'),
	('7f669be6-3f23-4e27-8f4a-faaa215f32e0', 0, 'woolen_cloth_vest', NULL, 0, '', 25, 1, 0, 0, 0, 0, 0, 50000, 50000, 0, 0, 0, 0, 0, 0, '2020-11-25 07:44:19', '879517d1-6c70-4d7c-9319-e41a2d20ac2d'),
	('2737e7a5-fd3c-44db-ba68-a45acd08fea1', 0, '2_LLGT_1hSword', NULL, 0, 'blindsnake', 49, 1, 0, 0, 0, 0, 0, 50000, 50000, 0, 0, 0, 0, 0, 0, '2020-11-27 15:20:37', '87bc7df6-dbee-46aa-ac89-69f14781ce79'),
	('739fb6fe-209e-4672-80f1-3009af8b0b81', 0, 'Personal_Bind_Recall_Stone', NULL, 0, '', 40, 1, 0, 0, 0, 0, 1, 50000, 50000, 0, 0, 0, 0, 0, 0, '2020-11-26 00:44:49', '889a13c4-2cf6-4df0-a012-92f7802248ad'),
	('bb62869a-62df-431c-963a-1f3364119fc2', 0, 'molvik_chain_boots', NULL, 0, '', 23, 1, 0, 0, 73, 0, 0, 50000, 50000, 0, 0, 0, 0, 0, 0, '2020-11-26 18:55:26', '88bb3a1c-ee3d-4046-b7b5-0ddd21d52e4d'),
	('0af9a999-8b94-4cfa-a269-6c5c0d6dc539', 0, 'Jewel_Spiked_Vest', NULL, 0, 'collared gemgetter', 45, 1, 0, 0, 0, 0, 0, 50000, 50000, 0, 0, 0, 0, 0, 0, '2020-11-26 20:58:18', '88d235db-d6e8-4b6b-a557-db42551955b2'),
	('51eca924-c1a6-455b-bef2-81291fa11abd', 0, 'Gaudy_Silver-Lined_Bracer_LT', NULL, 0, 'mummy hag', 60, 1, 0, 0, 0, 0, 0, 50000, 50000, 0, 0, 0, 0, 0, 0, '2020-11-27 01:53:55', '89778e4c-f49c-467c-95f9-b6026bf784a4'),
	('b0d1bbe4-55ee-457f-9b6d-a7ccf0b2433f', 0, 'Jewel_Spiked_Leggings', NULL, 0, 'collared gemgetter', 79, 1, 0, 0, 0, 0, 0, 50000, 50000, 0, 0, 0, 0, 0, 0, '2020-11-26 21:17:30', '899e104a-9a4a-4054-85e4-f06813917d4f'),
	('13559b1b-6717-44a3-882b-896971453a26', 0, 'tempered_leather_squares', NULL, 0, '', 46, 500, 0, 0, 0, 0, 0, 50000, 50000, 0, 0, 0, 0, 0, 0, '2020-11-27 01:40:18', '89af2387-da8c-4e53-81b8-da92e6305254'),
	('ab405454-175d-4a0c-9bff-502107a33e0f', 0, 'Personal_Bind_Recall_Stone', NULL, 0, '', 40, 1, 0, 0, 0, 0, 1, 50000, 50000, 0, 0, 0, 0, 0, 0, '2020-11-24 23:01:54', '8a31f5f2-0362-445a-b647-aef5c69843be'),
	('c8bc16b1-49a1-49d6-b1e6-f8cac1c21e9a', 0, 'GreaterGemofFortitude', NULL, 0, '', 24, 1, 0, 0, 0, 0, 0, 50000, 50000, 0, 0, 0, 0, 0, 0, '2020-11-26 22:35:40', '8a3d385c-6b26-413b-88b2-c95c814acf6f'),
	('0af9a999-8b94-4cfa-a269-6c5c0d6dc539', 0, 'Flawed_Asterite_Mace', NULL, 0, 'undead drudger', 47, 1, 0, 0, 0, 0, 0, 50000, 50000, 0, 0, 0, 0, 0, 0, '2020-11-26 21:00:43', '8a4542a6-5084-4d99-bd62-a445a58aca07'),
	('c8bc16b1-49a1-49d6-b1e6-f8cac1c21e9a', 0, 'Robes_of_the_Risen', NULL, 0, 'ectoplasm', 46, 1, 0, 0, 0, 0, 0, 50000, 50000, 0, 0, 0, 0, 0, 0, '2020-11-26 23:47:03', '8a475295-21cf-4794-a6da-6de9b40a5532'),
	('ab405454-175d-4a0c-9bff-502107a33e0f', 0, 'bronze_studded_vest', NULL, 0, '', 25, 1, 0, 0, 0, 0, 0, 50000, 50000, 0, 0, 0, 0, 0, 0, '2020-11-24 22:57:06', '8ab2e493-2554-4278-8ef8-03c188d38233'),
	('3b9667d3-9834-499b-a213-c6a6982cae84', 0, 'rawhide_roman_leather_sleeves', NULL, 0, '', 28, 1, 0, 0, 0, 0, 0, 50000, 50000, 0, 0, 0, 0, 0, 0, '2020-11-26 17:23:20', '8b5c5db2-9879-4a30-95ea-8e41499c7f07'),
	('8fa4b5ae-31fb-46d3-a904-da0f80632bdc', 0, 'Masterful_Moonglade_Gauntlets', NULL, 0, 'glimmer geist', 66, 1, 0, 0, 0, 0, 0, 50000, 50000, 0, 0, 0, 0, 0, 0, '2020-11-27 03:49:36', '8bc2abd5-f74c-4338-bb3f-b947197f6448'),
	('80ae59ea-4613-4ddf-9dc3-ae7c11da7b98', 0, NULL, 'Unique9795adec-8641-44fc-83bf-7e3bfb096d74', 0, NULL, 10, 1, 0, 0, 67, 0, 0, 50000, 50000, 0, 0, 0, 0, 0, 0, '2020-11-26 21:14:57', '8bc678aa-452a-4bac-a97a-81ffe1e4e594'),
	('8470cee2-2e55-4bfb-bfe7-ea186e2c2a59', 0, 'training_axe', NULL, 0, NULL, 10, 1, 0, 0, 0, 0, 0, 50000, 50000, 0, 0, 0, 0, 0, 0, '2020-11-26 16:40:04', '8c8ec5c4-c366-4ed7-83c5-bab4482892dc'),
	('0af9a999-8b94-4cfa-a269-6c5c0d6dc539', 0, 'Razor_Edged_Asterite_Sword', NULL, 0, 'geas-bound hewer', 49, 1, 0, 0, 0, 0, 0, 50000, 50000, 0, 0, 0, 0, 0, 0, '2020-11-26 21:01:25', '8d11ae7e-b08e-4c34-be74-d4362a612b3d'),
	('4e6a6400-e762-4626-bcec-ca0e9b29038e', 0, 'token_many', NULL, 0, '', 42, 84, 0, 0, 0, 0, 0, 50000, 50000, 0, 0, 0, 0, 0, 0, '2020-11-26 23:10:21', '8e02aea0-5cc1-43fc-9f5d-6616debe26ef'),
	('b80b4719-5422-435f-baae-c9a64bc233b8', 0, 'rawhide_roman_leather_leggings', NULL, 0, NULL, 27, 1, 0, 0, 0, 0, 0, 50000, 50000, 0, 0, 0, 0, 0, 0, '2020-11-24 22:47:27', '8e5ff8d0-ca94-480c-be9b-faf708aa5653'),
	('b80b4719-5422-435f-baae-c9a64bc233b8', 0, 'rawhide_roman_leather_gloves', NULL, 0, NULL, 22, 1, 0, 0, 0, 0, 0, 50000, 50000, 0, 0, 0, 0, 0, 0, '2020-11-24 22:47:27', '8e855cd1-086c-4021-94ef-f2137670282e'),
	('8fa4b5ae-31fb-46d3-a904-da0f80632bdc', 0, 'Macabre_Leather_Helm', NULL, 0, 'mummy hag', 58, 1, 0, 0, 0, 0, 0, 50000, 50000, 0, 0, 0, 0, 0, 0, '2020-11-27 01:53:15', '8f23ff80-1aac-418c-986d-b83491ebda47'),
	('f1f1a96f-5155-4856-8278-e40dd2ede148', 0, 'bronze_studded_gauntlets', NULL, 0, '', 22, 1, 0, 0, 0, 0, 0, 50000, 50000, 0, 0, 0, 0, 0, 0, '2020-11-26 04:22:28', '8fdef0c6-8562-4e0f-b737-faa9542ad30a'),
	('27cde3a3-5cee-4a91-a48f-b1896293ab13', 0, 'Personal_Bind_Recall_Stone', NULL, 0, NULL, 40, 1, 0, 0, 0, 0, 1, 50000, 50000, 0, 0, 0, 0, 0, 0, '2020-11-24 22:43:46', '907052eb-c31d-4e15-be19-37cc89dcf716'),
	('8d7ed510-df7a-41fb-991e-3c7d1e578416', 0, 'Personal_Bind_Recall_Stone', NULL, 0, '', 40, 1, 0, 0, 0, 0, 1, 50000, 50000, 0, 0, 0, 0, 0, 0, '2020-11-26 21:24:30', '907271a4-6b6b-4522-ae03-0f054d31d3b8'),
	('8fa4b5ae-31fb-46d3-a904-da0f80632bdc', 0, 'Summoned_Jewel_New', NULL, 0, 'mummy hag', 60, 1, 0, 0, 0, 0, 0, 50000, 50000, 0, 0, 0, 0, 0, 0, '2020-11-27 01:55:34', '914523ad-e2dd-4499-86aa-cb50005aba4f'),
	('b0d1bbe4-55ee-457f-9b6d-a7ccf0b2433f', 0, 'Balanced_Asterite_Hammer', NULL, 0, 'collared gemgetter', 72, 1, 0, 0, 0, 0, 0, 50000, 50000, 0, 0, 0, 0, 0, 0, '2020-11-26 21:12:45', '91f79d47-3b37-49cd-802b-692ab1d22c51'),
	('4637c4a3-acca-40b1-84c9-22dfaf5f0340', 0, 'TheShoesBracer', NULL, 0, '', 33, 1, 0, 0, 0, 0, 0, 50000, 50000, 0, 0, 0, 0, 0, 0, '2020-11-27 01:57:09', '9216ca3c-1fb2-42b1-8844-7df7735e7fbc'),
	('27cde3a3-5cee-4a91-a48f-b1896293ab13', 0, 'rawhide_roman_leather_gloves', NULL, 0, NULL, 22, 1, 0, 0, 0, 0, 0, 50000, 50000, 0, 0, 0, 0, 0, 0, '2020-11-24 22:43:46', '927d88e2-0e8e-4f29-bae2-757f6d49e6b3'),
	('24d4994b-1df6-40b5-8942-fa8d5b666acb', 0, 'CloakofThorsFavored', NULL, 0, '', 26, 1, 0, 0, 0, 71432, 0, 50000, 50000, 0, 0, 0, 0, 0, 0, '2020-11-27 01:51:11', '92977dfc-3041-43d5-a809-63939353022e'),
	('8fa4b5ae-31fb-46d3-a904-da0f80632bdc', 0, 'Atlethys_Ring_of_Resolve', NULL, 0, NULL, 35, 1, 0, 0, 0, 0, 0, 50000, 50000, 0, 0, 0, 0, 0, 0, '2020-11-27 03:38:17', '933efae8-6ec8-4294-b060-81e596bc1749'),
	('0af9a999-8b94-4cfa-a269-6c5c0d6dc539', 0, 'Jeweled_Rigid_Jerkin', NULL, 0, 'undead drudger', 43, 1, 0, 0, 0, 0, 3, 50000, 50000, 0, 0, 0, 0, 0, 0, '2020-11-26 20:56:41', '93524db6-755c-4eac-b45a-b701d9138252'),
	('8fa4b5ae-31fb-46d3-a904-da0f80632bdc', 0, 'Old_Silk_Boots', NULL, 0, 'mummy hag', 61, 1, 0, 0, 0, 0, 0, 50000, 50000, 0, 0, 0, 0, 0, 0, '2020-11-27 01:55:51', '93e7564f-286e-4c40-8e8a-43f4f850a887'),
	('c46ed86b-2a83-4261-bca3-f17ed736b52c', 0, 'rawhide_roman_leather_boots', NULL, 0, '', 23, 1, 0, 0, 0, 0, 0, 50000, 50000, 0, 0, 0, 0, 0, 0, '2020-11-26 17:34:12', '93fe2343-bbd6-4375-984a-c163cde5a2d0'),
	('f1f1a96f-5155-4856-8278-e40dd2ede148', 0, 'small_training_shield', NULL, 0, '', 11, 1, 0, 0, 0, 0, 0, 49996, 50000, 0, 0, 0, 0, 0, 0, '2020-11-26 04:26:25', '94837af7-d934-4107-89eb-cb6b7a19c092'),
	('80ae59ea-4613-4ddf-9dc3-ae7c11da7b98', 0, 'molvik_chain_gloves', NULL, 0, NULL, 22, 1, 0, 0, 73, 0, 0, 50000, 50000, 0, 0, 0, 0, 0, 0, '2020-11-26 20:02:39', '949e0d98-e733-4ad7-9537-7a3b82964574'),
	('4637c4a3-acca-40b1-84c9-22dfaf5f0340', 0, 'Personal_Bind_Recall_Stone', NULL, 0, '', 40, 1, 0, 0, 0, 0, 1, 50000, 50000, 0, 0, 0, 0, 0, 0, '2020-11-27 05:18:00', '94ae5794-4354-4d65-a762-a735d99cae68'),
	('b0d1bbe4-55ee-457f-9b6d-a7ccf0b2433f', 0, 'Jewel_Spiked_Vest', NULL, 0, 'collared gemgetter', 75, 1, 0, 0, 0, 0, 0, 50000, 50000, 0, 0, 0, 0, 0, 0, '2020-11-26 21:15:28', '94e0cdc8-8d26-4fb9-a062-454390a4f39b'),
	('6791c867-0b4d-42c1-aec0-8f2d6507e17f', 0, 'Old_Banded_Shield', NULL, 0, 'Mithra initiate', 11, 1, 0, 0, 0, 0, 0, 50000, 50000, 0, 0, 0, 0, 0, 0, '2020-11-26 18:46:35', '952ad1b9-1bff-4db8-b4f7-2e40fc329f36'),
	('4637c4a3-acca-40b1-84c9-22dfaf5f0340', 0, 'YraerynsBracer', NULL, 0, '', 34, 1, 0, 0, 0, 0, 0, 50000, 50000, 0, 0, 0, 0, 0, 0, '2020-11-27 01:57:09', '953fb757-ee82-4e2a-bd7f-a0e3ee5c0999'),
	('8fa4b5ae-31fb-46d3-a904-da0f80632bdc', 0, 'Shimmering_Glimmerspirit_Recurved_Bow', NULL, 0, 'glimmer knight', 72, 1, 0, 0, 0, 0, 0, 50000, 50000, 0, 0, 0, 0, 0, 0, '2020-11-27 04:02:39', '971a5a93-c2c0-40c9-ae08-d471307cc11e'),
	('4e6a6400-e762-4626-bcec-ca0e9b29038e', 0, 'Personal_Bind_Recall_Stone', NULL, 0, '', 40, 1, 0, 0, 0, 0, 1, 50000, 50000, 0, 0, 0, 0, 0, 0, '2020-11-26 23:10:45', '97256315-3078-4477-921b-33dc3725534d'),
	('56935216-4a0d-4b82-8bbd-0360b42da9e9', 0, 'training_shield', NULL, 0, '', 11, 1, 0, 0, 0, 0, 0, 50000, 50000, 0, 0, 0, 0, 0, 0, '2020-11-26 19:43:57', '97537f64-0be4-4701-9811-9798118333c4'),
	('1cbf70ce-58c9-4be8-8439-53379debf4ed', 0, 'woolen_cloth_pants', NULL, 0, '', 27, 1, 0, 0, 0, 0, 0, 50000, 50000, 0, 0, 0, 0, 0, 0, '2020-11-26 20:29:59', '976102fe-d039-4337-9b2e-fa4f10618e04'),
	('8fa4b5ae-31fb-46d3-a904-da0f80632bdc', 0, 'Old_Silk_Cap', NULL, 0, 'mummy hag', 56, 1, 0, 0, 0, 0, 0, 50000, 50000, 0, 0, 0, 0, 0, 0, '2020-11-27 01:47:27', '98349faa-857a-4382-9342-d8cdfe2c4e44'),
	('0af9a999-8b94-4cfa-a269-6c5c0d6dc539', 0, 'woolen_cloth_pants', NULL, 0, '', 27, 1, 0, 0, 0, 0, 0, 49998, 50000, 0, 0, 0, 0, 0, 0, '2020-11-26 21:20:04', '98abcaa8-e4aa-46ec-a029-9058843ccc9c'),
	('b0d1bbe4-55ee-457f-9b6d-a7ccf0b2433f', 0, 'Flawed_Staff_of_the_Underhill', NULL, 0, 'enthralled silvier', 49, 1, 0, 0, 0, 0, 0, 50000, 50000, 0, 0, 0, 0, 0, 0, '2020-11-26 20:52:45', '9908e7e7-1727-4195-b76a-75e6eab9b67b'),
	('a8ed5d46-1e72-4581-a1e8-1fee8bb5672b', 0, 'CenziasBeltofReason', NULL, 0, NULL, 32, 1, 0, 0, 0, 0, 0, 50000, 50000, 0, 0, 0, 0, 0, 0, '2020-11-27 03:36:33', '9a70bcde-26e6-414e-abe9-3198cd0fb0e0'),
	('51eca924-c1a6-455b-bef2-81291fa11abd', 0, 'rawhide_roman_leather_sleeves', NULL, 0, '', 45, 1, 0, 0, 0, 0, 0, 50000, 50000, 0, 0, 0, 0, 0, 0, '2020-11-27 01:40:15', '9aab1d0c-0699-481f-8cb1-c8e5f7807426'),
	('bb62869a-62df-431c-963a-1f3364119fc2', 0, 'Bracer_of_Malevolence', NULL, 0, 'lair guard', 33, 1, 0, 0, 0, 0, 0, 50000, 50000, 0, 0, 0, 0, 0, 0, '2020-11-26 18:55:26', '9ac562e7-8849-44c6-b957-de2e880a1017'),
	('b0d1bbe4-55ee-457f-9b6d-a7ccf0b2433f', 0, 'Razor_Edged_Asterite_Sword', NULL, 0, 'geas-bound hewer', 54, 1, 0, 0, 0, 0, 0, 50000, 50000, 0, 0, 0, 0, 0, 0, '2020-11-26 20:59:20', '9b166d9b-ddbf-4495-a514-66effc7ba10f'),
	('c46ed86b-2a83-4261-bca3-f17ed736b52c', 0, 'rawhide_roman_leather_gloves', NULL, 0, '', 22, 1, 0, 0, 0, 0, 0, 50000, 50000, 0, 0, 0, 0, 0, 0, '2020-11-26 17:34:12', '9b6b149c-6869-4aae-8d13-c3ed3ff4943d'),
	('a8ed5d46-1e72-4581-a1e8-1fee8bb5672b', 0, 'rawhide_roman_leather_boots', NULL, 0, '', 46, 1, 0, 0, 0, 0, 0, 50000, 50000, 0, 0, 0, 0, 0, 0, '2020-11-27 03:26:16', '9bd401b0-4978-4084-873a-3068ac2002ef'),
	('3b9667d3-9834-499b-a213-c6a6982cae84', 0, 'rawhide_roman_leather_leggings', NULL, 0, '', 27, 1, 0, 0, 0, 0, 0, 50000, 50000, 0, 0, 0, 0, 0, 0, '2020-11-26 17:23:20', '9c08403f-b82b-4046-bd6b-301baaef4e47'),
	('8fa4b5ae-31fb-46d3-a904-da0f80632bdc', 0, NULL, '23d99f9c-ae20-41f4-a64e-bba7ef095bf7', 0, NULL, 65, 1, 0, 0, 43, 0, 0, 49718, 50000, 0, 0, 0, 0, 0, 0, '2020-11-27 04:48:26', '9cc579a4-ae18-4d59-afc1-7fb263faeb83'),
	('0af9a999-8b94-4cfa-a269-6c5c0d6dc539', 0, 'Gem_Encrusted_Claw', NULL, 0, 'gemclicker', 51, 1, 0, 0, 0, 0, 0, 50000, 50000, 0, 0, 0, 0, 0, 0, '2020-11-26 21:04:03', '9d5c90bc-148d-4a86-ac46-671e66e82f6b'),
	('0af9a999-8b94-4cfa-a269-6c5c0d6dc539', 0, 'Carved_Flute', NULL, 0, 'silvermine sentry', 56, 1, 0, 0, 0, 0, 0, 50000, 50000, 0, 0, 0, 0, 0, 0, '2020-11-26 21:06:41', '9df3b3e5-542d-45f6-b6b2-1d220d633f50'),
	('6791c867-0b4d-42c1-aec0-8f2d6507e17f', 0, 'Starter_Cloak', NULL, 0, '', 26, 1, 0, 0, 0, 0, 0, 1, 1, 0, 0, 0, 0, 0, 0, '2020-11-26 18:32:33', '9e345abc-9ccd-4000-aa03-3f990adef9cb'),
	('8d7ed510-df7a-41fb-991e-3c7d1e578416', 0, 'training_shield', NULL, 0, '', 11, 1, 0, 0, 0, 0, 0, 50000, 50000, 0, 0, 0, 0, 0, 0, '2020-11-26 20:40:00', '9ef99ed7-7b10-4968-9c26-9a29f3d8d4e6'),
	('520b9710-10b7-42c3-9d2d-b32e47b9e741', 0, 'bronze_studded_legs', NULL, 0, '', 27, 1, 0, 0, 0, 0, 0, 50000, 50000, 0, 0, 0, 0, 0, 0, '2020-11-26 17:29:29', 'a0036bdd-f8d7-4fcc-9aa6-e7898e6d8d9d'),
	('51eca924-c1a6-455b-bef2-81291fa11abd', 0, 'Twisted_Silver_Band', NULL, 0, 'mummy hag', 52, 1, 0, 0, 0, 0, 0, 50000, 50000, 0, 0, 0, 0, 0, 0, '2020-11-27 01:43:49', 'a08e6e1e-de17-469a-96f2-94457757e5b9'),
	('b80b4719-5422-435f-baae-c9a64bc233b8', 0, 'Personal_Bind_Recall_Stone', NULL, 0, NULL, 40, 1, 0, 0, 0, 0, 1, 50000, 50000, 0, 0, 0, 0, 0, 0, '2020-11-24 22:47:27', 'a0ad1fc0-5929-4f24-b33d-3a171ec12425'),
	('c46ed86b-2a83-4261-bca3-f17ed736b52c', 0, 'rawhide_roman_leather_leggings', NULL, 0, '', 27, 1, 0, 0, 0, 0, 0, 50000, 50000, 0, 0, 0, 0, 0, 0, '2020-11-26 17:34:12', 'a15cca34-4650-4258-bfda-da2c2563056d'),
	('80ae59ea-4613-4ddf-9dc3-ae7c11da7b98', 0, 'molvik_chain_boots', NULL, 0, NULL, 23, 1, 0, 0, 73, 0, 0, 50000, 50000, 0, 0, 0, 0, 0, 0, '2020-11-26 20:02:41', 'a1ccc84d-bd61-4621-b8d4-aa208310b19c'),
	('0af9a999-8b94-4cfa-a269-6c5c0d6dc539', 0, 'Jeweled_Rigid_Boots', NULL, 0, 'silvermine sentry', 52, 1, 0, 0, 0, 0, 0, 50000, 50000, 0, 0, 0, 0, 0, 0, '2020-11-26 21:04:03', 'a1d768d0-0f26-4263-890b-b4d382b766d8'),
	('0306b258-9fa2-4133-87d0-15c94b355dde', 0, 'bronze_studded_vest', NULL, 0, '', 25, 1, 0, 0, 0, 0, 0, 50000, 50000, 0, 0, 0, 0, 0, 0, '2020-11-26 17:22:03', 'a1f1a996-eff2-4dd5-b832-ca6a2bd6031a'),
	('28779d4b-1012-4f5e-80d6-f5e65c886895', 0, 'scout_item', NULL, 0, NULL, 13, 1, 0, 0, 0, 0, 0, 50000, 50000, 0, 0, 0, 0, 0, 0, '2020-11-24 22:44:48', 'a21116f6-1d51-4166-ab0a-5aaa9fd18fd3'),
	('4e6a6400-e762-4626-bcec-ca0e9b29038e', 0, NULL, 'f8c5dd42-9784-444b-bd52-3b7d7b6f9c07', 0, '', 12, 1, 0, 0, 54, 0, 0, 49924, 50000, 0, 0, 0, 100, 100, 0, '2020-11-26 23:10:21', 'a24c23c9-4115-403f-8c3c-2f4129c400f8'),
	('51eca924-c1a6-455b-bef2-81291fa11abd', 0, NULL, 'Uniquea1179b3f-a95c-4e8f-a5a0-3a46f21f7412', 0, '', 23, 1, 0, 0, 16, 0, 5, 50000, 50000, 0, 0, 0, 0, 0, 0, '2020-11-27 01:40:15', 'a29cbbe3-1f2c-4022-8297-4036fa4097ae'),
	('13559b1b-6717-44a3-882b-896971453a26', 0, 'NecromancerEpicBoots', NULL, 0, '', 23, 1, 0, 0, 0, 0, 0, 50000, 50000, 0, 0, 0, 0, 0, 0, '2020-11-27 01:40:16', 'a39dd2f1-a52a-4038-99b8-8f3211e08b72'),
	('51eca924-c1a6-455b-bef2-81291fa11abd', 0, 'token_many', NULL, 0, NULL, 79, 20, 0, 0, 0, 0, 0, 50000, 50000, 0, 0, 0, 0, 0, 0, '2020-11-27 03:00:22', 'a3fd450a-e966-4a2b-b5f9-4fb65fb247f8'),
	('642d135a-2b33-4114-8a27-33cea066fdfb', 0, '3_Glimmering_Stiletto', NULL, 0, 'glimmer geist', 50, 1, 0, 0, 74, 0, 0, 50000, 50000, 0, 0, 0, 0, 0, 0, '2020-11-27 04:00:39', 'a4edd292-31dc-462d-8c2b-a8e43062e36e'),
	('51eca924-c1a6-455b-bef2-81291fa11abd', 0, NULL, 'Uniquedc8a7c28-b82b-43d9-b9da-450ecfe0fc58', 0, '', 25, 1, 0, 0, 16, 0, 5, 49978, 50000, 0, 0, 0, 0, 0, 0, '2020-11-27 02:16:35', 'a5128b0b-26bd-4b92-9233-55ea885ef786'),
	('4e6a6400-e762-4626-bcec-ca0e9b29038e', 0, 'Tomte_Summoning_Staff', NULL, 0, 'lair guard', 41, 1, 0, 0, 0, 0, 0, 49989, 50000, 0, 0, 0, 0, 0, 0, '2020-11-26 23:10:21', 'a57ecec5-6e10-4886-bb8d-9e4d6ac9d3ea'),
	('b0d1bbe4-55ee-457f-9b6d-a7ccf0b2433f', 0, 'Jeweled_Rigid_Jerkin', NULL, 0, 'undead drudger', 52, 1, 0, 0, 0, 0, 3, 50000, 50000, 0, 0, 0, 0, 0, 0, '2020-11-26 20:57:36', 'a665073f-d466-48a1-864e-737c63a112eb'),
	('13559b1b-6717-44a3-882b-896971453a26', 0, 'NecromancerEpicArms', NULL, 0, '', 28, 1, 0, 0, 0, 0, 0, 50000, 50000, 0, 0, 0, 0, 0, 0, '2020-11-27 01:40:16', 'a6955488-6ead-4cff-9f2a-23c276428833'),
	('c8bc16b1-49a1-49d6-b1e6-f8cac1c21e9a', 0, 'TheShoesBracer', NULL, 0, '', 34, 1, 0, 0, 0, 0, 0, 50000, 50000, 0, 0, 0, 0, 0, 0, '2020-11-26 22:35:40', 'a6a0e85e-4594-4042-8a7a-04625631abd1'),
	('bb62869a-62df-431c-963a-1f3364119fc2', 0, 'Exceptional_Maligned_Avernal_Protector2', NULL, 0, NULL, 11, 1, 0, 0, 0, 0, 0, 50000, 50000, 0, 0, 0, 0, 0, 0, '2020-11-26 18:59:43', 'a73b1326-e2cc-4151-a6be-48d7cac3a811'),
	('8d7ed510-df7a-41fb-991e-3c7d1e578416', 0, 'Etched_Drum', NULL, 0, 'silvermine sentry', 62, 1, 0, 0, 0, 0, 0, 50000, 50000, 0, 0, 0, 0, 0, 0, '2020-11-26 21:17:58', 'a747b921-8db9-4288-bbcd-13bbe39aaaa1'),
	('4637c4a3-acca-40b1-84c9-22dfaf5f0340', 0, 'molvik_leather_gloves', NULL, 0, '', 54, 1, 0, 0, 73, 0, 0, 49985, 50000, 0, 0, 0, 0, 0, 0, '2020-11-27 02:22:53', 'a7d3e7df-eee5-4c02-a6d7-bb5f48212d40'),
	('b0d1bbe4-55ee-457f-9b6d-a7ccf0b2433f', 0, 'Starter_Cloak', NULL, 0, NULL, 26, 1, 0, 0, 0, 0, 0, 1, 1, 0, 0, 0, 0, 0, 0, '2020-11-26 20:14:08', 'a89f679f-af69-4042-a374-baaabee01598'),
	('8fa4b5ae-31fb-46d3-a904-da0f80632bdc', 0, 'BegansBeltofRevenge', NULL, 0, NULL, 32, 1, 0, 0, 0, 0, 0, 50000, 50000, 0, 0, 0, 0, 0, 0, '2020-11-27 03:37:09', 'a8b61a41-ced0-458e-976e-ce0c88da6a10'),
	('8d7ed510-df7a-41fb-991e-3c7d1e578416', 0, 'Jewel_Dusted_Pants', NULL, 0, 'collared gemgetter', 50, 1, 0, 0, 0, 0, 0, 50000, 50000, 0, 0, 0, 0, 0, 0, '2020-11-26 20:57:25', 'aa652bdc-00a2-4257-9674-3cbc4581eba0'),
	('80ae59ea-4613-4ddf-9dc3-ae7c11da7b98', 0, 'molvik_chain_helm_alb', NULL, 0, NULL, 21, 1, 0, 0, 73, 0, 0, 50000, 50000, 0, 0, 0, 0, 0, 0, '2020-11-26 20:02:37', 'aae34376-3ce5-49c6-8f1e-413d19f4a697'),
	('bb62869a-62df-431c-963a-1f3364119fc2', 0, 'molvik_chain_gloves', NULL, 0, '', 22, 1, 0, 0, 73, 0, 0, 50000, 50000, 0, 0, 0, 0, 0, 0, '2020-11-26 18:55:26', 'ab02de4a-2d55-4f45-b9ab-5eb424c73eee'),
	('cbf9ff31-1201-4cba-b6aa-061e575a0812', 0, 'molvik_cloth_vest', NULL, 0, '', 25, 1, 0, 0, 73, 0, 0, 49998, 50000, 0, 0, 0, 0, 0, 0, '2020-11-27 03:00:23', 'ab65f55a-32ae-4187-9116-b96fbc77cedd'),
	('4637c4a3-acca-40b1-84c9-22dfaf5f0340', 0, 'molvik_leather_vest', NULL, 0, '', 50, 1, 0, 0, 73, 0, 0, 49897, 50000, 0, 0, 0, 0, 0, 0, '2020-11-27 02:22:47', 'ac5960d4-7ccb-482b-bece-331f433ed905'),
	('4637c4a3-acca-40b1-84c9-22dfaf5f0340', 0, 'dragonslayer_cruaigh_gloves', NULL, 0, NULL, 22, 1, 0, 0, 0, 0, 5, 50000, 50000, 0, 0, 0, 0, 0, 0, '2020-11-27 02:24:13', 'ae83bf7f-09b7-442e-af9c-36cfc945dbce'),
	('bb62869a-62df-431c-963a-1f3364119fc2', 0, 'molvik_greathammer_mid', NULL, 0, '', 12, 1, 0, 0, 52, 0, 0, 49872, 50000, 0, 0, 0, 0, 0, 0, '2020-11-26 18:55:26', 'aee534e6-b991-4049-bf24-b408d38fbb87'),
	('b0d1bbe4-55ee-457f-9b6d-a7ccf0b2433f', 0, 'Flawed_Staff_of_the_Underhill', NULL, 0, 'undead drudger', 59, 1, 0, 0, 0, 0, 0, 50000, 50000, 0, 0, 0, 0, 0, 0, '2020-11-26 21:04:44', 'af479855-7e11-4a20-b52b-cf8e6f03e3f7'),
	('51eca924-c1a6-455b-bef2-81291fa11abd', 0, 'rawhide_roman_leather_jerkin', NULL, 0, '', 42, 1, 0, 0, 0, 0, 0, 50000, 50000, 0, 0, 0, 0, 0, 0, '2020-11-27 01:40:15', 'af872735-1d46-4ce7-88f9-c2f54cdd24ad'),
	('0af9a999-8b94-4cfa-a269-6c5c0d6dc539', 0, 'woolen_cloth_boots', NULL, 0, '', 23, 1, 0, 0, 0, 0, 0, 50000, 50000, 0, 0, 0, 0, 0, 0, '2020-11-26 19:59:58', 'af9a3525-f318-4d3e-a8a3-8215be16407a'),
	('5321acd6-ce18-4773-aade-0b308ab49e23', 0, 'woolen_cloth_pants', NULL, 0, '', 27, 1, 0, 0, 0, 0, 0, 50000, 50000, 0, 0, 0, 0, 0, 0, '2020-11-25 07:51:30', 'afb6a239-c914-4002-905f-a96a4ee901f5'),
	('1183687b-926b-4462-aef1-1386cb65932a', 0, 'woolen_cloth_boots', NULL, 0, '', 23, 1, 0, 0, 0, 0, 0, 49999, 50000, 0, 0, 0, 0, 0, 0, '2020-11-26 17:26:31', 'b00808bb-878e-46ec-9f81-b9c342a56fe5'),
	('f1f1a96f-5155-4856-8278-e40dd2ede148', 0, 'Bronze_Torn_Cap', NULL, 0, 'rattling skeleton', 21, 1, 0, 0, 0, 0, 0, 50000, 50000, 0, 0, 0, 0, 0, 0, '2020-11-26 04:21:47', 'b01fcbdb-2e27-4802-aff2-2a18e577ec2b'),
	('28779d4b-1012-4f5e-80d6-f5e65c886895', 0, 'rawhide_roman_leather_gloves', NULL, 0, NULL, 22, 1, 0, 0, 0, 0, 0, 50000, 50000, 0, 0, 0, 0, 0, 0, '2020-11-24 22:44:48', 'b1352a07-135b-4eca-b4fd-f66fba656acf'),
	('4637c4a3-acca-40b1-84c9-22dfaf5f0340', 0, 'NysyksNecklaceofNiceties', NULL, 0, '', 29, 1, 0, 0, 0, 0, 0, 50000, 50000, 0, 0, 0, 0, 0, 0, '2020-11-27 02:11:59', 'b14c680b-fc14-4262-9518-d110a2a17542'),
	('2737e7a5-fd3c-44db-ba68-a45acd08fea1', 0, 'BonedancerEpicArms', NULL, 0, '', 28, 1, 0, 0, 0, 0, 0, 50000, 50000, 0, 0, 0, 0, 0, 0, '2020-11-27 15:20:37', 'b16cd8d8-b8b8-4812-bc26-cdf6b877fcb6'),
	('51eca924-c1a6-455b-bef2-81291fa11abd', 0, 'rawhide_roman_leather_gloves', NULL, 0, '', 43, 1, 0, 0, 0, 0, 0, 50000, 50000, 0, 0, 0, 0, 0, 0, '2020-11-27 01:40:15', 'b1a4fb09-87bd-4d60-b5f5-275b77586aac'),
	('a8ed5d46-1e72-4581-a1e8-1fee8bb5672b', 0, 'training_club', NULL, 0, '', 41, 1, 0, 0, 0, 0, 0, 50000, 50000, 0, 0, 0, 0, 0, 0, '2020-11-27 03:26:46', 'b284e264-0bec-4da3-a4cb-4c9e67873506'),
	('a8ed5d46-1e72-4581-a1e8-1fee8bb5672b', 0, 'rawhide_roman_leather_leggings', NULL, 0, '', 45, 1, 0, 0, 0, 0, 0, 50000, 50000, 0, 0, 0, 0, 0, 0, '2020-11-27 03:26:03', 'b2a89db7-d338-4c71-ace2-0ec1798e6d15'),
	('b0d1bbe4-55ee-457f-9b6d-a7ccf0b2433f', 0, '3_Worn_Loyalist_Scale_Coif', NULL, 0, 'enthralled silvier', 46, 1, 0, 0, 0, 0, 0, 50000, 50000, 0, 0, 0, 0, 0, 0, '2020-11-26 20:52:21', 'b36bc85d-c470-4c55-a27e-d7bfee575e4a'),
	('c8bc16b1-49a1-49d6-b1e6-f8cac1c21e9a', 0, 'molvik_leather_arms', NULL, 0, '', 28, 1, 0, 0, 73, 0, 0, 50000, 50000, 0, 0, 0, 0, 0, 0, '2020-11-26 22:35:40', 'b3cb6360-a18c-4c4e-b76b-1e04bb06c9b8'),
	('24d4994b-1df6-40b5-8942-fa8d5b666acb', 0, NULL, 'Sigil_Enchanted_Mail_Gloves#413d9441-3cbd-4b32-b538-2b8c97dcb8bc', 1, 'Mudpilex', 22, 1, 0, 0, 0, 0, 0, 50000, 50000, 0, 0, 0, 0, 0, 0, '2020-11-27 01:35:31', 'b4909069-b483-41ee-ade0-3ce43fbac72b'),
	('8470cee2-2e55-4bfb-bfe7-ea186e2c2a59', 0, 'bronze_studded_legs', NULL, 0, NULL, 27, 1, 0, 0, 0, 0, 0, 50000, 50000, 0, 0, 0, 0, 0, 0, '2020-11-26 16:40:04', 'b4e29a9b-7996-4389-bc49-ccd07f86bc62'),
	('0306b258-9fa2-4133-87d0-15c94b355dde', 0, 'bronze_studded_legs', NULL, 0, '', 27, 1, 0, 0, 0, 0, 0, 50000, 50000, 0, 0, 0, 0, 0, 0, '2020-11-26 17:22:03', 'b5453a79-cd23-4172-bdeb-53c38f347b34'),
	('6791c867-0b4d-42c1-aec0-8f2d6507e17f', 0, 'practice_sword', NULL, 0, '', 41, 1, 0, 0, 0, 0, 0, 49955, 50000, 0, 0, 0, 0, 0, 0, '2020-11-26 18:42:20', 'b55c5823-3b96-4114-a85d-1c9c3d112b75'),
	('2737e7a5-fd3c-44db-ba68-a45acd08fea1', 0, 'Dull_Asterite_Runed_Staff', NULL, 0, 'svartalf arbetare', 48, 1, 0, 0, 0, 0, 0, 50000, 50000, 0, 0, 0, 0, 0, 0, '2020-11-27 15:20:37', 'b5edb1b9-be24-4208-9cf5-f9e4e7e11c72'),
	('f1f1a96f-5155-4856-8278-e40dd2ede148', 0, 'Black_Mauler_Cub_Pelt', NULL, 0, 'black mauler cub', 41, 1, 0, 0, 0, 0, 0, 50000, 50000, 0, 0, 0, 0, 0, 0, '2020-11-26 04:23:43', 'b6211691-3f9e-46ec-bdfe-42248ef8fe29'),
	('b0d1bbe4-55ee-457f-9b6d-a7ccf0b2433f', 0, 'Jewel_Dusted_Boots', NULL, 0, 'undead drudger', 74, 1, 0, 0, 0, 0, 0, 50000, 50000, 0, 0, 0, 0, 0, 0, '2020-11-26 21:14:52', 'b6644ffb-5c94-4ba6-907c-2f1101d46774'),
	('7f669be6-3f23-4e27-8f4a-faaa215f32e0', 0, 'woolen_cloth_pants', NULL, 0, '', 27, 1, 0, 0, 0, 0, 0, 50000, 50000, 0, 0, 0, 0, 0, 0, '2020-11-25 07:44:19', 'b6add47b-dd46-45fd-9e8a-5a565019ba31'),
	('b0d1bbe4-55ee-457f-9b6d-a7ccf0b2433f', 0, 'rawhide_roman_leather_leggings', NULL, 0, '', 27, 1, 0, 0, 0, 0, 0, 49999, 50000, 0, 0, 0, 0, 0, 0, '2020-11-26 21:10:03', 'b730aa7f-b614-40ac-b488-15798ed2db04'),
	('4e6a6400-e762-4626-bcec-ca0e9b29038e', 0, 'EmeraldSeal', NULL, 0, '', 77, 136, 0, 0, 0, 0, 0, 50000, 50000, 0, 0, 0, 0, 0, 0, '2020-11-26 23:10:21', 'b78404d0-2e88-4649-80c5-71c2c5ac645f'),
	('0306b258-9fa2-4133-87d0-15c94b355dde', 0, 'training_axe', NULL, 0, '', 10, 1, 0, 0, 0, 0, 0, 50000, 50000, 0, 0, 0, 0, 0, 0, '2020-11-26 17:22:03', 'b80a0732-938b-4f78-9860-d051c804a1eb'),
	('ab405454-175d-4a0c-9bff-502107a33e0f', 0, 'bronze_studded_boots', NULL, 0, '', 23, 1, 0, 0, 0, 0, 0, 50000, 50000, 0, 0, 0, 0, 0, 0, '2020-11-24 22:57:06', 'b82eb978-55d1-4bd5-a70a-a91989d083b5'),
	('4637c4a3-acca-40b1-84c9-22dfaf5f0340', 0, 'Lost_Memories_Melee', NULL, 0, '', 24, 1, 0, 500218658, 0, 0, 0, 50000, 50000, 0, 0, 0, 0, 0, 0, '2020-11-27 05:18:00', 'b887sdu8f-9xxz9zs9-s008-kljdkljlx908098'),
	('4637c4a3-acca-40b1-84c9-22dfaf5f0340', 0, 'Ring_of_Unyielding_Will', NULL, 0, '', 35, 1, 0, 500218658, 0, 0, 0, 50000, 50000, 0, 0, 0, 0, 0, 0, '2020-11-27 05:18:00', 'b887sdu8f-9xxz9zs9-s008-kljdkljlx90809x'),
	('4637c4a3-acca-40b1-84c9-22dfaf5f0340', 0, 'Orions_Belt_Melee', NULL, 0, '', 32, 1, 0, 500218658, 0, 0, 0, 50000, 50000, 0, 0, 0, 0, 0, 0, '2020-11-27 05:18:00', 'b887sdu8f-9xxz9zs9-s008-kljdkljlx90809z'),
	('8fa4b5ae-31fb-46d3-a904-da0f80632bdc', 0, 'Mentalist_Staff_of_Grandeur', NULL, 0, 'mummy hag', 55, 1, 0, 0, 0, 0, 0, 50000, 50000, 0, 0, 0, 0, 0, 0, '2020-11-27 01:46:38', 'b88f70c7-8ca8-4b8c-bbdc-8c1fe3b09632'),
	('80ae59ea-4613-4ddf-9dc3-ae7c11da7b98', 0, 'molvik_chain_arms', NULL, 0, NULL, 28, 1, 0, 0, 73, 0, 0, 50000, 50000, 0, 0, 0, 0, 0, 0, '2020-11-26 20:02:35', 'b8a5a15f-4836-482a-9dd4-746678c82848'),
	('0af9a999-8b94-4cfa-a269-6c5c0d6dc539', 0, 'Starter_Cloak', NULL, 0, NULL, 26, 1, 0, 0, 0, 0, 0, 1, 1, 0, 0, 0, 0, 0, 0, '2020-11-26 20:10:38', 'b8a8fb5c-23cd-45c5-96f1-eaf94a9f0cab'),
	('2737e7a5-fd3c-44db-ba68-a45acd08fea1', 0, 'Weighted_Asterite_Large_Hammer', NULL, 0, 'svartalf arbetare', 46, 1, 0, 0, 0, 0, 0, 50000, 50000, 0, 0, 0, 0, 0, 0, '2020-11-27 15:20:37', 'b99b1c32-3cee-4429-8699-d335e28c18b7'),
	('6791c867-0b4d-42c1-aec0-8f2d6507e17f', 0, 'small_training_shield', NULL, 0, '', 43, 1, 0, 0, 0, 0, 0, 49993, 50000, 0, 0, 0, 0, 0, 0, '2020-11-26 18:46:35', 'b9c56e77-49bb-4e2e-9925-af0ccfd9402b'),
	('8fa4b5ae-31fb-46d3-a904-da0f80632bdc', 0, NULL, 'Unique0887835f-ac26-407e-b76b-a929c2ed279e', 0, '', 25, 1, 0, 0, 16, 0, 5, 49713, 50000, 0, 0, 0, 0, 0, 0, '2020-11-27 05:14:49', 'ba503845-1fd5-451d-815c-0a0b7ff3b0b1'),
	('bb62869a-62df-431c-963a-1f3364119fc2', 0, 'molvik_chain_legs', NULL, 0, '', 27, 1, 0, 0, 73, 0, 0, 50000, 50000, 0, 0, 0, 0, 0, 0, '2020-11-26 18:55:26', 'ba650bc6-886a-4e68-baf1-75b71349a735'),
	('c8bc16b1-49a1-49d6-b1e6-f8cac1c21e9a', 0, 'Leggings_of_Dissolution', NULL, 0, 'soul harvester', 44, 1, 0, 0, 0, 0, 5, 50000, 50000, 0, 0, 0, 0, 0, 0, '2020-11-26 23:03:23', 'ba8700df-a049-46e6-8344-1148623c0042'),
	('4637c4a3-acca-40b1-84c9-22dfaf5f0340', 0, NULL, 'NightshadeDragonslayerFuarSteel#ebfa186f-2d69-40b4-8a61-51bb62f6dc05', 0, NULL, 10, 1, 0, 0, 0, 0, 0, 49852, 50000, 0, 0, 0, 0, 0, 0, '2020-11-27 05:10:32', 'ba8fbcd8-df77-41d8-a73b-2df2b77db898'),
	('8d7ed510-df7a-41fb-991e-3c7d1e578416', 0, 'Jewel_Dusted_Pants', NULL, 0, 'collared gemgetter', 27, 1, 0, 0, 0, 0, 0, 50000, 50000, 0, 0, 0, 0, 0, 0, '2020-11-26 21:10:08', 'bb1819a6-ecd2-4684-92e9-53cf5975791f'),
	('b0d1bbe4-55ee-457f-9b6d-a7ccf0b2433f', 0, 'Encrusted_Truesilver_Necklace', NULL, 0, 'unseelie underviewer', 61, 1, 0, 0, 0, 0, 0, 50000, 50000, 0, 0, 0, 0, 0, 0, '2020-11-26 21:05:44', 'bb64191d-67d9-4d59-a635-e8b1c79c572f'),
	('642d135a-2b33-4114-8a27-33cea066fdfb', 0, 'Personal_Bind_Recall_Stone', NULL, 0, '', 40, 1, 0, 0, 0, 0, 1, 50000, 50000, 0, 0, 0, 0, 0, 0, '2020-11-27 05:17:59', 'bc74aa3b-2d6b-4e5e-a4c7-092c6c1ef1ff'),
	('8d7ed510-df7a-41fb-991e-3c7d1e578416', 0, 'Balanced_Asterite_Spear', NULL, 0, 'collared gemgetter', 12, 1, 0, 0, 0, 0, 0, 50000, 50000, 0, 0, 0, 0, 0, 0, '2020-11-26 21:10:10', 'bd050978-3599-48a3-8126-251dbf1e39fd'),
	('0af9a999-8b94-4cfa-a269-6c5c0d6dc539', 0, 'Sundering_Bracer', NULL, 0, 'Daughter of Medb', 33, 1, 0, 0, 0, 0, 0, 50000, 50000, 0, 0, 0, 0, 0, 0, '2020-11-26 20:34:27', 'bd93c6d1-1a9e-4734-a970-9562e86fd0c5'),
	('a8ed5d46-1e72-4581-a1e8-1fee8bb5672b', 0, 'Shimmering_Glimmer_Geist_Spear', NULL, 0, 'glimmer geist', 52, 1, 0, 0, 0, 0, 0, 50000, 50000, 0, 0, 0, 0, 0, 0, '2020-11-27 04:01:57', 'bd9a2a87-f864-475c-b765-a555a2cdb0af'),
	('c8bc16b1-49a1-49d6-b1e6-f8cac1c21e9a', 0, 'Ghastly_Ring_of_Bone', NULL, 0, 'ectoplasm', 48, 1, 0, 0, 0, 0, 0, 50000, 50000, 0, 0, 0, 0, 0, 0, '2020-11-26 23:58:29', 'bda8fe5e-7db4-4e8d-95f8-2af22c0431c1'),
	('8470cee2-2e55-4bfb-bfe7-ea186e2c2a59', 0, 'Personal_Bind_Recall_Stone', NULL, 0, NULL, 40, 1, 0, 0, 0, 0, 1, 50000, 50000, 0, 0, 0, 0, 0, 0, '2020-11-26 16:40:04', 'bdbffcca-b454-4e8e-81b3-921799852514'),
	('62619664-3bd5-4ff0-b487-9f4070a4c58e', 0, 'Rawhide_Torn_Cap_alb', NULL, 0, 'bandit hopeful', 46, 1, 0, 0, 61, 0, 0, 50000, 50000, 0, 0, 0, 0, 0, 0, '2020-11-26 16:37:12', 'be49ee53-e05f-46e2-80f0-6e60f8256866'),
	('8d7ed510-df7a-41fb-991e-3c7d1e578416', 0, 'Flawed_Asterite_Mace', NULL, 0, 'undead drudger', 61, 1, 0, 0, 0, 0, 0, 50000, 50000, 0, 0, 0, 0, 0, 0, '2020-11-26 21:15:06', 'bee8de36-00c9-4cf2-a81d-77e743e73415'),
	('51eca924-c1a6-455b-bef2-81291fa11abd', 0, '0_Demon_Bound_Wrap', NULL, 0, 'rocot', 65, 1, 0, 0, 0, 0, 0, 50000, 50000, 0, 0, 0, 10, 0, 0, '2020-11-27 02:13:34', 'bf097040-cf06-4699-8c19-c5d23d8e513f'),
	('51eca924-c1a6-455b-bef2-81291fa11abd', 0, 'Kath_gem', NULL, 0, NULL, 64, 1, 0, 0, 0, 0, 0, 50000, 50000, 0, 0, 0, 0, 0, 0, '2020-11-27 02:12:55', 'bf55c7ac-863f-4e35-92a0-51e95f3be51c'),
	('642d135a-2b33-4114-8a27-33cea066fdfb', 0, 'Mystical Moonglade Leggings', NULL, 0, 'Ghorvensath', 46, 1, 0, 0, 0, 0, 5, 50000, 50000, 0, 0, 0, 0, 0, 0, '2020-11-27 03:56:47', 'bf5bf0b0-2119-4ed3-9260-fd6f69a4fca6'),
	('b0d1bbe4-55ee-457f-9b6d-a7ccf0b2433f', 0, 'Flawed_Staff_of_the_Underhill', NULL, 0, 'enthralled silvier', 57, 1, 0, 0, 0, 0, 0, 50000, 50000, 0, 0, 0, 0, 0, 0, '2020-11-26 21:01:18', 'bf69fa87-1028-4454-bf64-dceec51be1b3'),
	('24d4994b-1df6-40b5-8942-fa8d5b666acb', 0, NULL, 'Dragonsworn_Enchanted_Mail_Hauberk#71b14aaf-30c7-43ac-be87-b60bb348e274', 1, 'Mudpilex', 25, 1, 0, 0, 0, 0, 0, 50000, 50000, 0, 0, 0, 0, 0, 0, '2020-11-27 01:38:43', 'bfd67ef1-db1c-445d-a0ef-0c21a51753b3'),
	('13559b1b-6717-44a3-882b-896971453a26', 0, 'NecromancerEpicLegs', NULL, 0, '', 27, 1, 0, 0, 0, 0, 0, 50000, 50000, 0, 0, 0, 0, 0, 0, '2020-11-27 01:40:16', 'c08ca818-515f-43c8-bba3-1a52e16d15db'),
	('642d135a-2b33-4114-8a27-33cea066fdfb', 0, 'Mystical_Moonglade_Boots', NULL, 0, 'glimmer geist', 51, 1, 0, 0, 0, 0, 0, 50000, 50000, 0, 0, 0, 0, 0, 0, '2020-11-27 04:01:40', 'c0b484f4-5548-481f-97bd-eb463cf66acb'),
	('b80b4719-5422-435f-baae-c9a64bc233b8', 0, 'training_club', NULL, 0, NULL, 10, 1, 0, 0, 0, 0, 0, 50000, 50000, 0, 0, 0, 0, 0, 0, '2020-11-24 22:47:27', 'c0e0301f-e5cd-4069-bd7c-a011dfd221ef'),
	('b0d1bbe4-55ee-457f-9b6d-a7ccf0b2433f', 0, 'training_club', NULL, 0, '', 10, 1, 0, 0, 0, 0, 0, 49999, 50000, 0, 0, 0, 0, 0, 0, '2020-11-26 21:10:03', 'c162a88c-3cde-49d0-a6c7-d309d2a32ca2'),
	('a8ed5d46-1e72-4581-a1e8-1fee8bb5672b', 0, 'rawhide_roman_leather_gloves', NULL, 0, '', 43, 1, 0, 0, 0, 0, 0, 50000, 50000, 0, 0, 0, 0, 0, 0, '2020-11-27 03:26:05', 'c171da35-a4ba-462a-ba48-16b0cf63a4d6'),
	('4e6a6400-e762-4626-bcec-ca0e9b29038e', 0, 'Starter_Cloak', NULL, 0, '', 26, 1, 0, 0, 0, 0, 0, 1, 1, 0, 0, 0, 0, 0, 0, '2020-11-26 23:10:21', 'c1850bc0-33c7-4e2c-ae1d-f0659498b89b'),
	('642d135a-2b33-4114-8a27-33cea066fdfb', 0, 'Ancient_Necrotic_Brain_Fluid', NULL, 0, NULL, 49, 1, 0, 0, 0, 0, 0, 50000, 50000, 0, 0, 0, 0, 0, 0, '2020-11-27 03:57:44', 'c2447f58-d930-45f2-abde-13676622b9ea'),
	('642d135a-2b33-4114-8a27-33cea066fdfb', 0, 'molvik_chain_gloves_hib', NULL, 0, '', 22, 1, 0, 0, 73, 0, 0, 49990, 50000, 0, 0, 0, 0, 0, 0, '2020-11-27 04:10:28', 'c2b56327-2865-48c5-878c-29d1617a7cfd'),
	('1183687b-926b-4462-aef1-1386cb65932a', 0, 'woolen_cloth_pants', NULL, 0, '', 27, 1, 0, 0, 0, 0, 0, 50000, 50000, 0, 0, 0, 0, 0, 0, '2020-11-26 17:26:31', 'c328fea1-27f1-43d6-8c63-37f2b3565fb1'),
	('642d135a-2b33-4114-8a27-33cea066fdfb', 0, 'token_many', NULL, 0, '', 42, 30, 0, 0, 0, 0, 0, 50000, 50000, 0, 0, 0, 0, 0, 0, '2020-11-27 03:00:22', 'c34d1d15-8b54-4a9c-93c7-8a18c1c78f25'),
	('c8bc16b1-49a1-49d6-b1e6-f8cac1c21e9a', 0, 'Robes_of_the_Risen', NULL, 0, 'ectoplasm', 45, 1, 0, 0, 0, 0, 0, 50000, 50000, 0, 0, 0, 0, 0, 0, '2020-11-26 23:04:25', 'c3df6f75-3ce4-4166-837d-67caa899a046'),
	('8fa4b5ae-31fb-46d3-a904-da0f80632bdc', 0, 'Shimmering_Antipodean_Club', NULL, 0, 'glimmer ardent', 70, 1, 0, 0, 0, 0, 0, 50000, 50000, 0, 0, 0, 0, 0, 0, '2020-11-27 03:55:15', 'c3f15377-b9ad-401c-b935-7d948aa5d8a8'),
	('520b9710-10b7-42c3-9d2d-b32e47b9e741', 0, 'Personal_Bind_Recall_Stone', NULL, 0, '', 40, 1, 0, 0, 0, 0, 1, 50000, 50000, 0, 0, 0, 0, 0, 0, '2020-11-26 17:35:00', 'c4338cfa-7b2f-4c06-89d8-87bbaf1cc8e1'),
	('642d135a-2b33-4114-8a27-33cea066fdfb', 0, 'molvik_chain_arms_hib', NULL, 0, '', 28, 1, 0, 0, 73, 0, 0, 50000, 50000, 0, 0, 0, 0, 0, 0, '2020-11-27 01:55:30', 'c45193c7-c7c7-4e50-b312-cf441f5812a0'),
	('52945ac4-d886-4d6c-a259-df29dd158201', 0, 'woolen_cloth_pants', NULL, 0, NULL, 27, 1, 0, 0, 0, 0, 0, 50000, 50000, 0, 0, 0, 0, 0, 0, '2020-11-24 22:45:22', 'c4812dde-f5d1-4409-b334-a5615f785779'),
	('0af9a999-8b94-4cfa-a269-6c5c0d6dc539', 0, 'Jewel_Spiked_Helm', NULL, 0, 'collared gemgetter', 57, 1, 0, 0, 0, 0, 0, 50000, 50000, 0, 0, 0, 0, 0, 0, '2020-11-26 21:07:20', 'c4dc3e2c-d2e4-41a8-8873-11e61b3be55d'),
	('1c6c7709-4aaa-4fe0-ad1f-e6436cec9377', 0, 'Personal_Bind_Recall_Stone', NULL, 0, '', 40, 1, 0, 0, 0, 0, 1, 50000, 50000, 0, 0, 0, 0, 0, 0, '2020-11-25 07:42:00', 'c4e723f7-cc6c-4fcb-b478-54f6d43d416a'),
	('6791c867-0b4d-42c1-aec0-8f2d6507e17f', 0, 'OldSledge', NULL, 0, 'haunting gloom', 46, 1, 0, 0, 0, 0, 0, 50000, 50000, 0, 0, 0, 0, 0, 0, '2020-11-26 18:49:12', 'c5087c1b-3a77-43ba-87d5-ab84df14e150'),
	('b0d1bbe4-55ee-457f-9b6d-a7ccf0b2433f', 0, 'Flawed_Runic_Shillelagh', NULL, 0, 'enthralled silvier', 47, 1, 0, 0, 0, 0, 0, 50000, 50000, 0, 0, 0, 0, 0, 0, '2020-11-26 20:52:25', 'c63692e7-bfc8-40d4-a9ce-e1e29ebb36a1'),
	('0af9a999-8b94-4cfa-a269-6c5c0d6dc539', 0, 'Balanced_Asterite_Spear', NULL, 0, 'collared gemgetter', 60, 1, 0, 0, 0, 0, 0, 50000, 50000, 0, 0, 0, 0, 0, 0, '2020-11-26 21:08:21', 'c64b6ca8-a4a3-4d95-aba4-d80f89c3ba7b'),
	('c46ed86b-2a83-4261-bca3-f17ed736b52c', 0, 'Personal_Bind_Recall_Stone', NULL, 0, '', 40, 1, 0, 0, 0, 0, 1, 50000, 50000, 0, 0, 0, 0, 0, 0, '2020-11-26 17:34:58', 'c69c890e-482f-4265-bc16-1e5656dc670b'),
	('4637c4a3-acca-40b1-84c9-22dfaf5f0340', 0, 'Empathic_Deathwatcher_Chain', NULL, 0, 'glimmer deathwatcher', 44, 1, 0, 0, 0, 0, 0, 50000, 50000, 0, 0, 0, 0, 0, 0, '2020-11-27 03:57:11', 'c730c35b-e050-4651-9c6b-e02ca00f9254'),
	('b0d1bbe4-55ee-457f-9b6d-a7ccf0b2433f', 0, '3_Worn_Loyalist_Scale_Coif', NULL, 0, 'enthralled silvier', 55, 1, 0, 0, 0, 0, 0, 50000, 50000, 0, 0, 0, 0, 0, 0, '2020-11-26 21:00:33', 'c761f42c-de89-4a7e-bbd6-432308f59d47'),
	('4637c4a3-acca-40b1-84c9-22dfaf5f0340', 0, 'molvik_leather_legs', NULL, 0, '', 52, 1, 0, 0, 73, 0, 0, 49908, 50000, 0, 0, 0, 0, 0, 0, '2020-11-27 02:22:50', 'c871fae7-f1bf-4248-8709-07dd0e8c2faf'),
	('80ae59ea-4613-4ddf-9dc3-ae7c11da7b98', 0, 'TheNecklace', NULL, 0, NULL, 29, 1, 0, 0, 0, 0, 0, 50000, 50000, 0, 0, 0, 0, 0, 0, '2020-11-26 21:03:22', 'c9f69ff7-65cf-498b-87c2-931816f636a8'),
	('8fa4b5ae-31fb-46d3-a904-da0f80632bdc', 0, 'bronze_studded_gauntlets', NULL, 0, '', 45, 1, 0, 0, 0, 0, 0, 50000, 50000, 0, 0, 0, 0, 0, 0, '2020-11-27 01:38:06', 'ca5466fa-0c4f-4d54-878b-0b0b7e0359a0'),
	('1183687b-926b-4462-aef1-1386cb65932a', 0, 'Tomte_Padded_Gloves', NULL, 0, 'lair guard', 22, 1, 0, 0, 0, 0, 0, 50000, 50000, 0, 0, 0, 0, 0, 0, '2020-11-26 17:26:31', 'ca75cfd9-7116-4be3-bb73-ed9d57c1a329'),
	('5321acd6-ce18-4773-aade-0b308ab49e23', 0, 'woolen_cloth_arms', NULL, 0, '', 28, 1, 0, 0, 0, 0, 0, 50000, 50000, 0, 0, 0, 0, 0, 0, '2020-11-25 07:51:30', 'cab15a1f-d79f-4882-b695-b8b9693de7ed'),
	('80ae59ea-4613-4ddf-9dc3-ae7c11da7b98', 0, 'Personal_Bind_Recall_Stone', NULL, 0, '', 40, 1, 0, 0, 0, 0, 1, 50000, 50000, 0, 0, 0, 0, 0, 0, '2020-11-27 00:40:09', 'caf48f48-4b6c-411c-bf0f-2b93d0d76916'),
	('6791c867-0b4d-42c1-aec0-8f2d6507e17f', 0, 'Old_Staff_of_Elements', NULL, 0, 'Mithra initiate', 45, 1, 0, 0, 0, 0, 0, 50000, 50000, 0, 0, 0, 0, 0, 0, '2020-11-26 18:47:56', 'cb88f135-8856-4520-b6ca-ea0694b993a1'),
	('8d7ed510-df7a-41fb-991e-3c7d1e578416', 0, 'Flawed_Staff_of_the_Underhill', NULL, 0, 'enthralled silvier', 48, 1, 0, 0, 0, 0, 0, 50000, 50000, 0, 0, 0, 0, 0, 0, '2020-11-26 20:52:56', 'cba30bc6-1baa-4c4a-9164-f9f783d285e2'),
	('0af9a999-8b94-4cfa-a269-6c5c0d6dc539', 0, 'Jeweled_Rigid_Jerkin', NULL, 0, 'collared gemgetter', 64, 1, 0, 0, 0, 0, 3, 50000, 50000, 0, 0, 0, 0, 0, 0, '2020-11-26 21:16:46', 'cbf4b297-2e19-46c3-a296-ba913cdcb604'),
	('642d135a-2b33-4114-8a27-33cea066fdfb', 0, 'Crested_Glow_Worm_Carapace', NULL, 0, 'glow worm', 41, 1, 0, 0, 0, 0, 0, 50000, 50000, 0, 0, 0, 0, 0, 0, '2020-11-27 01:56:04', 'ccdbb3d2-f388-453b-94ad-99cf74c42897'),
	('24d4994b-1df6-40b5-8942-fa8d5b666acb', 0, 'Atens_Shield', NULL, 0, '', 11, 1, 0, 0, 0, 0, 0, 50000, 50000, 0, 0, 0, 0, 0, 0, '2020-11-27 01:51:59', 'cced9xcdesf-dfsdzz-9738f-gjdfjj3sx'),
	('13559b1b-6717-44a3-882b-896971453a26', 0, 'Full_Buffs_Token', NULL, 0, NULL, 41, 1, 0, 0, 0, 0, 0, 1, 1, 0, 0, 0, 0, 0, 0, '2020-11-26 18:04:01', 'cd72aba5-117b-482d-97cb-1f53f11db521'),
	('c8bc16b1-49a1-49d6-b1e6-f8cac1c21e9a', 0, 'TrollstoneRing', NULL, 0, '', 36, 1, 0, 0, 0, 0, 0, 50000, 50000, 0, 0, 0, 0, 0, 0, '2020-11-26 22:35:40', 'cd977751-3a94-4dbb-8676-1a18718667ab'),
	('2737e7a5-fd3c-44db-ba68-a45acd08fea1', 0, 'Black_Silksteel_Cloak', NULL, 0, 'svartalf thrall', 50, 1, 0, 0, 43, 0, 0, 50000, 50000, 0, 0, 0, 0, 0, 0, '2020-11-27 15:20:37', 'ce35b8c8-d1c1-4474-84ea-601cbeb53db3'),
	('c8bc16b1-49a1-49d6-b1e6-f8cac1c21e9a', 0, 'molvik_leather_vest', NULL, 0, '', 25, 1, 0, 0, 73, 0, 0, 49978, 50000, 0, 0, 0, 0, 0, 0, '2020-11-27 00:10:12', 'ce62c2b0-fa6d-47f8-a093-76942a6de60a'),
	('8470cee2-2e55-4bfb-bfe7-ea186e2c2a59', 0, 'small_training_shield', NULL, 0, NULL, 11, 1, 0, 0, 0, 0, 0, 50000, 50000, 0, 0, 0, 0, 0, 0, '2020-11-26 16:40:04', 'ce8088f1-4d72-4a69-aee4-863f273ea981'),
	('520b9710-10b7-42c3-9d2d-b32e47b9e741', 0, 'bronze_studded_boots', NULL, 0, '', 23, 1, 0, 0, 0, 0, 0, 50000, 50000, 0, 0, 0, 0, 0, 0, '2020-11-26 17:29:29', 'cea307ed-984a-4045-a4db-0a579580a457'),
	('13559b1b-6717-44a3-882b-896971453a26', 0, 'Perfected_Armor_Pattern', NULL, 0, '', 48, 493, 0, 0, 0, 0, 0, 50000, 50000, 0, 0, 0, 0, 0, 0, '2020-11-27 01:40:18', 'cec75583-a69d-467a-a039-791351d50b95'),
	('24d4994b-1df6-40b5-8942-fa8d5b666acb', 0, 'Personal_Bind_Recall_Stone', NULL, 0, '', 40, 1, 0, 0, 0, 0, 1, 50000, 50000, 0, 0, 0, 0, 0, 0, '2020-11-27 01:51:59', 'cecd2132-377b-4918-a049-4f14565dca9e'),
	('8d7ed510-df7a-41fb-991e-3c7d1e578416', 0, 'Jeweled_Rigid_Boots', NULL, 0, 'silvermine sentry', 46, 1, 0, 0, 0, 0, 0, 50000, 50000, 0, 0, 0, 0, 0, 0, '2020-11-26 21:10:26', 'd08597e4-d322-4a8d-ba02-d9c6e9e088a2'),
	('27cde3a3-5cee-4a91-a48f-b1896293ab13', 0, 'small_training_shield', NULL, 0, NULL, 11, 1, 0, 0, 0, 0, 0, 50000, 50000, 0, 0, 0, 0, 0, 0, '2020-11-24 22:43:46', 'd0f346e1-31c7-4b0b-929f-9cca22a15ca7'),
	('c8bc16b1-49a1-49d6-b1e6-f8cac1c21e9a', 0, 'BeltofEsteny', NULL, 0, '', 32, 1, 0, 0, 0, 0, 0, 50000, 50000, 0, 0, 0, 0, 0, 0, '2020-11-26 22:35:40', 'd13f6d80-b793-43f8-9414-d520d5eedfdd'),
	('7f669be6-3f23-4e27-8f4a-faaa215f32e0', 0, 'woolen_cloth_arms', NULL, 0, '', 28, 1, 0, 0, 0, 0, 0, 50000, 50000, 0, 0, 0, 0, 0, 0, '2020-11-25 07:44:19', 'd15a515a-a670-4da7-978f-52663fdfb23e'),
	('6791c867-0b4d-42c1-aec0-8f2d6507e17f', 0, 'HeadbandOfFocus', NULL, 0, 'undead filidh', 21, 1, 0, 0, 62, 0, 0, 49999, 50000, 0, 0, 0, 0, 0, 0, '2020-11-26 18:39:51', 'd1928041-7893-4160-91a8-e779e412ef71'),
	('b80b4719-5422-435f-baae-c9a64bc233b8', 0, 'rawhide_roman_leather_jerkin', NULL, 0, NULL, 25, 1, 0, 0, 0, 0, 0, 50000, 50000, 0, 0, 0, 0, 0, 0, '2020-11-24 22:47:27', 'd1dea2ff-620a-4601-bc59-a0430ba4b351'),
	('a8ed5d46-1e72-4581-a1e8-1fee8bb5672b', 0, 'BracerofUnity', NULL, 0, NULL, 34, 1, 0, 0, 0, 0, 0, 50000, 50000, 0, 0, 0, 0, 0, 0, '2020-11-27 03:38:38', 'd3378177-1211-4726-8e44-2ba5f464037f'),
	('5321acd6-ce18-4773-aade-0b308ab49e23', 0, 'woolen_cloth_boots', NULL, 0, '', 23, 1, 0, 0, 0, 0, 0, 50000, 50000, 0, 0, 0, 0, 0, 0, '2020-11-25 07:51:30', 'd3a2fc73-c2ca-450b-a3a2-e45a2c6f8690'),
	('f1f1a96f-5155-4856-8278-e40dd2ede148', 0, 'RawhideTornPants', NULL, 0, 'Votan', 42, 1, 0, 0, 62, 0, 0, 50000, 50000, 0, 0, 0, 0, 0, 0, '2020-11-26 04:26:15', 'd3ee0180-b0cd-4afb-956e-a87583bdb9db'),
	('739fb6fe-209e-4672-80f1-3009af8b0b81', 0, 'bronze_studded_vest', NULL, 0, '', 25, 1, 0, 0, 0, 0, 0, 50000, 50000, 0, 0, 0, 0, 0, 0, '2020-11-26 00:44:49', 'd503671b-c943-4506-904f-02911d8f5848'),
	('51eca924-c1a6-455b-bef2-81291fa11abd', 0, 'Richly_Designed_Sword', NULL, 0, 'mummy hag', 58, 1, 0, 0, 0, 0, 0, 50000, 50000, 0, 0, 0, 0, 0, 0, '2020-11-27 01:51:18', 'd549e69f-eaac-42c8-842a-e1ec15d34328'),
	('b80b4719-5422-435f-baae-c9a64bc233b8', 0, 'rawhide_roman_leather_sleeves', NULL, 0, NULL, 28, 1, 0, 0, 0, 0, 0, 50000, 50000, 0, 0, 0, 0, 0, 0, '2020-11-24 22:47:27', 'd5c248bb-d112-4b63-86af-2671a7aa7ec4'),
	('27cde3a3-5cee-4a91-a48f-b1896293ab13', 0, 'training_mace', NULL, 0, NULL, 10, 1, 0, 0, 0, 0, 0, 50000, 50000, 0, 0, 0, 0, 0, 0, '2020-11-24 22:43:46', 'd65e474a-b622-4c8e-81fe-9842f7a38351'),
	('642d135a-2b33-4114-8a27-33cea066fdfb', 0, 'BracerofUnity', NULL, 0, '', 34, 1, 0, 0, 0, 0, 0, 50000, 50000, 0, 0, 0, 0, 0, 0, '2020-11-27 01:55:30', 'd676eb8f-36bb-46b2-9872-1b1c6211793f'),
	('642d135a-2b33-4114-8a27-33cea066fdfb', 0, 'Shimmering_Seolc_Cap_of_the_Void', NULL, 0, 'Ghorvensath', 47, 1, 0, 0, 0, 0, 0, 50000, 50000, 0, 0, 0, 0, 0, 0, '2020-11-27 03:56:48', 'd67b61c1-9ff0-4943-bd10-a9afd026a91f'),
	('a8ed5d46-1e72-4581-a1e8-1fee8bb5672b', 0, 'Starter_Cloak', NULL, 0, NULL, 26, 1, 0, 0, 0, 0, 0, 1, 1, 0, 0, 0, 0, 0, 0, '2020-11-27 03:16:37', 'd8116ce2-04eb-4402-ab57-4b5d17b2be8f'),
	('5321acd6-ce18-4773-aade-0b308ab49e23', 0, 'Personal_Bind_Recall_Stone', NULL, 0, '', 40, 1, 0, 0, 0, 0, 1, 50000, 50000, 0, 0, 0, 0, 0, 0, '2020-11-25 07:51:30', 'd970368e-56c4-41ce-ac47-adbe07c69598'),
	('8d7ed510-df7a-41fb-991e-3c7d1e578416', 0, 'Gem_Encrusted_Claw', NULL, 0, 'gemclicker', 58, 1, 0, 0, 0, 0, 0, 50000, 50000, 0, 0, 0, 0, 0, 0, '2020-11-26 21:12:32', 'd98860fc-24fb-489b-af81-81dd96f09a54'),
	('51eca924-c1a6-455b-bef2-81291fa11abd', 0, 'training_shield', NULL, 0, '', 11, 1, 0, 0, 0, 0, 0, 50000, 50000, 0, 0, 0, 0, 0, 0, '2020-11-27 01:40:15', 'd9a34d85-c2b2-4069-8bbb-d3bbdc98df94'),
	('b0d1bbe4-55ee-457f-9b6d-a7ccf0b2433f', 0, 'Gem_Encrusted_Claw', NULL, 0, 'gemclicker', 66, 1, 0, 0, 0, 0, 0, 50000, 50000, 0, 0, 0, 0, 0, 0, '2020-11-26 21:07:49', 'da35a88e-4570-4187-a4e6-7d395487875d'),
	('3b9667d3-9834-499b-a213-c6a6982cae84', 0, 'rawhide_roman_leather_gloves', NULL, 0, '', 22, 1, 0, 0, 0, 0, 0, 50000, 50000, 0, 0, 0, 0, 0, 0, '2020-11-26 17:23:20', 'da84a638-38ee-4976-acbf-2fcd173c19da'),
	('7f669be6-3f23-4e27-8f4a-faaa215f32e0', 0, 'woolen_cloth_boots', NULL, 0, '', 23, 1, 0, 0, 0, 0, 0, 50000, 50000, 0, 0, 0, 0, 0, 0, '2020-11-25 07:44:19', 'dae8692c-ff84-48a8-9ea1-0ee561ad88f1'),
	('51eca924-c1a6-455b-bef2-81291fa11abd', 0, NULL, 'Uniquebbd91a5f-f01f-4bb8-9cbf-81b638ef9a97', 0, '', 27, 1, 0, 0, 16, 0, 5, 50000, 50000, 0, 0, 0, 0, 0, 0, '2020-11-27 01:40:15', 'dbcbfd75-2799-4f65-b150-44d4b5ff2448'),
	('1183687b-926b-4462-aef1-1386cb65932a', 0, 'woolen_cloth_arms', NULL, 0, '', 28, 1, 0, 0, 0, 0, 0, 50000, 50000, 0, 0, 0, 0, 0, 0, '2020-11-26 17:26:31', 'dc7d5967-61cb-4a94-9cb5-3ad8a4952f2a'),
	('642d135a-2b33-4114-8a27-33cea066fdfb', 0, 'YraerynsBracer', NULL, 0, '', 33, 1, 0, 0, 0, 0, 0, 50000, 50000, 0, 0, 0, 0, 0, 0, '2020-11-27 01:55:31', 'dc7da300-8ce1-48df-b270-f55a390fe6e5'),
	('8fa4b5ae-31fb-46d3-a904-da0f80632bdc', 0, 'ld_bone_barely_torn_vest', NULL, 0, 'skeletal pawn', 51, 1, 0, 0, 0, 0, 0, 50000, 50000, 0, 0, 0, 0, 0, 0, '2020-11-27 01:38:06', 'dc8ddf90-1388-4260-8db0-da13db6ca8b3'),
	('8470cee2-2e55-4bfb-bfe7-ea186e2c2a59', 0, 'bronze_studded_gauntlets', NULL, 0, NULL, 22, 1, 0, 0, 0, 0, 0, 50000, 50000, 0, 0, 0, 0, 0, 0, '2020-11-26 16:40:04', 'dcb9ba28-fe1d-499d-a946-35b41e4da2d6'),
	('62619664-3bd5-4ff0-b487-9f4070a4c58e', 0, 'woolen_cloth_gloves', NULL, 0, '', 22, 1, 0, 0, 0, 0, 0, 50000, 50000, 0, 0, 0, 0, 0, 0, '2020-11-26 16:36:45', 'dcf38612-c99c-4501-be65-8cb717a726ae'),
	('7f669be6-3f23-4e27-8f4a-faaa215f32e0', 0, 'woolen_cloth_gloves', NULL, 0, '', 22, 1, 0, 0, 0, 0, 0, 50000, 50000, 0, 0, 0, 0, 0, 0, '2020-11-25 07:44:19', 'dd23d794-315d-4d58-842d-df9a8cea79c8'),
	('c8bc16b1-49a1-49d6-b1e6-f8cac1c21e9a', 0, 'SapphireSeal', NULL, 0, '', 41, 13, 0, 0, 0, 0, 0, 50000, 50000, 0, 0, 0, 0, 0, 0, '2020-11-26 22:40:44', 'dd4f73c8-3cf0-4907-91c9-cdc8754d765f'),
	('a8ed5d46-1e72-4581-a1e8-1fee8bb5672b', 0, '3_Gossamer_Seolc_Vest', NULL, 0, 'Ghorvensath', 50, 1, 0, 0, 0, 0, 0, 50000, 50000, 0, 0, 0, 0, 0, 0, '2020-11-27 03:56:48', 'dd7e1f27-d6b4-472b-a42e-51fa8431cddf'),
	('51eca924-c1a6-455b-bef2-81291fa11abd', 0, 'Eldritch_Staff_of_Channeling', NULL, 0, 'crypt spider', 61, 1, 0, 0, 0, 0, 0, 50000, 50000, 0, 0, 0, 0, 0, 0, '2020-11-27 01:57:06', 'dee38630-5ec4-4b0c-88e8-046e0b34302a'),
	('2737e7a5-fd3c-44db-ba68-a45acd08fea1', 0, 'Lustrous_Braided_Silksteel_Leggings', NULL, 0, 'arachite krigare', 43, 1, 0, 0, 85, 0, 0, 50000, 50000, 0, 0, 0, 0, 0, 0, '2020-11-27 15:20:37', 'defcd90c-be0b-4b3b-af0f-25e066aa8995'),
	('8d7ed510-df7a-41fb-991e-3c7d1e578416', 0, 'Ring_of_the_Mental_Fortress', NULL, 0, 'silvermine sentry', 35, 1, 0, 0, 0, 0, 0, 50000, 50000, 0, 0, 0, 0, 0, 0, '2020-11-26 21:10:00', 'df43bf35-9a2e-484c-90df-1d4e6c6a96e8'),
	('b0d1bbe4-55ee-457f-9b6d-a7ccf0b2433f', 0, 'Gem_Covered_Belt', NULL, 0, 'collared gemgetter', 50, 1, 0, 0, 0, 0, 0, 50000, 50000, 0, 0, 0, 0, 0, 0, '2020-11-26 20:53:02', 'e01e1a89-dc48-4f0b-aabd-e237536b6166'),
	('8d7ed510-df7a-41fb-991e-3c7d1e578416', 0, 'Flawed_Void_Walkers_Staff', NULL, 0, 'enthralled silvier', 42, 1, 0, 0, 0, 0, 0, 50000, 50000, 0, 0, 0, 0, 0, 0, '2020-11-26 20:52:23', 'e08afc0f-98c8-4572-9ccf-b5e95153fd58'),
	('a8ed5d46-1e72-4581-a1e8-1fee8bb5672b', 0, 'training_shield', NULL, 0, '', 47, 1, 0, 0, 0, 0, 0, 50000, 50000, 0, 0, 0, 0, 0, 0, '2020-11-27 03:31:04', 'e0e08acb-2bc9-4008-b05e-08bb711572a7'),
	('b80b4719-5422-435f-baae-c9a64bc233b8', 0, 'training_shield', NULL, 0, NULL, 11, 1, 0, 0, 0, 0, 0, 50000, 50000, 0, 0, 0, 0, 0, 0, '2020-11-24 22:47:27', 'e18f93af-3bc9-4f05-936e-edd87a3c7f8a'),
	('ab405454-175d-4a0c-9bff-502107a33e0f', 0, 'training_shield', NULL, 0, '', 11, 1, 0, 0, 0, 0, 0, 50000, 50000, 0, 0, 0, 0, 0, 0, '2020-11-24 22:57:06', 'e1d3ad7f-02f9-4436-8c19-ae63b1236cf3'),
	('b0d1bbe4-55ee-457f-9b6d-a7ccf0b2433f', 0, 'Glowing_Veined_Stone', NULL, 0, 'unseelie underviewer', 63, 1, 0, 0, 0, 0, 0, 50000, 50000, 0, 0, 0, 0, 0, 0, '2020-11-26 21:06:45', 'e259b3b5-a4a7-47a2-9f47-c2af8164c9ec'),
	('c8bc16b1-49a1-49d6-b1e6-f8cac1c21e9a', 0, 'Faded_Robes_of_the_Risen', NULL, 0, 'decaying tomb raider', 43, 1, 0, 0, 0, 0, 0, 50000, 50000, 0, 0, 0, 0, 0, 0, '2020-11-26 22:58:47', 'e337447c-5024-448c-94aa-dbffcce608f0'),
	('a8ed5d46-1e72-4581-a1e8-1fee8bb5672b', 0, NULL, 'Unique625cf23a-7927-41b8-86b7-9d5e9a0dc9b3', 0, NULL, 11, 1, 0, 0, 43, 0, 0, 49995, 50000, 0, 0, 0, 0, 0, 0, '2020-11-27 05:40:36', 'e5aee079-6fb8-4420-8872-4e36601bbf6a'),
	('a8ed5d46-1e72-4581-a1e8-1fee8bb5672b', 0, NULL, 'Unique776a1c49-af0c-4f93-94b1-ee235f4b959b', 0, NULL, 25, 1, 0, 0, 16, 0, 5, 49992, 50000, 0, 0, 0, 0, 0, 0, '2020-11-27 05:10:33', 'e5e4b114-aa19-4338-b4cb-353894226928'),
	('0af9a999-8b94-4cfa-a269-6c5c0d6dc539', 0, 'Jeweled_Rigid_Boots', NULL, 0, 'silvermine sentry', 55, 1, 0, 0, 0, 0, 0, 50000, 50000, 0, 0, 0, 0, 0, 0, '2020-11-26 21:06:41', 'e626d736-487e-424a-ac64-bdced82fbabc'),
	('a8ed5d46-1e72-4581-a1e8-1fee8bb5672b', 0, 'DustyChronomancersRing', NULL, 0, NULL, 35, 1, 0, 0, 0, 0, 0, 50000, 50000, 0, 0, 0, 0, 0, 0, '2020-11-27 03:38:44', 'e67d614f-4df7-45ff-a4c8-74070e031926'),
	('b0d1bbe4-55ee-457f-9b6d-a7ccf0b2433f', 0, 'training_shield', NULL, 0, '', 11, 1, 0, 0, 0, 0, 0, 49999, 50000, 0, 0, 0, 0, 0, 0, '2020-11-26 21:10:03', 'e7526c6a-1a4c-4189-90cd-bcd216bec5d3'),
	('4e6a6400-e762-4626-bcec-ca0e9b29038e', 0, 'Bracer_of_Malevolence', NULL, 0, 'lair guard', 34, 1, 0, 0, 0, 0, 0, 50000, 50000, 0, 0, 0, 0, 0, 0, '2020-11-26 23:10:21', 'e88308ed-3b67-4bdf-b90e-9a46fbd5d8b6'),
	('56935216-4a0d-4b82-8bbd-0360b42da9e9', 0, 'Personal_Bind_Recall_Stone', NULL, 0, '', 40, 1, 0, 0, 0, 0, 1, 50000, 50000, 0, 0, 0, 0, 0, 0, '2020-11-26 20:00:30', 'e884ad8f-ad3c-4db6-86f9-c960836c7682'),
	('8fa4b5ae-31fb-46d3-a904-da0f80632bdc', 0, NULL, 'Unique_df901742-89eb-43ae-b06d-d4fb08b51dc2', 0, NULL, 12, 1, 0, 0, 43, 0, 0, 49828, 50000, 0, 0, 0, 10, 0, 0, '2020-11-27 05:43:43', 'e94a80f4-11ef-4c6c-bd33-55375ac8fafa'),
	('8d7ed510-df7a-41fb-991e-3c7d1e578416', 0, 'Jewel_Spiked_Boots', NULL, 0, 'collared gemgetter', 45, 1, 0, 0, 0, 0, 0, 50000, 50000, 0, 0, 0, 0, 0, 0, '2020-11-26 21:10:27', 'e9fcefb8-968f-4afd-9f25-22cf6c874bf6'),
	('c8bc16b1-49a1-49d6-b1e6-f8cac1c21e9a', 0, 'Personal_Bind_Recall_Stone', NULL, 0, '', 40, 1, 0, 0, 0, 0, 1, 50000, 50000, 0, 0, 0, 0, 0, 1151, '2020-11-27 00:16:45', 'eae97a68-2534-41e4-b162-b1014096ec7c'),
	('6791c867-0b4d-42c1-aec0-8f2d6507e17f', 0, 'Rawhide Slightly Torn Pants', NULL, 0, 'bandit recruiter', 27, 1, 0, 0, 1, 0, 0, 49990, 50000, 0, 0, 0, 0, 0, 0, '2020-11-26 18:46:29', 'ec2b6c16-d138-430e-90f8-f4e7aa5d6e8f'),
	('24d4994b-1df6-40b5-8942-fa8d5b666acb', 0, NULL, 'Sigil_Spelled_Mail_Crown#def664c9-f55e-4dad-85f4-84b689f478d5', 1, 'Mudpilex', 21, 1, 0, 0, 0, 0, 0, 50000, 50000, 0, 0, 0, 0, 0, 0, '2020-11-27 01:34:06', 'ece227e6-107c-4712-a646-7b73b01398e3'),
	('24d4994b-1df6-40b5-8942-fa8d5b666acb', 0, 'PublicAwarenessNecklace', NULL, 0, '', 29, 1, 0, 0, 0, 0, 0, 50000, 50000, 0, 0, 0, 0, 0, 0, '2020-11-27 01:38:43', 'ece3d672-dba0-46c2-8c7e-3de51c691772'),
	('a8ed5d46-1e72-4581-a1e8-1fee8bb5672b', 0, 'rawhide_roman_leather_sleeves', NULL, 0, '', 44, 1, 0, 0, 0, 0, 0, 50000, 50000, 0, 0, 0, 0, 0, 0, '2020-11-27 03:26:04', 'eceec137-f679-487d-90b4-beff1cd44293'),
	('8fa4b5ae-31fb-46d3-a904-da0f80632bdc', 0, 'bronze_studded_arms', NULL, 0, '', 46, 1, 0, 0, 0, 0, 0, 50000, 50000, 0, 0, 0, 0, 0, 0, '2020-11-27 01:38:06', 'ed9cec14-181b-4ff3-841a-87e7d83c2c11'),
	('bb62869a-62df-431c-963a-1f3364119fc2', 0, 'EmeraldSeal', NULL, 0, '', 78, 5, 0, 0, 0, 0, 0, 50000, 50000, 0, 0, 0, 0, 0, 0, '2020-11-26 18:59:54', 'eda8660d-ab90-415e-a919-9ecdc66ec0ab'),
	('f1f1a96f-5155-4856-8278-e40dd2ede148', 0, 'bronze_studded_vest', NULL, 0, '', 25, 1, 0, 0, 0, 0, 0, 50000, 50000, 0, 0, 0, 0, 0, 0, '2020-11-26 04:22:28', 'edc434df-fbc6-4a03-b433-154f0b82ac4e'),
	('1c6c7709-4aaa-4fe0-ad1f-e6436cec9377', 0, 'bronze_studded_arms', NULL, 0, '', 28, 1, 0, 0, 0, 0, 0, 50000, 50000, 0, 0, 0, 0, 0, 0, '2020-11-25 07:42:00', 'eea006a8-f6fa-420b-9b50-2265c15e4178'),
	('1c6c7709-4aaa-4fe0-ad1f-e6436cec9377', 0, 'bronze_studded_vest', NULL, 0, '', 25, 1, 0, 0, 0, 0, 0, 50000, 50000, 0, 0, 0, 0, 0, 0, '2020-11-25 07:42:00', 'eedc6597-7f3c-420a-b9d8-a3860b34e4dc'),
	('62619664-3bd5-4ff0-b487-9f4070a4c58e', 0, 'Starter_Cloak', NULL, 0, '', 41, 1, 0, 0, 0, 0, 0, 1, 1, 0, 0, 0, 0, 0, 0, '2020-11-26 16:36:45', 'eef9788d-6712-4d83-ae04-b5ef22f7e7bd'),
	('52945ac4-d886-4d6c-a259-df29dd158201', 0, 'Personal_Bind_Recall_Stone', NULL, 0, NULL, 40, 1, 0, 0, 0, 0, 1, 50000, 50000, 0, 0, 0, 0, 0, 0, '2020-11-24 22:45:22', 'eefa5532-736b-44a4-9b6e-6a599d672b4b'),
	('c46ed86b-2a83-4261-bca3-f17ed736b52c', 0, 'rawhide_roman_leather_sleeves', NULL, 0, '', 28, 1, 0, 0, 0, 0, 0, 50000, 50000, 0, 0, 0, 0, 0, 0, '2020-11-26 17:34:12', 'f0147af4-c0c2-4cdb-b0e8-42b9c23e9ca7'),
	('4637c4a3-acca-40b1-84c9-22dfaf5f0340', 0, 'EmeraldSeal', NULL, 0, NULL, 42, 13, 0, 0, 0, 0, 0, 50000, 50000, 0, 0, 0, 0, 0, 0, '2020-11-25 01:24:16', 'f0ea7dd4-7d1e-462b-9832-37fd4522855b'),
	('6791c867-0b4d-42c1-aec0-8f2d6507e17f', 0, 'Bronze_Torn_Boots_Alb', NULL, 0, 'bandit recruit', 23, 1, 0, 0, 0, 0, 0, 49999, 50000, 0, 0, 0, 0, 0, 0, '2020-11-26 18:43:52', 'f0fddd48-3633-416e-9fd9-fe399771ab97'),
	('80ae59ea-4613-4ddf-9dc3-ae7c11da7b98', 0, 'TheShoesBracer', NULL, 0, NULL, 33, 1, 0, 0, 0, 0, 0, 50000, 50000, 0, 0, 0, 0, 0, 0, '2020-11-26 21:01:58', 'f132bced-e2e3-491c-87de-f6f880d0264b'),
	('9fd2d238-73da-40a5-be40-4fe3404b6f1e', 0, 'Starter_Cloak', NULL, 0, NULL, 26, 1, 0, 0, 0, 0, 0, 1, 1, 0, 0, 0, 0, 0, 0, '2020-11-26 21:20:03', 'f164e320-c393-4d43-9832-d27647355624'),
	('52945ac4-d886-4d6c-a259-df29dd158201', 0, 'woolen_cloth_arms', NULL, 0, NULL, 28, 1, 0, 0, 0, 0, 0, 50000, 50000, 0, 0, 0, 0, 0, 0, '2020-11-24 22:45:22', 'f17b24a4-8391-49ee-b1f5-42d95ad7d217'),
	('5321acd6-ce18-4773-aade-0b308ab49e23', 0, 'woolen_cloth_vest', NULL, 0, '', 25, 1, 0, 0, 0, 0, 0, 50000, 50000, 0, 0, 0, 0, 0, 0, '2020-11-25 07:51:30', 'f1f3e22f-bd59-4923-a126-9028dc6ad867'),
	('0af9a999-8b94-4cfa-a269-6c5c0d6dc539', 0, 'Jewel_Dusted_Boots', NULL, 0, 'silvermine sentry', 53, 1, 0, 0, 0, 0, 0, 50000, 50000, 0, 0, 0, 0, 0, 0, '2020-11-26 21:04:03', 'f218afc5-e4a0-4b71-ac40-e11ac0f7b375'),
	('2737e7a5-fd3c-44db-ba68-a45acd08fea1', 0, 'BPFull_Buffs_Token', NULL, 0, NULL, 42, 1, 0, 0, 0, 0, 0, 1, 1, 0, 0, 0, 0, 0, 0, '2020-11-26 07:24:58', 'f2c26065-8378-4198-8273-fff4f4c5bb35'),
	('51eca924-c1a6-455b-bef2-81291fa11abd', 0, NULL, 'Unique1414886f-0816-4ff7-965a-204e48b088c3', 0, '', 22, 1, 0, 0, 16, 0, 5, 50000, 50000, 0, 0, 0, 0, 0, 0, '2020-11-27 01:40:15', 'f37cad14-c3fa-42de-9f05-1b88b9c252f6'),
	('28779d4b-1012-4f5e-80d6-f5e65c886895', 0, 'rawhide_roman_leather_leggings', NULL, 0, NULL, 27, 1, 0, 0, 0, 0, 0, 50000, 50000, 0, 0, 0, 0, 0, 0, '2020-11-24 22:44:48', 'f3ac87d0-301e-4785-82cf-3b4f20d0c451'),
	('13559b1b-6717-44a3-882b-896971453a26', 0, 'broken_dragonsworn_armors', NULL, 0, '', 45, 500, 0, 0, 0, 0, 0, 50000, 50000, 0, 0, 0, 0, 0, 0, '2020-11-27 01:40:18', 'f3b9b1ba-bae3-45e6-875b-ca261855f182'),
	('8fa4b5ae-31fb-46d3-a904-da0f80632bdc', 0, 'SapphireSeal', NULL, 0, NULL, 63, 9, 0, 0, 0, 0, 0, 50000, 50000, 0, 0, 0, 0, 0, 0, '2020-11-27 03:30:25', 'f47b351f-7b6f-49d5-ba33-c2793178fa9e'),
	('8fa4b5ae-31fb-46d3-a904-da0f80632bdc', 0, 'ld_linen_barely_torn_cap', NULL, 0, 'skeletal pawn', 48, 1, 0, 0, 2, 0, 0, 50000, 50000, 0, 0, 0, 0, 0, 0, '2020-11-27 01:38:07', 'f49a99ee-883e-4fa0-93eb-6aebee42b8c1'),
	('1183687b-926b-4462-aef1-1386cb65932a', 0, 'woolen_cloth_vest', NULL, 0, '', 25, 1, 0, 0, 0, 0, 0, 49996, 50000, 0, 0, 0, 0, 0, 0, '2020-11-26 17:26:31', 'f5065dfd-26e4-4761-a06b-4880ff0a3e77'),
	('51eca924-c1a6-455b-bef2-81291fa11abd', 0, '0_Demon_Bound_Bracelet', NULL, 0, 'rocot', 67, 1, 0, 0, 0, 0, 0, 50000, 50000, 0, 0, 0, 10, 0, 0, '2020-11-27 02:17:39', 'f50c9eb1-12b8-4873-9212-4d090cd50e7a'),
	('3b9667d3-9834-499b-a213-c6a6982cae84', 0, 'Personal_Bind_Recall_Stone', NULL, 0, '', 40, 1, 0, 0, 0, 0, 1, 50000, 50000, 0, 0, 0, 0, 0, 0, '2020-11-26 17:23:20', 'f5369a9d-f69b-49ff-8e6c-0478c3391c3e'),
	('4637c4a3-acca-40b1-84c9-22dfaf5f0340', 0, 'molvik_leather_helm_hib', NULL, 0, '', 49, 1, 0, 0, 73, 0, 0, 49995, 50000, 0, 0, 0, 0, 0, 0, '2020-11-27 02:22:45', 'f6451b12-274b-4155-a659-419dea2e1d2c'),
	('6791c867-0b4d-42c1-aec0-8f2d6507e17f', 0, 'bronze_studded_gauntlets', NULL, 0, '', 22, 1, 0, 0, 0, 0, 0, 49999, 50000, 0, 0, 0, 0, 0, 0, '2020-11-26 18:33:36', 'f6aab675-39a3-40a7-a7fd-7569fbd6ca98'),
	('8fa4b5ae-31fb-46d3-a904-da0f80632bdc', 0, 'NysyksNecklaceofNiceties', NULL, 0, NULL, 29, 1, 0, 0, 0, 0, 0, 50000, 50000, 0, 0, 0, 0, 0, 0, '2020-11-27 03:37:39', 'f706dcf2-f2b0-4a02-8de5-a1f22aec0cf2'),
	('4637c4a3-acca-40b1-84c9-22dfaf5f0340', 0, 'Ancient_Crushed_Focus_Stone', NULL, 0, NULL, 45, 1, 0, 0, 0, 0, 0, 50000, 50000, 0, 0, 0, 0, 0, 0, '2020-11-27 04:00:31', 'f851658c-4356-4801-9473-ca0a416a40d3'),
	('bb62869a-62df-431c-963a-1f3364119fc2', 0, 'Tomte_Necklace_of_Agitation', NULL, 0, 'lair guard', 29, 1, 0, 0, 0, 0, 0, 50000, 50000, 0, 0, 0, 0, 0, 0, '2020-11-26 18:55:26', 'f8f31fda-898a-4fe6-aa5d-6b759fa0365c'),
	('c8bc16b1-49a1-49d6-b1e6-f8cac1c21e9a', 0, 'molvik_leather_boots', NULL, 0, '', 23, 1, 0, 0, 73, 0, 0, 50000, 50000, 0, 0, 0, 0, 0, 0, '2020-11-26 22:35:40', 'f9257e17-2d3f-4ef2-a2cb-9cbd3def2a7a'),
	('4637c4a3-acca-40b1-84c9-22dfaf5f0340', 0, 'molvik_leather_arms', NULL, 0, '', 51, 1, 0, 0, 73, 0, 0, 49970, 50000, 0, 0, 0, 0, 0, 0, '2020-11-27 02:22:48', 'f9bbea0b-ffa3-4eb1-9dd5-1fab9cd4fe11'),
	('4e6a6400-e762-4626-bcec-ca0e9b29038e', 0, NULL, 'Uniquec2d8db44-8c86-42db-9d31-fb5c90c907d9', 0, '', 25, 1, 0, 0, 48, 0, 5, 50000, 50000, 0, 0, 0, 0, 0, 0, '2020-11-26 23:10:21', 'f9dc048c-cc1e-4c57-a9ce-bd115bb601c1'),
	('51eca924-c1a6-455b-bef2-81291fa11abd', 0, 'Bracer_of_the_Paranoid', NULL, 0, 'mummy hag', 59, 1, 0, 0, 0, 0, 0, 50000, 50000, 0, 0, 0, 0, 0, 0, '2020-11-27 01:52:45', 'fa4097cf-a9f2-4acc-9fd4-acb169c17f72'),
	('642d135a-2b33-4114-8a27-33cea066fdfb', 0, NULL, 'Unique_01d57f24-a663-46bd-aedd-0ab91bd70090', 0, '', 21, 1, 0, 0, 73, 0, 0, 49999, 50000, 0, 0, 0, 0, 0, 0, '2020-11-27 04:00:27', 'fa5acfdc-c871-4622-b970-34d439b68c70'),
	('8fa4b5ae-31fb-46d3-a904-da0f80632bdc', 0, 'bronze_studded_boots', NULL, 0, '', 41, 1, 0, 0, 0, 0, 0, 50000, 50000, 0, 0, 0, 0, 0, 0, '2020-11-27 01:38:07', 'fa687ae4-775f-4f87-8423-7e305b18b9c1'),
	('a8ed5d46-1e72-4581-a1e8-1fee8bb5672b', 0, NULL, 'Unique368de243-e4d0-4bce-a233-ec2a5be2ec9f', 0, NULL, 28, 1, 0, 0, 16, 0, 5, 50000, 50000, 0, 0, 0, 0, 0, 0, '2020-11-27 03:33:34', 'fa6d4918-a9a8-4fba-85e8-be9df611e530'),
	('520b9710-10b7-42c3-9d2d-b32e47b9e741', 0, 'training_sword_mid', NULL, 0, '', 10, 1, 0, 0, 0, 0, 0, 50000, 50000, 0, 0, 0, 0, 0, 0, '2020-11-26 17:29:29', 'fab7b2bf-392b-4bc7-9f42-2da679a6957e'),
	('3b9667d3-9834-499b-a213-c6a6982cae84', 0, 'rawhide_roman_leather_boots', NULL, 0, '', 23, 1, 0, 0, 0, 0, 0, 50000, 50000, 0, 0, 0, 0, 0, 0, '2020-11-26 17:23:21', 'fb5712e1-501f-4fcf-83d7-faae42f236e1'),
	('9fd2d238-73da-40a5-be40-4fe3404b6f1e', 0, 'bronze_studded_gauntlets', NULL, 0, '', 22, 1, 0, 0, 0, 0, 0, 50000, 50000, 0, 0, 0, 0, 0, 0, '2020-11-26 20:40:01', 'fb7b232b-d62d-4517-9c79-20dc87a27472'),
	('9fd2d238-73da-40a5-be40-4fe3404b6f1e', 0, 'bronze_studded_vest', NULL, 0, '', 25, 1, 0, 0, 0, 0, 0, 50000, 50000, 0, 0, 0, 0, 0, 0, '2020-11-26 20:40:01', 'fba0e9e8-bc76-4cc4-b0ac-7387ea35dbfc'),
	('c8bc16b1-49a1-49d6-b1e6-f8cac1c21e9a', 0, 'Leggings_of_Dissolution', NULL, 0, 'soul harvester', 47, 1, 0, 0, 0, 0, 5, 50000, 50000, 0, 0, 0, 0, 0, 0, '2020-11-26 23:48:13', 'fc089a02-a162-4a22-831f-446d817b36f3'),
	('8d7ed510-df7a-41fb-991e-3c7d1e578416', 0, 'Mind_Walkers_Staff', NULL, 0, 'collared gemgetter', 52, 1, 0, 0, 0, 0, 0, 50000, 50000, 0, 0, 0, 0, 0, 0, '2020-11-26 20:59:08', 'fc3931eb-bbbf-4ed3-ac35-1f25d4fab6a9'),
	('4e6a6400-e762-4626-bcec-ca0e9b29038e', 0, NULL, 'Uniquecffd3958-a70e-43ac-b3b6-273705ce11eb', 0, '', 23, 1, 0, 0, 16, 0, 5, 50000, 50000, 0, 0, 0, 0, 0, 0, '2020-11-26 23:10:21', 'fc565bdc-4c12-4319-838a-98e7c53dfe9b'),
	('642d135a-2b33-4114-8a27-33cea066fdfb', 0, 'molvik_chain_boots_hib', NULL, 0, '', 23, 1, 0, 0, 73, 0, 0, 50000, 50000, 0, 0, 0, 0, 0, 0, '2020-11-27 01:55:31', 'fd17cfe2-42dc-480b-bbe5-1ab7af9bcafa'),
	('8fa4b5ae-31fb-46d3-a904-da0f80632bdc', 0, 'onyx_gem', NULL, 0, 'skeletal pawn', 43, 1, 0, 0, 0, 0, 0, 50000, 50000, 0, 0, 0, 0, 0, 0, '2020-11-27 01:38:07', 'fd1d403a-40ab-4003-8149-cc695654f520'),
	('8d7ed510-df7a-41fb-991e-3c7d1e578416', 0, 'Jewel_Spiked_Sleeves', NULL, 0, 'collared gemgetter', 47, 1, 0, 0, 0, 0, 4, 50000, 50000, 0, 0, 0, 0, 0, 0, '2020-11-26 21:10:23', 'fd85db87-9c8d-4cfb-bc3a-bb0f76c75a7f'),
	('2737e7a5-fd3c-44db-ba68-a45acd08fea1', 0, 'Personal_Bind_Recall_Stone', NULL, 0, '', 40, 1, 0, 0, 0, 0, 1, 50000, 50000, 0, 0, 0, 0, 0, 0, '2020-11-27 15:20:37', 'fd8e3b8f-35ce-4e50-8ece-99a5c470c40d'),
	('cbf9ff31-1201-4cba-b6aa-061e575a0812', 0, 'molvik_cloth_gloves', NULL, 0, '', 22, 1, 0, 0, 73, 0, 0, 50000, 50000, 0, 0, 0, 0, 0, 0, '2020-11-27 03:00:23', 'fd9e6627-55e8-40e5-9bef-1fd2671aaa93'),
	('24d4994b-1df6-40b5-8942-fa8d5b666acb', 0, 'TheShoesBracer', NULL, 0, '', 33, 1, 0, 0, 0, 0, 0, 50000, 50000, 0, 0, 0, 0, 0, 0, '2020-11-27 01:38:43', 'fe7d68a2-c476-4e00-bc88-c4cd46de356b'),
	('8fa4b5ae-31fb-46d3-a904-da0f80632bdc', 0, NULL, 'Uniquec2d63f64-c3c4-4903-a349-349751ac3aa2', 0, NULL, 11, 1, 0, 0, 43, 0, 0, 50000, 50000, 0, 0, 0, 0, 0, 0, '2020-11-27 03:30:05', 'fece7950-c5cd-4fbc-8ff3-88fe88bc88cd'),
	('0af9a999-8b94-4cfa-a269-6c5c0d6dc539', 0, 'Jewel_Spiked_Leggings', NULL, 0, 'collared gemgetter', 63, 1, 0, 0, 0, 0, 0, 50000, 50000, 0, 0, 0, 0, 0, 0, '2020-11-26 21:14:35', 'fee23643-d1d0-42c1-bd76-47ee2bc4f078'),
	('b0d1bbe4-55ee-457f-9b6d-a7ccf0b2433f', 0, 'Jeweled_Rigid_Boots', NULL, 0, 'silvermine sentry', 69, 1, 0, 0, 0, 0, 0, 50000, 50000, 0, 0, 0, 0, 0, 0, '2020-11-26 21:08:13', 'ff3524c3-f667-443a-bcb0-889dd20d341f'),
	('c8bc16b1-49a1-49d6-b1e6-f8cac1c21e9a', 0, 'SOFG_Melee', NULL, 0, '', 12, 1, 0, 515170950, 0, 0, 0, 49980, 50000, 0, 0, 0, 0, 0, 0, '2020-11-27 00:16:45', 'gg7d9kfkxkfj-99dfk-dfjd3-zxvvc-dfererez'),
	('24d4994b-1df6-40b5-8942-fa8d5b666acb', 0, 'Ring_of_Unyielding_Will', NULL, 0, '', 36, 1, 0, 0, 0, 0, 0, 50000, 50000, 0, 0, 0, 0, 0, 0, '2020-11-27 01:51:59', 'zz98ds9xhz-dkfjsk390sd-ckxckjkds-zzew');
/*!40000 ALTER TABLE `inventory` ENABLE KEYS */;

-- Dumping structure for table soidaoc.itemunique
DROP TABLE IF EXISTS `itemunique`;
CREATE TABLE IF NOT EXISTS `itemunique` (
  `Id_nb` varchar(255) NOT NULL,
  `TranslationId` text DEFAULT NULL,
  `Name` text NOT NULL,
  `ExamineArticle` text DEFAULT NULL,
  `MessageArticle` text DEFAULT NULL,
  `Level` int(11) NOT NULL DEFAULT 0,
  `Durability` int(11) DEFAULT NULL,
  `MaxDurability` int(11) DEFAULT NULL,
  `IsNotLosingDur` tinyint(1) DEFAULT NULL,
  `Condition` int(11) DEFAULT NULL,
  `MaxCondition` int(11) DEFAULT NULL,
  `Quality` int(11) DEFAULT NULL,
  `DPS_AF` int(11) DEFAULT NULL,
  `SPD_ABS` int(11) DEFAULT NULL,
  `Hand` int(11) DEFAULT NULL,
  `Type_Damage` int(11) DEFAULT NULL,
  `Object_Type` int(11) DEFAULT NULL,
  `Item_Type` int(11) DEFAULT NULL,
  `Color` int(11) DEFAULT NULL,
  `Emblem` int(11) DEFAULT NULL,
  `Effect` int(11) DEFAULT NULL,
  `Weight` int(11) DEFAULT NULL,
  `Model` int(11) NOT NULL DEFAULT 0,
  `Extension` tinyint(3) unsigned DEFAULT NULL,
  `Bonus` int(11) DEFAULT NULL,
  `Bonus1` int(11) DEFAULT NULL,
  `Bonus2` int(11) DEFAULT NULL,
  `Bonus3` int(11) DEFAULT NULL,
  `Bonus4` int(11) DEFAULT NULL,
  `Bonus5` int(11) DEFAULT NULL,
  `Bonus6` int(11) DEFAULT NULL,
  `Bonus7` int(11) DEFAULT NULL,
  `Bonus8` int(11) DEFAULT NULL,
  `Bonus9` int(11) DEFAULT NULL,
  `Bonus10` int(11) DEFAULT NULL,
  `ExtraBonus` int(11) DEFAULT NULL,
  `Bonus1Type` int(11) DEFAULT NULL,
  `Bonus2Type` int(11) DEFAULT NULL,
  `Bonus3Type` int(11) DEFAULT NULL,
  `Bonus4Type` int(11) DEFAULT NULL,
  `Bonus5Type` int(11) DEFAULT NULL,
  `Bonus6Type` int(11) DEFAULT NULL,
  `Bonus7Type` int(11) DEFAULT NULL,
  `Bonus8Type` int(11) DEFAULT NULL,
  `Bonus9Type` int(11) DEFAULT NULL,
  `Bonus10Type` int(11) DEFAULT NULL,
  `ExtraBonusType` int(11) DEFAULT NULL,
  `CanUseEvery` int(11) NOT NULL DEFAULT 0,
  `SpellID` int(11) DEFAULT NULL,
  `Charges` int(11) DEFAULT NULL,
  `MaxCharges` int(11) DEFAULT NULL,
  `SpellID1` int(11) DEFAULT NULL,
  `Charges1` int(11) DEFAULT NULL,
  `MaxCharges1` int(11) DEFAULT NULL,
  `ProcChance` tinyint(3) unsigned DEFAULT NULL,
  `ProcSpellID` int(11) DEFAULT NULL,
  `ProcSpellID1` int(11) DEFAULT NULL,
  `PoisonSpellID` int(11) DEFAULT NULL,
  `PoisonCharges` int(11) DEFAULT NULL,
  `PoisonMaxCharges` int(11) DEFAULT NULL,
  `IsPickable` tinyint(1) DEFAULT NULL,
  `IsDropable` tinyint(1) DEFAULT NULL,
  `CanDropAsLoot` tinyint(1) DEFAULT NULL,
  `IsTradable` tinyint(1) DEFAULT NULL,
  `Price` bigint(20) DEFAULT NULL,
  `MaxCount` int(11) DEFAULT NULL,
  `IsIndestructible` tinyint(1) DEFAULT NULL,
  `PackSize` int(11) DEFAULT NULL,
  `Realm` int(11) DEFAULT NULL,
  `AllowedClasses` text NOT NULL,
  `Flags` int(11) DEFAULT NULL,
  `BonusLevel` int(11) DEFAULT NULL,
  `LevelRequirement` int(11) DEFAULT NULL,
  `PackageID` text DEFAULT NULL,
  `Description` text DEFAULT NULL,
  `ClassType` varchar(255) DEFAULT NULL,
  `SalvageYieldID` int(11) DEFAULT NULL,
  `LastTimeRowUpdated` datetime NOT NULL DEFAULT '2000-01-01 00:00:00',
  `ItemUnique_ID` varchar(255) DEFAULT NULL,
  PRIMARY KEY (`Id_nb`),
  UNIQUE KEY `U_ItemUnique_ItemUnique_ID` (`ItemUnique_ID`)
) ENGINE=InnoDB DEFAULT CHARSET=utf8;

-- Dumping data for table soidaoc.itemunique: ~41 rows (approximately)
DELETE FROM `itemunique`;
/*!40000 ALTER TABLE `itemunique` DISABLE KEYS */;
INSERT INTO `itemunique` (`Id_nb`, `TranslationId`, `Name`, `ExamineArticle`, `MessageArticle`, `Level`, `Durability`, `MaxDurability`, `IsNotLosingDur`, `Condition`, `MaxCondition`, `Quality`, `DPS_AF`, `SPD_ABS`, `Hand`, `Type_Damage`, `Object_Type`, `Item_Type`, `Color`, `Emblem`, `Effect`, `Weight`, `Model`, `Extension`, `Bonus`, `Bonus1`, `Bonus2`, `Bonus3`, `Bonus4`, `Bonus5`, `Bonus6`, `Bonus7`, `Bonus8`, `Bonus9`, `Bonus10`, `ExtraBonus`, `Bonus1Type`, `Bonus2Type`, `Bonus3Type`, `Bonus4Type`, `Bonus5Type`, `Bonus6Type`, `Bonus7Type`, `Bonus8Type`, `Bonus9Type`, `Bonus10Type`, `ExtraBonusType`, `CanUseEvery`, `SpellID`, `Charges`, `MaxCharges`, `SpellID1`, `Charges1`, `MaxCharges1`, `ProcChance`, `ProcSpellID`, `ProcSpellID1`, `PoisonSpellID`, `PoisonCharges`, `PoisonMaxCharges`, `IsPickable`, `IsDropable`, `CanDropAsLoot`, `IsTradable`, `Price`, `MaxCount`, `IsIndestructible`, `PackSize`, `Realm`, `AllowedClasses`, `Flags`, `BonusLevel`, `LevelRequirement`, `PackageID`, `Description`, `ClassType`, `SalvageYieldID`, `LastTimeRowUpdated`, `ItemUnique_ID`) VALUES
	('23d99f9c-ae20-41f4-a64e-bba7ef095bf7', '', 'Molvik Greatsword', '', '', 39, 50000, 50000, 0, 50000, 50000, 99, 135, 45, 0, 2, 22, 12, 43, 0, 24, 13, 3818, 0, 15, 2, 10, 6, 4, 0, 0, 0, 0, 0, 0, 0, 164, 4, 1, 204, 0, 0, 0, 0, 0, 0, 0, 0, 0, 0, 0, 0, 0, 0, 10, 900015, 0, 0, 0, 0, 1, 1, 0, 1, 55, 1, 0, 1, 3, '0', 0, 22, 1, '', '', '', 0, '2020-11-27 04:48:26', 'Unique625d4bc4-63df-4e4e-956a-b9dd2e7dbaae'),
	('450aeaaa-e0a7-416f-acaa-668cdc7a66af', '', 'Dragonslayer Warden Blade', '', '', 51, 50000, 50000, 0, 50000, 50000, 100, 165, 42, 0, 2, 19, 10, 43, 0, 4, 25, 3895, 0, 35, 4, 3, 3, 3, 5, 5, 5, 0, 0, 0, 0, 72, 173, 191, 200, 201, 202, 195, 0, 0, 0, 0, 0, 32178, 100, 100, 32187, 100, 100, 0, 0, 0, 0, 0, 0, 1, 1, 1, 0, 2500, 1, 0, 1, 0, '0', 0, 0, 0, 'dolpubdb', '', '', 0, '2020-11-27 05:40:36', 'Unique42829de8-d398-41f0-a228-e84a90f03f3c'),
	('DragonslayerNightshadeSteel#e1266bb6-eff2-4c2e-82d6-acb0d4600e4c', '', 'Dragonslayer Nightshade Steel', '', '', 51, 50000, 50000, 0, 50000, 50000, 100, 165, 34, 2, 3, 21, 11, 0, 0, 0, 25, 3898, 0, 35, 4, 9, 7, 4, 4, 5, 6, 0, 0, 0, 0, 81, 2, 1, 173, 200, 201, 202, 0, 0, 0, 0, 0, 0, 0, 0, 0, 0, 0, 0, 32210, 32177, 0, 0, 0, 1, 1, 1, 0, 2500, 1, 0, 1, 0, '0', 0, 0, 0, 'dolpubdb', '', '', 0, '2020-11-27 05:10:32', '559e1fb3-cb07-49dd-a5c1-cb83043241af'),
	('Dragonsworn_Enchanted_Mail_Hauberk#71b14aaf-30c7-43ac-be87-b60bb348e274', '', 'Enchanted Dragonsworn Mail Hauberk', '', '', 51, 50000, 50000, 0, 50000, 50000, 98, 102, 27, 0, 0, 35, 25, 0, 0, 0, 24, 3763, 0, 0, 0, 0, 0, 0, 0, 0, 0, 0, 0, 0, 2, 0, 0, 0, 0, 0, 0, 0, 0, 0, 0, 173, 0, 0, 0, 0, 0, 0, 0, 0, 0, 0, 0, 0, 0, 1, 1, 0, 1, 6039666, 1, 0, 1, 1, '0', 0, 0, 0, 'Public_DB', '', '', 0, '2020-11-27 01:38:43', 'Dragonsworn_Enchanted_Mail_Hauberk#71b14aaf-30c7-43ac-be87-b60bb348e274'),
	('f8c5dd42-9784-444b-bd52-3b7d7b6f9c07', '', 'Dragonslayer Bonedancer Staff', '', '', 51, 50000, 50000, 0, 50000, 50000, 100, 165, 50, 1, 1, 8, 12, 54, 0, 90, 25, 3928, 0, 35, 2, 5, 6, 50, 4, 6, 6, 4, 0, 0, 0, 163, 196, 211, 165, 191, 202, 209, 198, 0, 0, 0, 0, 32175, 100, 100, 32182, 100, 100, 0, 0, 0, 0, 0, 0, 1, 1, 1, 0, 2500, 1, 0, 1, 0, '0', 0, 0, 0, 'dolpubdb', '', '', 0, '2020-11-26 23:10:21', 'f8c5dd42-9784-444b-bd52-3b7d7b6f9c07'),
	('NightshadeDragonslayerFuarSteel#ebfa186f-2d69-40b4-8a61-51bb62f6dc05', '', 'Nightshade Dragonslayer Fuar Steel', '', '', 51, 50000, 50000, 0, 50000, 50000, 100, 165, 42, 0, 3, 21, 10, 0, 0, 0, 25, 3899, 0, 35, 4, 7, 9, 4, 4, 5, 6, 0, 0, 0, 0, 164, 1, 2, 173, 200, 201, 202, 0, 0, 0, 0, 0, 0, 0, 0, 0, 0, 0, 0, 32124, 32177, 0, 0, 0, 1, 1, 1, 0, 2500, 1, 0, 1, 0, '0', 0, 0, 0, 'dolpubdb', '', '', 0, '2020-11-27 05:10:32', '29787152-e2f1-4dff-bab5-fb8c518a12d7'),
	('Sigil_Enchanted_Mail_Boots#c3c42dbc-ad7a-468c-a2e5-8e0a32ad0d01', '', 'Sigil Enchanted Mail Boots', '', '', 51, 50000, 50000, 0, 50000, 50000, 98, 102, 27, 0, 0, 35, 23, 0, 0, 0, 12, 1812, 0, 0, 0, 0, 0, 0, 0, 0, 0, 0, 0, 0, 10, 0, 0, 0, 0, 0, 0, 0, 0, 0, 0, 148, 0, 0, 0, 0, 0, 0, 0, 0, 0, 0, 0, 0, 0, 1, 1, 0, 1, 1333498, 1, 0, 1, 1, '0', 0, 0, 0, 'Public_DB', '', '', 0, '2020-11-27 01:36:54', 'bc414942-4c47-44cf-b9a2-9929994607e7'),
	('Sigil_Enchanted_Mail_Gloves#413d9441-3cbd-4b32-b538-2b8c97dcb8bc', '', 'Sigil Enchanted Mail Gloves', '', '', 51, 50000, 50000, 0, 50000, 50000, 99, 102, 27, 0, 0, 35, 22, 0, 0, 0, 12, 1814, 0, 0, 0, 0, 0, 0, 0, 0, 0, 0, 0, 0, 5, 0, 0, 0, 0, 0, 0, 0, 0, 0, 0, 202, 0, 0, 0, 0, 0, 0, 0, 0, 0, 0, 0, 0, 0, 1, 1, 0, 1, 1333498, 1, 0, 1, 1, '0', 0, 0, 0, 'Public_DB', '', '', 0, '2020-11-27 01:35:31', '5ef2715e-440f-4dd7-9503-48723f8162a7'),
	('Sigil_Enchanted_Mail_Leggings#42ec4662-86a3-41e8-b26b-b5bc2ddbb31e', '', 'Sigil Enchanted Mail Leggings', '', '', 51, 50000, 50000, 0, 50000, 50000, 98, 102, 27, 0, 0, 35, 27, 0, 0, 0, 12, 1815, 0, 0, 0, 0, 0, 0, 0, 0, 0, 0, 0, 0, 5, 0, 0, 0, 0, 0, 0, 0, 0, 0, 0, 201, 0, 0, 0, 0, 0, 0, 0, 0, 0, 0, 0, 0, 0, 1, 1, 0, 1, 3686138, 1, 0, 1, 1, '0', 0, 0, 0, 'Public_DB', '', '', 0, '2020-11-27 01:36:29', '57d1a99b-0bc9-494e-a83a-327314b9a7b2'),
	('Sigil_Enchanted_Mail_Sleeves#f528ac2c-0a36-496e-9198-b11e48b76b2e', '', 'Sigil Enchanted Mail Sleeves', '', '', 51, 50000, 50000, 0, 50000, 50000, 99, 102, 27, 0, 0, 35, 28, 0, 0, 0, 12, 1808, 0, 0, 0, 0, 0, 0, 0, 0, 0, 0, 0, 0, 40, 0, 0, 0, 0, 0, 0, 0, 0, 0, 0, 210, 0, 0, 0, 0, 0, 0, 0, 0, 0, 0, 0, 0, 0, 1, 1, 0, 1, 2361388, 1, 0, 1, 1, '0', 0, 0, 0, 'Public_DB', '', '', 0, '2020-11-27 01:35:03', 'c3b6f4ca-9628-4f99-ab48-ea401622753d'),
	('Sigil_Spelled_Mail_Crown#def664c9-f55e-4dad-85f4-84b689f478d5', '', 'Sigil Spelled Mail Crown', '', '', 51, 50000, 50000, 0, 50000, 50000, 99, 102, 27, 0, 0, 35, 21, 0, 0, 0, 12, 511, 0, 0, 0, 0, 0, 0, 0, 0, 0, 0, 0, 0, 5, 0, 0, 0, 0, 0, 0, 0, 0, 0, 0, 204, 0, 0, 0, 0, 0, 0, 0, 0, 0, 0, 0, 0, 0, 1, 1, 0, 1, 3686138, 1, 0, 1, 1, '0', 0, 0, 0, 'Public_DB', '', '', 0, '2020-11-27 01:34:06', 'bdd937df-a81a-4130-881c-4a5f76ba256f'),
	('tempered_dragonsworn_blade_whipAlb#c7e896cf-0c58-40c7-8143-7b9ea64ebd83', '', 'tempered dragonsworn bladed whip', '', '', 48, 50000, 50000, 0, 50000, 50000, 97, 165, 30, 0, 2, 24, 10, 0, 0, 0, 25, 3814, 0, 0, 5, 19, 19, 4, 0, 0, 0, 0, 0, 0, 0, 201, 1, 2, 43, 0, 0, 0, 0, 0, 0, 0, 0, 0, 0, 0, 0, 0, 0, 0, 0, 0, 0, 0, 0, 1, 1, 1, 1, 1200000, 1, 0, 1, 1, '19;33', 0, 30, 50, 'Public_DB', '', '', 0, '2020-11-27 01:38:43', 'tempered_dragonsworn_blade_whipAlb#c7e896cf-0c58-40c7-8143-7b9ea64ebd83'),
	('Unique077dbceb-cd11-4e44-83da-d68c0b0e91c7', '', 'Dragonslayer Dirge Cailiocht Full Helm', '', '', 51, 50000, 50000, 0, 50000, 50000, 100, 102, 19, 0, 0, 37, 21, 16, 0, 0, 0, 4062, 0, 35, 22, 6, 6, 40, 6, 40, 5, 0, 0, 0, 0, 3, 16, 11, 10, 14, 210, 148, 0, 0, 0, 0, 0, 0, 0, 0, 0, 0, 0, 0, 31001, 40006, 0, 0, 0, 1, 1, 1, 1, 0, 1, 0, 1, 0, '0', 0, 0, 0, '', 'Non Public', '', 0, '2020-11-27 01:40:15', 'Unique077dbceb-cd11-4e44-83da-d68c0b0e91c7'),
	('Unique0887835f-ac26-407e-b76b-a929c2ed279e', '', 'Dragonslayer Osnadurtha Hauberk', '', '', 51, 50000, 50000, 0, 50000, 50000, 100, 102, 27, 0, 0, 38, 25, 16, 0, 0, 48, 4089, 5, 35, 22, 22, 5, 5, 5, 2, 5, 5, 0, 0, 0, 4, 1, 12, 15, 18, 155, 201, 203, 0, 0, 0, 0, 0, 0, 0, 0, 0, 0, 0, 31001, 40006, 0, 0, 0, 1, 1, 1, 1, 0, 1, 0, 1, 0, '0', 0, 34, 50, '', 'Non Public', '', 0, '2020-11-27 05:14:49', 'Unique0887835f-ac26-407e-b76b-a929c2ed279e'),
	('Unique097d1ef6-216f-4522-ac56-a2290a595650', '', 'Dragonslayer Osnadurtha Boots', '', '', 51, 50000, 50000, 0, 50000, 50000, 100, 102, 27, 0, 0, 38, 23, 16, 0, 0, 32, 4093, 5, 35, 18, 18, 6, 6, 6, 6, 0, 0, 0, 0, 0, 1, 3, 13, 17, 19, 194, 0, 0, 0, 0, 0, 0, 0, 0, 0, 0, 0, 0, 0, 31001, 40006, 0, 0, 0, 1, 1, 1, 1, 0, 1, 0, 1, 0, '0', 0, 37, 50, '', 'Non Public', '', 0, '2020-11-27 03:50:26', 'Unique097d1ef6-216f-4522-ac56-a2290a595650'),
	('Unique0c2a2127-8981-494e-bf75-bc34587cbd32', '', 'Dragonslayer Padded Sleeves', '', '', 51, 50000, 50000, 0, 50000, 50000, 100, 51, 0, 0, 0, 32, 28, 16, 0, 0, 8, 4048, 5, 35, 5, 5, 40, 5, 22, 1, 5, 0, 0, 0, 0, 12, 18, 10, 15, 156, 191, 209, 0, 0, 0, 0, 0, 0, 0, 0, 0, 0, 0, 0, 31001, 40006, 0, 0, 0, 1, 1, 1, 1, 0, 1, 0, 1, 0, '0', 0, 34, 50, '', 'Non Public', '', 0, '2020-11-26 23:10:21', 'Unique0c2a2127-8981-494e-bf75-bc34587cbd32'),
	('Unique12ec0c04-eb40-48b0-87f9-a2babb6496c3', '', 'Dragonslayer Padded Gloves', '', '', 51, 50000, 50000, 0, 50000, 50000, 100, 51, 0, 0, 0, 32, 22, 48, 0, 0, 8, 4049, 5, 35, 5, 5, 40, 5, 3, 40, 6, 0, 0, 0, 0, 12, 18, 10, 15, 163, 210, 196, 0, 0, 0, 0, 0, 0, 0, 0, 0, 0, 0, 0, 31001, 40006, 0, 0, 0, 1, 1, 1, 1, 0, 1, 0, 1, 0, '0', 0, 38, 50, '', 'Non Public', '', 0, '2020-11-26 23:10:20', 'Unique12ec0c04-eb40-48b0-87f9-a2babb6496c3'),
	('Unique1414886f-0816-4ff7-965a-204e48b088c3', '', 'Dragonslayer Dirge Cailiocht Gloves', '', '', 51, 50000, 50000, 0, 50000, 50000, 100, 102, 19, 0, 0, 37, 22, 16, 0, 0, 0, 4098, 5, 35, 5, 5, 40, 5, 5, 6, 5, 0, 0, 0, 0, 12, 18, 10, 15, 195, 196, 190, 0, 0, 0, 0, 0, 0, 0, 0, 0, 0, 0, 0, 31001, 40006, 0, 0, 0, 1, 1, 1, 1, 0, 1, 0, 1, 0, '0', 0, 38, 50, '', 'Non Public', '', 0, '2020-11-27 01:40:15', 'Unique1414886f-0816-4ff7-965a-204e48b088c3'),
	('Unique3078b653-edcc-4898-9a7f-1b1ce9bc0757', '', 'Dragonslayer Padded Full Helm', '', '', 51, 50000, 50000, 0, 50000, 50000, 100, 51, 0, 0, 0, 32, 21, 48, 0, 0, 8, 4070, 0, 35, 22, 6, 6, 40, 6, 40, 5, 0, 0, 0, 0, 3, 16, 11, 10, 14, 210, 148, 0, 0, 0, 0, 0, 0, 0, 0, 0, 0, 0, 0, 31001, 40006, 0, 0, 0, 1, 1, 1, 1, 0, 1, 0, 1, 0, '0', 0, 38, 50, '', 'Non Public', '', 0, '2020-11-26 23:10:21', 'Unique3078b653-edcc-4898-9a7f-1b1ce9bc0757'),
	('Unique34c6a971-0b2a-442f-87d6-48674dff592e', '', 'Dragonslayer Osnadurtha Gauntlets', '', '', 51, 50000, 50000, 0, 50000, 50000, 100, 102, 27, 0, 0, 38, 22, 16, 0, 0, 32, 4092, 5, 35, 5, 5, 5, 45, 3, 10, 45, 0, 0, 0, 0, 12, 18, 15, 10, 164, 148, 210, 0, 0, 0, 0, 0, 0, 0, 0, 0, 0, 0, 0, 31001, 40006, 0, 0, 0, 1, 1, 1, 1, 0, 1, 0, 1, 0, '0', 0, 38, 50, '', 'Non Public', '', 0, '2020-11-27 03:30:25', 'Unique34c6a971-0b2a-442f-87d6-48674dff592e'),
	('Unique368de243-e4d0-4bce-a233-ec2a5be2ec9f', '', 'Dragonslayer Holy Osnadurtha Arms', '', '', 51, 50000, 50000, 0, 50000, 50000, 100, 102, 27, 0, 0, 38, 28, 16, 0, 0, 48, 4091, 5, 35, 5, 5, 5, 22, 40, 5, 1, 0, 0, 0, 0, 12, 18, 15, 156, 10, 209, 191, 0, 0, 0, 0, 0, 0, 0, 0, 0, 0, 0, 0, 31001, 40006, 0, 0, 0, 1, 1, 1, 1, 0, 1, 0, 1, 0, '0', 0, 34, 50, '', 'Non Public', '', 0, '2020-11-27 03:33:34', 'Unique4c0d00ed-2ea2-400c-8cad-cd69b0af8e4c'),
	('Unique3956c7cd-1f75-4e5a-bc71-4e49afb81dae', '', 'Dragonslayer Osnadurtha Full Helm', '', '', 51, 50000, 50000, 0, 50000, 50000, 100, 102, 27, 0, 0, 38, 21, 16, 0, 0, 32, 4066, 0, 35, 22, 40, 6, 6, 6, 40, 5, 0, 0, 0, 0, 3, 10, 11, 16, 14, 210, 148, 0, 0, 0, 0, 0, 0, 0, 0, 0, 0, 0, 0, 31001, 40006, 0, 0, 0, 1, 1, 1, 1, 0, 1, 0, 1, 0, '0', 0, 38, 50, '', 'Non Public', '', 0, '2020-11-27 05:10:32', 'Unique3956c7cd-1f75-4e5a-bc71-4e49afb81dae'),
	('Unique40c46555-b841-4b01-9b98-f27db32ca22e', '', 'Dragonslayer Dirge Cailiocht Arms', '', '', 51, 50000, 50000, 0, 50000, 50000, 100, 102, 19, 0, 0, 37, 28, 16, 0, 0, 0, 4096, 5, 35, 5, 5, 40, 5, 22, 5, 1, 0, 0, 0, 0, 12, 18, 10, 15, 156, 209, 191, 0, 0, 0, 0, 0, 0, 0, 0, 0, 0, 0, 0, 31001, 40006, 0, 0, 0, 1, 1, 1, 1, 0, 1, 0, 1, 0, '0', 0, 34, 50, '', 'Non Public', '', 0, '2020-11-27 01:40:15', 'Unique40c46555-b841-4b01-9b98-f27db32ca22e'),
	('Unique4755db00-96fc-4e57-ac6f-92e379105bf8', '', 'Dragonslayer Holy Osnadurtha Legs', '', '', 51, 50000, 50000, 0, 50000, 50000, 100, 102, 27, 0, 0, 38, 27, 16, 0, 0, 56, 4090, 5, 35, 22, 40, 5, 5, 5, 1, 5, 0, 0, 0, 0, 2, 10, 12, 18, 15, 191, 202, 0, 0, 0, 0, 0, 0, 0, 0, 0, 0, 0, 0, 31001, 40006, 0, 0, 0, 1, 1, 1, 1, 0, 1, 0, 1, 0, '0', 0, 34, 50, '', 'Non Public', '', 0, '2020-11-27 05:14:35', 'Unique98a70bb1-ddbf-4fb8-bd85-6721106d6003'),
	('Unique625cf23a-7927-41b8-86b7-9d5e9a0dc9b3', '', 'embossed large block shield', '', '', 30, 50000, 50000, 0, 50000, 50000, 85, 102, 30, 0, 3, 42, 11, 43, 0, 0, 41, 2202, 0, 0, 0, 0, 0, 0, 0, 0, 0, 0, 0, 0, 0, 0, 0, 0, 0, 0, 0, 0, 0, 0, 0, 0, 0, 0, 0, 0, 0, 0, 0, 0, 0, 0, 0, 0, 0, 1, 1, 1, 1, 345600, 1, 0, 1, 3, '0', 0, 0, 0, 'Public_DB', '', '', 0, '2020-11-27 05:40:36', 'Uniquef14f57ac-a0a9-4f68-8f5e-9cb05e3ea76a'),
	('Unique776a1c49-af0c-4f93-94b1-ee235f4b959b', '', 'Dragonslayer Defiant Osnadurtha Vest', '', '', 51, 50000, 50000, 0, 50000, 50000, 100, 102, 27, 0, 0, 38, 25, 16, 0, 0, 80, 4089, 5, 35, 15, 15, 5, 5, 5, 4, 4, 4, 4, 0, 0, 1, 4, 12, 18, 15, 173, 198, 200, 153, 0, 0, 0, 0, 0, 0, 0, 0, 0, 0, 31001, 40006, 0, 0, 0, 1, 1, 1, 1, 0, 1, 0, 1, 0, '0', 0, 32, 50, '', 'Non Public', '', 0, '2020-11-27 05:10:33', 'Uniquebb90e920-744e-44e5-9424-61e62f2e29e5'),
	('Unique9770eb4d-e02e-4b81-88f7-91e3f47daebe', '', 'Dragonslayer Osnadurtha Chausses', '', '', 51, 50000, 50000, 0, 50000, 50000, 100, 102, 27, 0, 0, 38, 27, 16, 0, 0, 32, 4090, 5, 35, 22, 40, 5, 5, 5, 5, 1, 0, 0, 0, 0, 3, 10, 12, 18, 15, 203, 155, 0, 0, 0, 0, 0, 0, 0, 0, 0, 0, 0, 0, 31001, 40006, 0, 0, 0, 1, 1, 1, 1, 0, 1, 0, 1, 0, '0', 0, 34, 50, '', 'Non Public', '', 0, '2020-11-27 04:10:28', 'Unique9770eb4d-e02e-4b81-88f7-91e3f47daebe'),
	('Unique9795adec-8641-44fc-83bf-7e3bfb096d74', '', 'Molvik Sword', '', '', 39, 50000, 50000, 0, 50000, 50000, 99, 135, 37, 0, 0, 3, 10, 67, 0, 0, 13, 3835, 0, 15, 2, 10, 6, 4, 0, 0, 0, 0, 0, 0, 0, 164, 4, 1, 204, 0, 0, 0, 0, 0, 0, 0, 0, 0, 0, 0, 0, 0, 0, 10, 900015, 0, 0, 0, 0, 1, 1, 0, 1, 55, 1, 0, 1, 1, '0', 0, 22, 1, '', '', '', 0, '2020-11-26 21:14:57', 'Unique85b613ef-74d2-46e8-a634-09a5ddca879b'),
	('Uniquea1179b3f-a95c-4e8f-a5a0-3a46f21f7412', '', 'Dragonslayer Dirge Cailiocht Boots', '', '', 51, 50000, 50000, 0, 50000, 50000, 100, 102, 19, 0, 0, 37, 23, 16, 0, 0, 0, 4097, 5, 35, 18, 6, 6, 6, 18, 6, 0, 0, 0, 0, 0, 2, 13, 17, 19, 156, 196, 0, 0, 0, 0, 0, 0, 0, 0, 0, 0, 0, 0, 0, 31001, 40006, 0, 0, 0, 1, 1, 1, 1, 0, 1, 0, 1, 0, '0', 0, 37, 50, '', 'Non Public', '', 0, '2020-11-27 01:40:15', 'Uniquea1179b3f-a95c-4e8f-a5a0-3a46f21f7412'),
	('Uniquea11ca052-c071-4479-b65b-c416ca424968', '', 'Dragonslayer Osnadurtha Vambraces', '', '', 51, 50000, 50000, 0, 50000, 50000, 100, 102, 27, 0, 0, 38, 28, 16, 0, 0, 48, 4091, 5, 35, 22, 40, 5, 5, 5, 1, 0, 0, 0, 0, 0, 1, 10, 12, 18, 201, 155, 0, 0, 0, 0, 0, 0, 0, 0, 0, 0, 0, 0, 0, 31001, 40006, 0, 0, 0, 1, 1, 1, 1, 0, 1, 0, 1, 0, '0', 0, 34, 50, '', 'Non Public', '', 0, '2020-11-27 05:30:34', 'Uniquea11ca052-c071-4479-b65b-c416ca424968'),
	('Uniqueb12729e4-4dcd-4c82-83db-e074767562b6', '', 'Dragonslayer Holy Osnadurtha Gloves', '', '', 51, 50000, 50000, 0, 50000, 50000, 100, 102, 27, 0, 0, 38, 22, 16, 0, 0, 32, 4092, 5, 35, 40, 5, 5, 5, 5, 5, 6, 0, 0, 0, 0, 10, 12, 18, 15, 190, 195, 196, 0, 0, 0, 0, 0, 0, 0, 0, 0, 0, 0, 0, 31001, 40006, 0, 0, 0, 1, 1, 1, 1, 0, 1, 0, 1, 0, '0', 0, 38, 50, '', 'Non Public', '', 0, '2020-11-27 03:33:48', 'Unique94b37db6-5cb9-4a94-aa45-5e28ab73a007'),
	('Uniqueb1cecbc2-33a9-4914-9092-fb9a0be3e27c', '', 'Dragonslayer Padded Breeches', '', '', 51, 50000, 50000, 0, 50000, 50000, 100, 51, 0, 0, 0, 32, 27, 48, 0, 0, 10, 4047, 5, 35, 22, 5, 5, 40, 5, 5, 1, 0, 0, 0, 0, 2, 12, 18, 10, 15, 202, 191, 0, 0, 0, 0, 0, 0, 0, 0, 0, 0, 0, 0, 31001, 40006, 0, 0, 0, 1, 1, 1, 1, 0, 1, 0, 1, 2, '0', 0, 34, 50, '', 'Non Public', '', 0, '2020-11-26 23:10:21', 'Uniqueb1cecbc2-33a9-4914-9092-fb9a0be3e27c'),
	('Uniquebbd91a5f-f01f-4bb8-9cbf-81b638ef9a97', '', 'Dragonslayer Dirge Cailiocht Legs', '', '', 51, 50000, 50000, 0, 50000, 50000, 100, 102, 19, 0, 0, 37, 27, 16, 0, 0, 0, 4095, 5, 35, 22, 5, 5, 40, 5, 1, 5, 0, 0, 0, 0, 2, 12, 18, 10, 15, 191, 202, 0, 0, 0, 0, 0, 0, 0, 0, 0, 0, 0, 0, 31001, 40006, 0, 0, 0, 1, 1, 1, 1, 0, 1, 0, 1, 0, '0', 0, 34, 50, '', 'Non Public', '', 0, '2020-11-27 01:40:15', 'Uniquebbd91a5f-f01f-4bb8-9cbf-81b638ef9a97'),
	('Uniquec2d63f64-c3c4-4903-a349-349751ac3aa2', '', 'Richly Designed Kite Shield', '', '', 14, 50000, 50000, 0, 50000, 50000, 80, 54, 43, 2, 2, 42, 11, 43, 0, 0, 35, 2202, 0, 0, 0, 0, 0, 0, 0, 0, 0, 0, 0, 0, 0, 0, 0, 0, 0, 0, 0, 0, 0, 0, 0, 0, 0, 0, 0, 0, 0, 0, 0, 0, 0, 0, 0, 0, 0, 1, 1, 0, 0, 10400, 1, 0, 1, 3, '0', 0, 0, 0, 'Public_DB', '', '', 0, '2020-11-27 03:30:05', 'Unique552b548d-83e6-4cb8-8f39-6b971440e297'),
	('Uniquec2d8db44-8c86-42db-9d31-fb5c90c907d9', '', 'Dragonslayer Padded Robes', '', '', 51, 50000, 50000, 0, 50000, 50000, 100, 51, 0, 0, 0, 32, 25, 48, 0, 0, 15, 4051, 5, 35, 22, 5, 5, 5, 22, 5, 5, 5, 0, 0, 0, 2, 12, 15, 18, 156, 202, 209, 191, 0, 0, 0, 0, 0, 0, 0, 0, 0, 0, 0, 31001, 40006, 0, 0, 0, 1, 1, 1, 1, 0, 1, 0, 1, 0, '0', 0, 42, 50, '', 'Non Public', '', 0, '2020-11-26 23:10:21', 'Uniquec2d8db44-8c86-42db-9d31-fb5c90c907d9'),
	('Uniquec4a63b65-aa11-4c75-aa51-e7d66e2e27d4', '', 'Dragonslayer Osnadurtha Boots', '', '', 51, 50000, 50000, 0, 50000, 50000, 100, 102, 27, 0, 0, 38, 23, 16, 0, 0, 32, 4093, 5, 35, 18, 18, 6, 6, 6, 6, 0, 0, 0, 0, 0, 1, 3, 13, 17, 19, 194, 0, 0, 0, 0, 0, 0, 0, 0, 0, 0, 0, 0, 0, 31001, 40006, 0, 0, 0, 1, 1, 1, 1, 0, 1, 0, 1, 0, '0', 0, 37, 50, '', 'Non Public', '', 0, '2020-11-27 03:33:43', 'Unique362b6559-1320-4bfb-b741-7e0bb7a13aac'),
	('Uniquecffd3958-a70e-43ac-b3b6-273705ce11eb', '', 'Dragonslayer Padded Slippers', '', '', 51, 50000, 50000, 0, 50000, 50000, 100, 51, 0, 0, 0, 32, 23, 16, 0, 0, 8, 4050, 5, 35, 18, 6, 6, 6, 18, 6, 0, 0, 0, 0, 0, 2, 13, 17, 19, 156, 196, 0, 0, 0, 0, 0, 0, 0, 0, 0, 0, 0, 0, 0, 31001, 40006, 0, 0, 0, 1, 1, 1, 1, 0, 1, 0, 1, 0, '0', 0, 37, 50, '', 'Non Public', '', 0, '2020-11-26 23:10:21', 'Uniquecffd3958-a70e-43ac-b3b6-273705ce11eb'),
	('Uniquedc8a7c28-b82b-43d9-b9da-450ecfe0fc58', '', 'Dragonslayer Dirge Cailiocht Jerkin', '', '', 51, 50000, 50000, 0, 50000, 50000, 100, 102, 19, 0, 0, 37, 25, 16, 0, 0, 0, 4094, 5, 35, 22, 5, 5, 5, 22, 5, 2, 5, 0, 0, 0, 2, 12, 18, 15, 156, 202, 191, 209, 0, 0, 0, 0, 0, 0, 0, 0, 0, 0, 0, 31001, 40006, 0, 0, 0, 1, 1, 1, 1, 0, 1, 0, 1, 0, '0', 0, 42, 50, '', 'Non Public', '', 0, '2020-11-27 02:16:35', 'Uniquedc8a7c28-b82b-43d9-b9da-450ecfe0fc58'),
	('Uniquede5bde67-61d7-4245-ae74-edc0754a5d22', '', 'Dragonslayer Osnadurtha Full Helm', '', '', 51, 50000, 50000, 0, 50000, 50000, 100, 102, 27, 0, 0, 38, 21, 16, 0, 0, 32, 4066, 0, 35, 22, 40, 6, 6, 6, 40, 5, 0, 0, 0, 0, 3, 10, 11, 16, 14, 210, 148, 0, 0, 0, 0, 0, 0, 0, 0, 0, 0, 0, 0, 31001, 40006, 0, 0, 0, 1, 1, 1, 1, 0, 1, 0, 1, 0, '0', 0, 38, 50, '', 'Non Public', '', 0, '2020-11-27 03:33:54', 'Unique16f3f881-17d6-4c98-aa70-6f213f0dc97a'),
	('Unique_01d57f24-a663-46bd-aedd-0ab91bd70090', '', 'Molvik Chain Helm', '', '', 39, 50000, 50000, 0, 50000, 50000, 99, 82, 27, 0, 0, 37, 21, 73, 0, 796, 8, 4600, 0, 15, 21, 6, 6, 7, 0, 0, 0, 0, 0, 0, 0, 1, 3, 18, 16, 0, 0, 0, 0, 0, 0, 0, 0, 0, 0, 0, 0, 0, 0, 5, 65533, 0, 0, 0, 0, 1, 1, 0, 1, 50, 1, 0, 1, 0, '0', 0, 22, 1, 'Public_DB', '', '', 0, '2020-11-27 04:00:27', 'Unique_01d57f24-a663-46bd-aedd-0ab91bd70090'),
	('Unique_df901742-89eb-43ae-b06d-d4fb08b51dc2', '', 'Dragonslayer Hero Warblade', '', '', 51, 50000, 50000, 0, 50000, 50000, 100, 165, 56, 1, 2, 22, 12, 43, 0, 24, 25, 3878, 0, 35, 4, 9, 9, 9, 3, 3, 3, 6, 0, 0, 0, 75, 1, 2, 4, 155, 173, 200, 201, 0, 0, 0, 0, 32176, 10, 10, 0, 0, 0, 0, 32177, 32170, 0, 0, 0, 1, 1, 1, 0, 2500, 1, 0, 1, 0, '0', 0, 0, 0, 'dolpubdb', '', '', 0, '2020-11-27 05:43:43', '5acd01a4-022d-42db-a0b6-2c47ab9709a7');
/*!40000 ALTER TABLE `itemunique` ENABLE KEYS */;

-- Dumping structure for table soidaoc.playerboats
DROP TABLE IF EXISTS `playerboats`;
CREATE TABLE IF NOT EXISTS `playerboats` (
  `BoatID` text NOT NULL,
  `BoatOwner` text NOT NULL,
  `BoatName` varchar(255) NOT NULL,
  `BoatModel` smallint(5) unsigned NOT NULL DEFAULT 0,
  `BoatMaxSpeedBase` smallint(6) NOT NULL DEFAULT 0,
  `LastTimeRowUpdated` datetime NOT NULL DEFAULT '2000-01-01 00:00:00',
  `PlayerBoats_ID` varchar(255) DEFAULT NULL,
  PRIMARY KEY (`BoatName`),
  UNIQUE KEY `U_PlayerBoats_PlayerBoats_ID` (`PlayerBoats_ID`)
) ENGINE=InnoDB DEFAULT CHARSET=utf8;

-- Dumping data for table soidaoc.playerboats: ~0 rows (approximately)
DELETE FROM `playerboats`;
/*!40000 ALTER TABLE `playerboats` DISABLE KEYS */;
/*!40000 ALTER TABLE `playerboats` ENABLE KEYS */;

-- Dumping structure for table soidaoc.playerinfo
DROP TABLE IF EXISTS `playerinfo`;
CREATE TABLE IF NOT EXISTS `playerinfo` (
  `Name` text DEFAULT NULL,
  `LastName` text DEFAULT NULL,
  `Guild` text DEFAULT NULL,
  `Race` text DEFAULT NULL,
  `Class` text DEFAULT NULL,
  `Alive` text DEFAULT NULL,
  `Realm` text DEFAULT NULL,
  `Region` text DEFAULT NULL,
  `Level` int(11) DEFAULT NULL,
  `X` int(11) DEFAULT NULL,
  `Y` int(11) DEFAULT NULL,
  `LastTimeRowUpdated` datetime NOT NULL DEFAULT '2000-01-01 00:00:00',
  `PlayerInfo_ID` varchar(255) NOT NULL,
  PRIMARY KEY (`PlayerInfo_ID`)
) ENGINE=InnoDB DEFAULT CHARSET=utf8;

-- Dumping data for table soidaoc.playerinfo: ~0 rows (approximately)
DELETE FROM `playerinfo`;
/*!40000 ALTER TABLE `playerinfo` DISABLE KEYS */;
/*!40000 ALTER TABLE `playerinfo` ENABLE KEYS */;

-- Dumping structure for table soidaoc.playerxeffect
DROP TABLE IF EXISTS `playerxeffect`;
CREATE TABLE IF NOT EXISTS `playerxeffect` (
  `IsHandler` tinyint(1) DEFAULT NULL,
  `Var6` int(11) DEFAULT NULL,
  `Var5` int(11) DEFAULT NULL,
  `Var4` int(11) DEFAULT NULL,
  `Var3` int(11) DEFAULT NULL,
  `Var2` int(11) DEFAULT NULL,
  `Var1` int(11) DEFAULT NULL,
  `Duration` int(11) DEFAULT NULL,
  `EffectType` text DEFAULT NULL,
  `SpellLine` text DEFAULT NULL,
  `ChardID` varchar(255) DEFAULT NULL,
  `LastTimeRowUpdated` datetime NOT NULL DEFAULT '2000-01-01 00:00:00',
  `PlayerXEffect_ID` varchar(255) NOT NULL,
  PRIMARY KEY (`PlayerXEffect_ID`),
  KEY `I_PlayerXEffect_ChardID` (`ChardID`)
) ENGINE=InnoDB DEFAULT CHARSET=utf8;

-- Dumping data for table soidaoc.playerxeffect: ~29 rows (approximately)
DELETE FROM `playerxeffect`;
/*!40000 ALTER TABLE `playerxeffect` DISABLE KEYS */;
INSERT INTO `playerxeffect` (`IsHandler`, `Var6`, `Var5`, `Var4`, `Var3`, `Var2`, `Var1`, `Duration`, `EffectType`, `SpellLine`, `ChardID`, `LastTimeRowUpdated`, `PlayerXEffect_ID`) VALUES
	(1, 0, 0, 0, 0, 18, 1738, 812356, NULL, 'Friar Enhancement Spec', 'c8bc16b1-49a1-49d6-b1e6-f8cac1c21e9a', '2020-11-27 00:16:45', '1545d454-8ba7-4e4f-bc83-fb58eac97f13'),
	(1, 0, 0, 0, 0, 30, 2000008, 60084840, NULL, 'MerchSpecSpellLine', 'a8ed5d46-1e72-4581-a1e8-1fee8bb5672b', '2020-11-27 05:43:21', '1d6a08d2-b0b8-4a25-80f9-d0d366ffe211'),
	(1, 0, 0, 0, 0, 50, 31122, 569289, NULL, 'Bard Music Spec', '642d135a-2b33-4114-8a27-33cea066fdfb', '2020-11-27 05:17:39', '24a24767-226f-4d8e-a081-fd1c0f42a433'),
	(1, 0, 0, 0, 0, 32, 63373, 515177, NULL, 'Nurture Warden Spec', 'a8ed5d46-1e72-4581-a1e8-1fee8bb5672b', '2020-11-27 05:43:21', '2b1753d7-1372-45c3-bb83-735fe13b750c'),
	(1, 0, 0, 0, 0, 30, 2000008, 65185138, NULL, 'MerchSpecSpellLine', '642d135a-2b33-4114-8a27-33cea066fdfb', '2020-11-27 05:17:39', '2d980571-083b-4d8e-b77b-2996a4d5fbe5'),
	(1, 0, 0, 0, 0, 32, 63373, 515271, NULL, 'Nurture Warden Spec', '8fa4b5ae-31fb-46d3-a904-da0f80632bdc', '2020-11-27 05:43:21', '3bf590b1-49ac-4f1c-a945-bdd5b3d12bd0'),
	(1, 0, 0, 0, 0, 31, 5006, 0, NULL, 'Nurture', 'b0d1bbe4-55ee-457f-9b6d-a7ccf0b2433f', '2020-11-26 21:24:00', '4034bd19-1155-49a4-983f-3ce858ecac3f'),
	(1, 0, 0, 0, 0, 4, 5162, 8794, NULL, 'Bard Nurture Spec', '51eca924-c1a6-455b-bef2-81291fa11abd', '2020-11-27 03:06:32', '43c0e7d1-495f-4d6a-b474-e0881bd34f7d'),
	(1, 0, 0, 0, 0, 31, 1715, 216268, NULL, 'Friar Enhancement Spec', 'c8bc16b1-49a1-49d6-b1e6-f8cac1c21e9a', '2020-11-27 00:16:45', '4bc438af-31c2-41db-9c2c-7f336fe2fc79'),
	(1, 0, 0, 0, 0, 3, 1081, 633018, NULL, 'Chants', '6791c867-0b4d-42c1-aec0-8f2d6507e17f', '2020-11-26 18:52:21', '4d65e720-5345-4851-93ed-96031f48c4a3'),
	(1, 0, 0, 0, 0, 30, 2000008, 61671436, NULL, 'MerchSpecSpellLine', 'bb62869a-62df-431c-963a-1f3364119fc2', '2020-11-26 19:59:50', '4f45852b-cd3b-4703-ad35-c36f200ea362'),
	(1, 0, 0, 0, 0, 4, 14928, 561410, NULL, 'Bard Nurture Spec', '642d135a-2b33-4114-8a27-33cea066fdfb', '2020-11-27 05:17:39', '60f5627f-997c-4f03-9357-fb96e67cdec4'),
	(1, 0, 0, 0, 0, 200, 40006, 557191, NULL, 'Item Effects', 'a8ed5d46-1e72-4581-a1e8-1fee8bb5672b', '2020-11-27 05:43:21', '65d5f77a-7895-4830-b1bd-4d1fc20e16b0'),
	(1, 0, 0, 0, 0, 24, 1733, 810390, NULL, 'Friar Enhancement Spec', 'c8bc16b1-49a1-49d6-b1e6-f8cac1c21e9a', '2020-11-27 00:16:45', '6a25998d-78ac-4c1e-983f-8deaf26b2fa2'),
	(1, 0, 0, 0, 0, 30, 2000008, 64844682, NULL, 'MerchSpecSpellLine', '4637c4a3-acca-40b1-84c9-22dfaf5f0340', '2020-11-27 05:17:40', '6cca7d32-2276-49a8-84ea-7f08592c33c8'),
	(1, 0, 0, 0, 0, 18, 1735, 814322, NULL, 'Friar Enhancement Spec', 'c8bc16b1-49a1-49d6-b1e6-f8cac1c21e9a', '2020-11-27 00:16:45', '77adc8d1-7934-44b3-9cd0-5c4aa3a6b8df'),
	(1, 0, 0, 0, 0, 0, 10304, 193823, NULL, 'Mob Spells', '4e6a6400-e762-4626-bcec-ca0e9b29038e', '2020-11-26 23:10:45', '7fcd052d-8db3-4444-82bf-c554715c97f0'),
	(1, 0, 0, 0, 0, 22, 1002, 239797, NULL, 'Chants', '6791c867-0b4d-42c1-aec0-8f2d6507e17f', '2020-11-26 18:52:21', '822838f0-c82d-493e-8986-6a7ce20b769e'),
	(1, 0, 0, 0, 0, 30, 2000008, 60083171, NULL, 'MerchSpecSpellLine', '8fa4b5ae-31fb-46d3-a904-da0f80632bdc', '2020-11-27 05:43:21', '85c31411-6c72-49da-a135-fd3aeffd7142'),
	(1, 0, 0, 0, 0, 30, 2000008, 64411645, NULL, 'MerchSpecSpellLine', '6791c867-0b4d-42c1-aec0-8f2d6507e17f', '2020-11-26 18:52:21', '8cec3a5b-6131-4280-9c38-19ea676f476b'),
	(1, 0, 0, 0, 0, 18, 1742, 220220, NULL, 'Friar Enhancement Spec', 'c8bc16b1-49a1-49d6-b1e6-f8cac1c21e9a', '2020-11-27 00:16:45', '9324fcdb-f9b0-4f19-8d2c-bd32f437ab8a'),
	(1, 0, 0, 0, 0, 0, 3602, 2536, NULL, 'Battlesongs', 'bb62869a-62df-431c-963a-1f3364119fc2', '2020-11-26 19:59:50', '9c360049-5839-40b0-8d17-da00e17727ce'),
	(1, 0, 0, 0, 0, 30, 2000008, 44827405, NULL, 'MerchSpecSpellLine', '80ae59ea-4613-4ddf-9dc3-ae7c11da7b98', '2020-11-27 00:40:08', 'a740a47e-dc7b-4f05-a5ec-c12144ae5a01'),
	(1, 0, 0, 0, 0, 30, 2000008, 60761954, NULL, 'MerchSpecSpellLine', 'c8bc16b1-49a1-49d6-b1e6-f8cac1c21e9a', '2020-11-27 00:16:45', 'acb881af-083b-496d-8cc4-8dd8a1699e3a'),
	(1, 0, 0, 0, 0, 7, 5165, 7458, NULL, 'Bard Nurture Spec', '642d135a-2b33-4114-8a27-33cea066fdfb', '2020-11-27 05:17:39', 'c8e3d682-7959-4fec-9079-0fc2940dbcc7'),
	(1, 0, 0, 0, 0, 30, 2000008, 64543888, NULL, 'MerchSpecSpellLine', '56935216-4a0d-4b82-8bbd-0360b42da9e9', '2020-11-26 20:00:30', 'cd84692d-2741-4774-b7b5-0a8841f2e4ca'),
	(1, 0, 0, 0, 0, 26, 4972, 9987, NULL, 'Regrowth Bard Spec', '642d135a-2b33-4114-8a27-33cea066fdfb', '2020-11-27 05:17:39', 'd8345f88-55a6-4692-906e-899afed74f36'),
	(1, 0, 0, 0, 0, 30, 2000008, 63577076, NULL, 'MerchSpecSpellLine', '51eca924-c1a6-455b-bef2-81291fa11abd', '2020-11-27 03:06:32', 'fa182f13-d36d-48b6-b394-8b06a159b313'),
	(1, 0, 0, 0, 0, 30, 2000008, 61765840, NULL, 'MerchSpecSpellLine', 'b0d1bbe4-55ee-457f-9b6d-a7ccf0b2433f', '2020-11-26 21:24:00', 'fef30c69-8686-442e-829d-c4e4032cf4da');
/*!40000 ALTER TABLE `playerxeffect` ENABLE KEYS */;

/*!40101 SET SQL_MODE=IFNULL(@OLD_SQL_MODE, '') */;
/*!40014 SET FOREIGN_KEY_CHECKS=IF(@OLD_FOREIGN_KEY_CHECKS IS NULL, 1, @OLD_FOREIGN_KEY_CHECKS) */;
/*!40101 SET CHARACTER_SET_CLIENT=@OLD_CHARACTER_SET_CLIENT */;
